2026-01-03 00:33:05.281 +05:30 [INF] EmailConsumerService is starting.
2026-01-03 00:33:05.641 +05:30 [INF] Successfully connected to RabbitMQ and declared queue: email_queue
2026-01-03 00:33:05.644 +05:30 [INF] EmailConsumerService is now listening for messages on queue: email_queue
2026-01-03 00:33:05.650 +05:30 [INF] Application started. Press Ctrl+C to shut down.
2026-01-03 00:33:05.650 +05:30 [INF] Hosting environment: Development
2026-01-03 00:33:05.650 +05:30 [INF] Content root path: D:\estudy2\AI_Generated\estudy\api\EmailWorkerService
2026-01-03 00:33:11.198 +05:30 [INF] Received message: {"To":"vishal_varshney@hotmail.com","Subject":"Password reset request","Body":"Click the link to reset your password: \u003Ca href=\u0022https://localhost:5001/api/Auth/reset?token=46cd811230fe41f897e99f87cdb7e439\u0022\u003Ehttps://localhost:5001/api/Auth/reset?token=46cd811230fe41f897e99f87cdb7e439\u003C/a\u003E"}
2026-01-03 00:33:13.251 +05:30 [ERR] Failed to send email via SMTP
MailKit.Net.Smtp.SmtpProtocolException: The SMTP server has unexpectedly disconnected: Authentication failed: The provided authorization grant is invalid, expired, or revoked
   at MailKit.Net.Smtp.SmtpStream.ReadAheadAsync(CancellationToken cancellationToken)
   at MailKit.Net.Smtp.SmtpStream.ReadResponseAsync(CancellationToken cancellationToken)
   at MailKit.Net.Smtp.SmtpStream.SendCommandAsync(String command, CancellationToken cancellationToken)
   at MailKit.Net.Smtp.SmtpClient.SendCommandInternalAsync(String command, CancellationToken cancellationToken)
   at MailKit.Net.Smtp.SmtpClient.AuthenticateAsync(Encoding encoding, ICredentials credentials, CancellationToken cancellationToken)
   at EmailWorkerService.EmailConsumerService.SendEmail(EmailNotification email) in D:\estudy2\AI_Generated\estudy\api\EmailWorkerService\EmailConsumerService.cs:line 165
2026-01-03 00:33:13.501 +05:30 [ERR] Error processing message
MailKit.Net.Smtp.SmtpProtocolException: The SMTP server has unexpectedly disconnected: Authentication failed: The provided authorization grant is invalid, expired, or revoked
   at MailKit.Net.Smtp.SmtpStream.ReadAheadAsync(CancellationToken cancellationToken)
   at MailKit.Net.Smtp.SmtpStream.ReadResponseAsync(CancellationToken cancellationToken)
   at MailKit.Net.Smtp.SmtpStream.SendCommandAsync(String command, CancellationToken cancellationToken)
   at MailKit.Net.Smtp.SmtpClient.SendCommandInternalAsync(String command, CancellationToken cancellationToken)
   at MailKit.Net.Smtp.SmtpClient.AuthenticateAsync(Encoding encoding, ICredentials credentials, CancellationToken cancellationToken)
   at EmailWorkerService.EmailConsumerService.SendEmail(EmailNotification email) in D:\estudy2\AI_Generated\estudy\api\EmailWorkerService\EmailConsumerService.cs:line 165
   at EmailWorkerService.EmailConsumerService.<ExecuteAsync>b__6_0(Object model, BasicDeliverEventArgs ea) in D:\estudy2\AI_Generated\estudy\api\EmailWorkerService\EmailConsumerService.cs:line 97
2026-01-03 00:33:16.071 +05:30 [INF] Received message: {"To":"vishal_varshney@hotmail.com","Subject":"Password reset request","Body":"Click the link to reset your password: \u003Ca href=\u0022https://localhost:5001/api/Auth/reset?token=ff17e79b693944598d7091ca80b9e795\u0022\u003Ehttps://localhost:5001/api/Auth/reset?token=ff17e79b693944598d7091ca80b9e795\u003C/a\u003E"}
2026-01-03 00:33:17.110 +05:30 [ERR] Failed to send email via SMTP
MailKit.Net.Smtp.SmtpProtocolException: The SMTP server has unexpectedly disconnected: Authentication failed: The provided authorization grant is invalid, expired, or revoked
   at MailKit.Net.Smtp.SmtpStream.ReadAheadAsync(CancellationToken cancellationToken)
   at MailKit.Net.Smtp.SmtpStream.ReadResponseAsync(CancellationToken cancellationToken)
   at MailKit.Net.Smtp.SmtpStream.SendCommandAsync(String command, CancellationToken cancellationToken)
   at MailKit.Net.Smtp.SmtpClient.SendCommandInternalAsync(String command, CancellationToken cancellationToken)
   at MailKit.Net.Smtp.SmtpClient.AuthenticateAsync(Encoding encoding, ICredentials credentials, CancellationToken cancellationToken)
   at EmailWorkerService.EmailConsumerService.SendEmail(EmailNotification email) in D:\estudy2\AI_Generated\estudy\api\EmailWorkerService\EmailConsumerService.cs:line 165
2026-01-03 00:33:17.206 +05:30 [ERR] Error processing message
MailKit.Net.Smtp.SmtpProtocolException: The SMTP server has unexpectedly disconnected: Authentication failed: The provided authorization grant is invalid, expired, or revoked
   at MailKit.Net.Smtp.SmtpStream.ReadAheadAsync(CancellationToken cancellationToken)
   at MailKit.Net.Smtp.SmtpStream.ReadResponseAsync(CancellationToken cancellationToken)
   at MailKit.Net.Smtp.SmtpStream.SendCommandAsync(String command, CancellationToken cancellationToken)
   at MailKit.Net.Smtp.SmtpClient.SendCommandInternalAsync(String command, CancellationToken cancellationToken)
   at MailKit.Net.Smtp.SmtpClient.AuthenticateAsync(Encoding encoding, ICredentials credentials, CancellationToken cancellationToken)
   at EmailWorkerService.EmailConsumerService.SendEmail(EmailNotification email) in D:\estudy2\AI_Generated\estudy\api\EmailWorkerService\EmailConsumerService.cs:line 165
   at EmailWorkerService.EmailConsumerService.<ExecuteAsync>b__6_0(Object model, BasicDeliverEventArgs ea) in D:\estudy2\AI_Generated\estudy\api\EmailWorkerService\EmailConsumerService.cs:line 97
2026-01-03 00:33:18.279 +05:30 [INF] Received message: {"To":"vishal_varshney@hotmail.com","Subject":"Password reset request","Body":"Click the link to reset your password: \u003Ca href=\u0022https://localhost:5001/api/Auth/reset?token=96aeb82bec604da2a58662c6d40f4635\u0022\u003Ehttps://localhost:5001/api/Auth/reset?token=96aeb82bec604da2a58662c6d40f4635\u003C/a\u003E"}
2026-01-03 00:33:19.168 +05:30 [ERR] Failed to send email via SMTP
MailKit.Net.Smtp.SmtpProtocolException: The SMTP server has unexpectedly disconnected: Authentication failed: The provided authorization grant is invalid, expired, or revoked
   at MailKit.Net.Smtp.SmtpStream.ReadAheadAsync(CancellationToken cancellationToken)
   at MailKit.Net.Smtp.SmtpStream.ReadResponseAsync(CancellationToken cancellationToken)
   at MailKit.Net.Smtp.SmtpStream.SendCommandAsync(String command, CancellationToken cancellationToken)
   at MailKit.Net.Smtp.SmtpClient.SendCommandInternalAsync(String command, CancellationToken cancellationToken)
   at MailKit.Net.Smtp.SmtpClient.AuthenticateAsync(Encoding encoding, ICredentials credentials, CancellationToken cancellationToken)
   at EmailWorkerService.EmailConsumerService.SendEmail(EmailNotification email) in D:\estudy2\AI_Generated\estudy\api\EmailWorkerService\EmailConsumerService.cs:line 165
2026-01-03 00:33:19.232 +05:30 [ERR] Error processing message
MailKit.Net.Smtp.SmtpProtocolException: The SMTP server has unexpectedly disconnected: Authentication failed: The provided authorization grant is invalid, expired, or revoked
   at MailKit.Net.Smtp.SmtpStream.ReadAheadAsync(CancellationToken cancellationToken)
   at MailKit.Net.Smtp.SmtpStream.ReadResponseAsync(CancellationToken cancellationToken)
   at MailKit.Net.Smtp.SmtpStream.SendCommandAsync(String command, CancellationToken cancellationToken)
   at MailKit.Net.Smtp.SmtpClient.SendCommandInternalAsync(String command, CancellationToken cancellationToken)
   at MailKit.Net.Smtp.SmtpClient.AuthenticateAsync(Encoding encoding, ICredentials credentials, CancellationToken cancellationToken)
   at EmailWorkerService.EmailConsumerService.SendEmail(EmailNotification email) in D:\estudy2\AI_Generated\estudy\api\EmailWorkerService\EmailConsumerService.cs:line 165
   at EmailWorkerService.EmailConsumerService.<ExecuteAsync>b__6_0(Object model, BasicDeliverEventArgs ea) in D:\estudy2\AI_Generated\estudy\api\EmailWorkerService\EmailConsumerService.cs:line 97
2026-01-03 00:33:21.684 +05:30 [INF] Received message: {"To":"vishal_varshney@hotmail.com","Subject":"Password reset request","Body":"Click the link to reset your password: \u003Ca href=\u0022https://localhost:5001/api/Auth/reset?token=46cd811230fe41f897e99f87cdb7e439\u0022\u003Ehttps://localhost:5001/api/Auth/reset?token=46cd811230fe41f897e99f87cdb7e439\u003C/a\u003E"}
2026-01-03 00:33:22.681 +05:30 [ERR] Failed to send email via SMTP
MailKit.Net.Smtp.SmtpProtocolException: The SMTP server has unexpectedly disconnected: Authentication failed: The provided authorization grant is invalid, expired, or revoked
   at MailKit.Net.Smtp.SmtpStream.ReadAheadAsync(CancellationToken cancellationToken)
   at MailKit.Net.Smtp.SmtpStream.ReadResponseAsync(CancellationToken cancellationToken)
   at MailKit.Net.Smtp.SmtpStream.SendCommandAsync(String command, CancellationToken cancellationToken)
   at MailKit.Net.Smtp.SmtpClient.SendCommandInternalAsync(String command, CancellationToken cancellationToken)
   at MailKit.Net.Smtp.SmtpClient.AuthenticateAsync(Encoding encoding, ICredentials credentials, CancellationToken cancellationToken)
   at EmailWorkerService.EmailConsumerService.SendEmail(EmailNotification email) in D:\estudy2\AI_Generated\estudy\api\EmailWorkerService\EmailConsumerService.cs:line 165
2026-01-03 00:33:22.770 +05:30 [ERR] Error processing message
MailKit.Net.Smtp.SmtpProtocolException: The SMTP server has unexpectedly disconnected: Authentication failed: The provided authorization grant is invalid, expired, or revoked
   at MailKit.Net.Smtp.SmtpStream.ReadAheadAsync(CancellationToken cancellationToken)
   at MailKit.Net.Smtp.SmtpStream.ReadResponseAsync(CancellationToken cancellationToken)
   at MailKit.Net.Smtp.SmtpStream.SendCommandAsync(String command, CancellationToken cancellationToken)
   at MailKit.Net.Smtp.SmtpClient.SendCommandInternalAsync(String command, CancellationToken cancellationToken)
   at MailKit.Net.Smtp.SmtpClient.AuthenticateAsync(Encoding encoding, ICredentials credentials, CancellationToken cancellationToken)
   at EmailWorkerService.EmailConsumerService.SendEmail(EmailNotification email) in D:\estudy2\AI_Generated\estudy\api\EmailWorkerService\EmailConsumerService.cs:line 165
   at EmailWorkerService.EmailConsumerService.<ExecuteAsync>b__6_0(Object model, BasicDeliverEventArgs ea) in D:\estudy2\AI_Generated\estudy\api\EmailWorkerService\EmailConsumerService.cs:line 97
2026-01-03 00:33:23.708 +05:30 [INF] Received message: {"To":"vishal_varshney@hotmail.com","Subject":"Password reset request","Body":"Click the link to reset your password: \u003Ca href=\u0022https://localhost:5001/api/Auth/reset?token=ff17e79b693944598d7091ca80b9e795\u0022\u003Ehttps://localhost:5001/api/Auth/reset?token=ff17e79b693944598d7091ca80b9e795\u003C/a\u003E"}
2026-01-03 00:33:24.569 +05:30 [ERR] Failed to send email via SMTP
MailKit.Net.Smtp.SmtpProtocolException: The SMTP server has unexpectedly disconnected: Authentication failed: The provided authorization grant is invalid, expired, or revoked
   at MailKit.Net.Smtp.SmtpStream.ReadAheadAsync(CancellationToken cancellationToken)
   at MailKit.Net.Smtp.SmtpStream.ReadResponseAsync(CancellationToken cancellationToken)
   at MailKit.Net.Smtp.SmtpStream.SendCommandAsync(String command, CancellationToken cancellationToken)
   at MailKit.Net.Smtp.SmtpClient.SendCommandInternalAsync(String command, CancellationToken cancellationToken)
   at MailKit.Net.Smtp.SmtpClient.AuthenticateAsync(Encoding encoding, ICredentials credentials, CancellationToken cancellationToken)
   at EmailWorkerService.EmailConsumerService.SendEmail(EmailNotification email) in D:\estudy2\AI_Generated\estudy\api\EmailWorkerService\EmailConsumerService.cs:line 165
2026-01-03 00:33:24.629 +05:30 [ERR] Error processing message
MailKit.Net.Smtp.SmtpProtocolException: The SMTP server has unexpectedly disconnected: Authentication failed: The provided authorization grant is invalid, expired, or revoked
   at MailKit.Net.Smtp.SmtpStream.ReadAheadAsync(CancellationToken cancellationToken)
   at MailKit.Net.Smtp.SmtpStream.ReadResponseAsync(CancellationToken cancellationToken)
   at MailKit.Net.Smtp.SmtpStream.SendCommandAsync(String command, CancellationToken cancellationToken)
   at MailKit.Net.Smtp.SmtpClient.SendCommandInternalAsync(String command, CancellationToken cancellationToken)
   at MailKit.Net.Smtp.SmtpClient.AuthenticateAsync(Encoding encoding, ICredentials credentials, CancellationToken cancellationToken)
   at EmailWorkerService.EmailConsumerService.SendEmail(EmailNotification email) in D:\estudy2\AI_Generated\estudy\api\EmailWorkerService\EmailConsumerService.cs:line 165
   at EmailWorkerService.EmailConsumerService.<ExecuteAsync>b__6_0(Object model, BasicDeliverEventArgs ea) in D:\estudy2\AI_Generated\estudy\api\EmailWorkerService\EmailConsumerService.cs:line 97
2026-01-03 00:33:29.329 +05:30 [INF] Received message: {"To":"vishal_varshney@hotmail.com","Subject":"Password reset request","Body":"Click the link to reset your password: \u003Ca href=\u0022https://localhost:5001/api/Auth/reset?token=96aeb82bec604da2a58662c6d40f4635\u0022\u003Ehttps://localhost:5001/api/Auth/reset?token=96aeb82bec604da2a58662c6d40f4635\u003C/a\u003E"}
2026-01-03 00:33:30.173 +05:30 [ERR] Failed to send email via SMTP
MailKit.Net.Smtp.SmtpProtocolException: The SMTP server has unexpectedly disconnected: Authentication failed: The provided authorization grant is invalid, expired, or revoked
   at MailKit.Net.Smtp.SmtpStream.ReadAheadAsync(CancellationToken cancellationToken)
   at MailKit.Net.Smtp.SmtpStream.ReadResponseAsync(CancellationToken cancellationToken)
   at MailKit.Net.Smtp.SmtpStream.SendCommandAsync(String command, CancellationToken cancellationToken)
   at MailKit.Net.Smtp.SmtpClient.SendCommandInternalAsync(String command, CancellationToken cancellationToken)
   at MailKit.Net.Smtp.SmtpClient.AuthenticateAsync(Encoding encoding, ICredentials credentials, CancellationToken cancellationToken)
   at EmailWorkerService.EmailConsumerService.SendEmail(EmailNotification email) in D:\estudy2\AI_Generated\estudy\api\EmailWorkerService\EmailConsumerService.cs:line 165
2026-01-03 00:33:30.237 +05:30 [ERR] Error processing message
MailKit.Net.Smtp.SmtpProtocolException: The SMTP server has unexpectedly disconnected: Authentication failed: The provided authorization grant is invalid, expired, or revoked
   at MailKit.Net.Smtp.SmtpStream.ReadAheadAsync(CancellationToken cancellationToken)
   at MailKit.Net.Smtp.SmtpStream.ReadResponseAsync(CancellationToken cancellationToken)
   at MailKit.Net.Smtp.SmtpStream.SendCommandAsync(String command, CancellationToken cancellationToken)
   at MailKit.Net.Smtp.SmtpClient.SendCommandInternalAsync(String command, CancellationToken cancellationToken)
   at MailKit.Net.Smtp.SmtpClient.AuthenticateAsync(Encoding encoding, ICredentials credentials, CancellationToken cancellationToken)
   at EmailWorkerService.EmailConsumerService.SendEmail(EmailNotification email) in D:\estudy2\AI_Generated\estudy\api\EmailWorkerService\EmailConsumerService.cs:line 165
   at EmailWorkerService.EmailConsumerService.<ExecuteAsync>b__6_0(Object model, BasicDeliverEventArgs ea) in D:\estudy2\AI_Generated\estudy\api\EmailWorkerService\EmailConsumerService.cs:line 97
2026-01-03 00:33:30.238 +05:30 [INF] Received message: {"To":"vishal_varshney@hotmail.com","Subject":"Password reset request","Body":"Click the link to reset your password: \u003Ca href=\u0022https://localhost:5001/api/Auth/reset?token=46cd811230fe41f897e99f87cdb7e439\u0022\u003Ehttps://localhost:5001/api/Auth/reset?token=46cd811230fe41f897e99f87cdb7e439\u003C/a\u003E"}
2026-01-03 00:33:31.123 +05:30 [ERR] Failed to send email via SMTP
MailKit.Net.Smtp.SmtpProtocolException: The SMTP server has unexpectedly disconnected: Authentication failed: The provided authorization grant is invalid, expired, or revoked
   at MailKit.Net.Smtp.SmtpStream.ReadAheadAsync(CancellationToken cancellationToken)
   at MailKit.Net.Smtp.SmtpStream.ReadResponseAsync(CancellationToken cancellationToken)
   at MailKit.Net.Smtp.SmtpStream.SendCommandAsync(String command, CancellationToken cancellationToken)
   at MailKit.Net.Smtp.SmtpClient.SendCommandInternalAsync(String command, CancellationToken cancellationToken)
   at MailKit.Net.Smtp.SmtpClient.AuthenticateAsync(Encoding encoding, ICredentials credentials, CancellationToken cancellationToken)
   at EmailWorkerService.EmailConsumerService.SendEmail(EmailNotification email) in D:\estudy2\AI_Generated\estudy\api\EmailWorkerService\EmailConsumerService.cs:line 165
2026-01-03 00:33:31.181 +05:30 [ERR] Error processing message
MailKit.Net.Smtp.SmtpProtocolException: The SMTP server has unexpectedly disconnected: Authentication failed: The provided authorization grant is invalid, expired, or revoked
   at MailKit.Net.Smtp.SmtpStream.ReadAheadAsync(CancellationToken cancellationToken)
   at MailKit.Net.Smtp.SmtpStream.ReadResponseAsync(CancellationToken cancellationToken)
   at MailKit.Net.Smtp.SmtpStream.SendCommandAsync(String command, CancellationToken cancellationToken)
   at MailKit.Net.Smtp.SmtpClient.SendCommandInternalAsync(String command, CancellationToken cancellationToken)
   at MailKit.Net.Smtp.SmtpClient.AuthenticateAsync(Encoding encoding, ICredentials credentials, CancellationToken cancellationToken)
   at EmailWorkerService.EmailConsumerService.SendEmail(EmailNotification email) in D:\estudy2\AI_Generated\estudy\api\EmailWorkerService\EmailConsumerService.cs:line 165
   at EmailWorkerService.EmailConsumerService.<ExecuteAsync>b__6_0(Object model, BasicDeliverEventArgs ea) in D:\estudy2\AI_Generated\estudy\api\EmailWorkerService\EmailConsumerService.cs:line 97
2026-01-03 00:33:31.182 +05:30 [INF] Received message: {"To":"vishal_varshney@hotmail.com","Subject":"Password reset request","Body":"Click the link to reset your password: \u003Ca href=\u0022https://localhost:5001/api/Auth/reset?token=ff17e79b693944598d7091ca80b9e795\u0022\u003Ehttps://localhost:5001/api/Auth/reset?token=ff17e79b693944598d7091ca80b9e795\u003C/a\u003E"}
2026-01-03 00:33:32.178 +05:30 [ERR] Failed to send email via SMTP
MailKit.Net.Smtp.SmtpProtocolException: The SMTP server has unexpectedly disconnected: Authentication failed: The provided authorization grant is invalid, expired, or revoked
   at MailKit.Net.Smtp.SmtpStream.ReadAheadAsync(CancellationToken cancellationToken)
   at MailKit.Net.Smtp.SmtpStream.ReadResponseAsync(CancellationToken cancellationToken)
   at MailKit.Net.Smtp.SmtpStream.SendCommandAsync(String command, CancellationToken cancellationToken)
   at MailKit.Net.Smtp.SmtpClient.SendCommandInternalAsync(String command, CancellationToken cancellationToken)
   at MailKit.Net.Smtp.SmtpClient.AuthenticateAsync(Encoding encoding, ICredentials credentials, CancellationToken cancellationToken)
   at EmailWorkerService.EmailConsumerService.SendEmail(EmailNotification email) in D:\estudy2\AI_Generated\estudy\api\EmailWorkerService\EmailConsumerService.cs:line 165
2026-01-03 00:33:32.238 +05:30 [ERR] Error processing message
MailKit.Net.Smtp.SmtpProtocolException: The SMTP server has unexpectedly disconnected: Authentication failed: The provided authorization grant is invalid, expired, or revoked
   at MailKit.Net.Smtp.SmtpStream.ReadAheadAsync(CancellationToken cancellationToken)
   at MailKit.Net.Smtp.SmtpStream.ReadResponseAsync(CancellationToken cancellationToken)
   at MailKit.Net.Smtp.SmtpStream.SendCommandAsync(String command, CancellationToken cancellationToken)
   at MailKit.Net.Smtp.SmtpClient.SendCommandInternalAsync(String command, CancellationToken cancellationToken)
   at MailKit.Net.Smtp.SmtpClient.AuthenticateAsync(Encoding encoding, ICredentials credentials, CancellationToken cancellationToken)
   at EmailWorkerService.EmailConsumerService.SendEmail(EmailNotification email) in D:\estudy2\AI_Generated\estudy\api\EmailWorkerService\EmailConsumerService.cs:line 165
   at EmailWorkerService.EmailConsumerService.<ExecuteAsync>b__6_0(Object model, BasicDeliverEventArgs ea) in D:\estudy2\AI_Generated\estudy\api\EmailWorkerService\EmailConsumerService.cs:line 97
2026-01-03 00:33:32.239 +05:30 [INF] Received message: {"To":"vishal_varshney@hotmail.com","Subject":"Password reset request","Body":"Click the link to reset your password: \u003Ca href=\u0022https://localhost:5001/api/Auth/reset?token=96aeb82bec604da2a58662c6d40f4635\u0022\u003Ehttps://localhost:5001/api/Auth/reset?token=96aeb82bec604da2a58662c6d40f4635\u003C/a\u003E"}
2026-01-03 00:33:33.269 +05:30 [ERR] Failed to send email via SMTP
MailKit.Net.Smtp.SmtpProtocolException: The SMTP server has unexpectedly disconnected: Authentication failed: The provided authorization grant is invalid, expired, or revoked
   at MailKit.Net.Smtp.SmtpStream.ReadAheadAsync(CancellationToken cancellationToken)
   at MailKit.Net.Smtp.SmtpStream.ReadResponseAsync(CancellationToken cancellationToken)
   at MailKit.Net.Smtp.SmtpStream.SendCommandAsync(String command, CancellationToken cancellationToken)
   at MailKit.Net.Smtp.SmtpClient.SendCommandInternalAsync(String command, CancellationToken cancellationToken)
   at MailKit.Net.Smtp.SmtpClient.AuthenticateAsync(Encoding encoding, ICredentials credentials, CancellationToken cancellationToken)
   at EmailWorkerService.EmailConsumerService.SendEmail(EmailNotification email) in D:\estudy2\AI_Generated\estudy\api\EmailWorkerService\EmailConsumerService.cs:line 165
2026-01-03 00:33:33.340 +05:30 [ERR] Error processing message
MailKit.Net.Smtp.SmtpProtocolException: The SMTP server has unexpectedly disconnected: Authentication failed: The provided authorization grant is invalid, expired, or revoked
   at MailKit.Net.Smtp.SmtpStream.ReadAheadAsync(CancellationToken cancellationToken)
   at MailKit.Net.Smtp.SmtpStream.ReadResponseAsync(CancellationToken cancellationToken)
   at MailKit.Net.Smtp.SmtpStream.SendCommandAsync(String command, CancellationToken cancellationToken)
   at MailKit.Net.Smtp.SmtpClient.SendCommandInternalAsync(String command, CancellationToken cancellationToken)
   at MailKit.Net.Smtp.SmtpClient.AuthenticateAsync(Encoding encoding, ICredentials credentials, CancellationToken cancellationToken)
   at EmailWorkerService.EmailConsumerService.SendEmail(EmailNotification email) in D:\estudy2\AI_Generated\estudy\api\EmailWorkerService\EmailConsumerService.cs:line 165
   at EmailWorkerService.EmailConsumerService.<ExecuteAsync>b__6_0(Object model, BasicDeliverEventArgs ea) in D:\estudy2\AI_Generated\estudy\api\EmailWorkerService\EmailConsumerService.cs:line 97
2026-01-03 00:33:33.341 +05:30 [INF] Received message: {"To":"vishal_varshney@hotmail.com","Subject":"Password reset request","Body":"Click the link to reset your password: \u003Ca href=\u0022https://localhost:5001/api/Auth/reset?token=46cd811230fe41f897e99f87cdb7e439\u0022\u003Ehttps://localhost:5001/api/Auth/reset?token=46cd811230fe41f897e99f87cdb7e439\u003C/a\u003E"}
2026-01-03 00:33:34.208 +05:30 [ERR] Failed to send email via SMTP
MailKit.Net.Smtp.SmtpProtocolException: The SMTP server has unexpectedly disconnected: Authentication failed: The provided authorization grant is invalid, expired, or revoked
   at MailKit.Net.Smtp.SmtpStream.ReadAheadAsync(CancellationToken cancellationToken)
   at MailKit.Net.Smtp.SmtpStream.ReadResponseAsync(CancellationToken cancellationToken)
   at MailKit.Net.Smtp.SmtpStream.SendCommandAsync(String command, CancellationToken cancellationToken)
   at MailKit.Net.Smtp.SmtpClient.SendCommandInternalAsync(String command, CancellationToken cancellationToken)
   at MailKit.Net.Smtp.SmtpClient.AuthenticateAsync(Encoding encoding, ICredentials credentials, CancellationToken cancellationToken)
   at EmailWorkerService.EmailConsumerService.SendEmail(EmailNotification email) in D:\estudy2\AI_Generated\estudy\api\EmailWorkerService\EmailConsumerService.cs:line 165
2026-01-03 00:33:34.279 +05:30 [ERR] Error processing message
MailKit.Net.Smtp.SmtpProtocolException: The SMTP server has unexpectedly disconnected: Authentication failed: The provided authorization grant is invalid, expired, or revoked
   at MailKit.Net.Smtp.SmtpStream.ReadAheadAsync(CancellationToken cancellationToken)
   at MailKit.Net.Smtp.SmtpStream.ReadResponseAsync(CancellationToken cancellationToken)
   at MailKit.Net.Smtp.SmtpStream.SendCommandAsync(String command, CancellationToken cancellationToken)
   at MailKit.Net.Smtp.SmtpClient.SendCommandInternalAsync(String command, CancellationToken cancellationToken)
   at MailKit.Net.Smtp.SmtpClient.AuthenticateAsync(Encoding encoding, ICredentials credentials, CancellationToken cancellationToken)
   at EmailWorkerService.EmailConsumerService.SendEmail(EmailNotification email) in D:\estudy2\AI_Generated\estudy\api\EmailWorkerService\EmailConsumerService.cs:line 165
   at EmailWorkerService.EmailConsumerService.<ExecuteAsync>b__6_0(Object model, BasicDeliverEventArgs ea) in D:\estudy2\AI_Generated\estudy\api\EmailWorkerService\EmailConsumerService.cs:line 97
2026-01-03 00:33:34.279 +05:30 [INF] Received message: {"To":"vishal_varshney@hotmail.com","Subject":"Password reset request","Body":"Click the link to reset your password: \u003Ca href=\u0022https://localhost:5001/api/Auth/reset?token=ff17e79b693944598d7091ca80b9e795\u0022\u003Ehttps://localhost:5001/api/Auth/reset?token=ff17e79b693944598d7091ca80b9e795\u003C/a\u003E"}
2026-01-03 00:33:35.250 +05:30 [ERR] Failed to send email via SMTP
MailKit.Net.Smtp.SmtpProtocolException: The SMTP server has unexpectedly disconnected: Authentication failed: The provided authorization grant is invalid, expired, or revoked
   at MailKit.Net.Smtp.SmtpStream.ReadAheadAsync(CancellationToken cancellationToken)
   at MailKit.Net.Smtp.SmtpStream.ReadResponseAsync(CancellationToken cancellationToken)
   at MailKit.Net.Smtp.SmtpStream.SendCommandAsync(String command, CancellationToken cancellationToken)
   at MailKit.Net.Smtp.SmtpClient.SendCommandInternalAsync(String command, CancellationToken cancellationToken)
   at MailKit.Net.Smtp.SmtpClient.AuthenticateAsync(Encoding encoding, ICredentials credentials, CancellationToken cancellationToken)
   at EmailWorkerService.EmailConsumerService.SendEmail(EmailNotification email) in D:\estudy2\AI_Generated\estudy\api\EmailWorkerService\EmailConsumerService.cs:line 165
2026-01-03 00:33:35.322 +05:30 [ERR] Error processing message
MailKit.Net.Smtp.SmtpProtocolException: The SMTP server has unexpectedly disconnected: Authentication failed: The provided authorization grant is invalid, expired, or revoked
   at MailKit.Net.Smtp.SmtpStream.ReadAheadAsync(CancellationToken cancellationToken)
   at MailKit.Net.Smtp.SmtpStream.ReadResponseAsync(CancellationToken cancellationToken)
   at MailKit.Net.Smtp.SmtpStream.SendCommandAsync(String command, CancellationToken cancellationToken)
   at MailKit.Net.Smtp.SmtpClient.SendCommandInternalAsync(String command, CancellationToken cancellationToken)
   at MailKit.Net.Smtp.SmtpClient.AuthenticateAsync(Encoding encoding, ICredentials credentials, CancellationToken cancellationToken)
   at EmailWorkerService.EmailConsumerService.SendEmail(EmailNotification email) in D:\estudy2\AI_Generated\estudy\api\EmailWorkerService\EmailConsumerService.cs:line 165
   at EmailWorkerService.EmailConsumerService.<ExecuteAsync>b__6_0(Object model, BasicDeliverEventArgs ea) in D:\estudy2\AI_Generated\estudy\api\EmailWorkerService\EmailConsumerService.cs:line 97
2026-01-03 00:33:35.322 +05:30 [INF] Received message: {"To":"vishal_varshney@hotmail.com","Subject":"Password reset request","Body":"Click the link to reset your password: \u003Ca href=\u0022https://localhost:5001/api/Auth/reset?token=96aeb82bec604da2a58662c6d40f4635\u0022\u003Ehttps://localhost:5001/api/Auth/reset?token=96aeb82bec604da2a58662c6d40f4635\u003C/a\u003E"}
2026-01-03 00:33:36.218 +05:30 [ERR] Failed to send email via SMTP
MailKit.Net.Smtp.SmtpProtocolException: The SMTP server has unexpectedly disconnected: Authentication failed: The provided authorization grant is invalid, expired, or revoked
   at MailKit.Net.Smtp.SmtpStream.ReadAheadAsync(CancellationToken cancellationToken)
   at MailKit.Net.Smtp.SmtpStream.ReadResponseAsync(CancellationToken cancellationToken)
   at MailKit.Net.Smtp.SmtpStream.SendCommandAsync(String command, CancellationToken cancellationToken)
   at MailKit.Net.Smtp.SmtpClient.SendCommandInternalAsync(String command, CancellationToken cancellationToken)
   at MailKit.Net.Smtp.SmtpClient.AuthenticateAsync(Encoding encoding, ICredentials credentials, CancellationToken cancellationToken)
   at EmailWorkerService.EmailConsumerService.SendEmail(EmailNotification email) in D:\estudy2\AI_Generated\estudy\api\EmailWorkerService\EmailConsumerService.cs:line 165
2026-01-03 00:33:36.280 +05:30 [ERR] Error processing message
MailKit.Net.Smtp.SmtpProtocolException: The SMTP server has unexpectedly disconnected: Authentication failed: The provided authorization grant is invalid, expired, or revoked
   at MailKit.Net.Smtp.SmtpStream.ReadAheadAsync(CancellationToken cancellationToken)
   at MailKit.Net.Smtp.SmtpStream.ReadResponseAsync(CancellationToken cancellationToken)
   at MailKit.Net.Smtp.SmtpStream.SendCommandAsync(String command, CancellationToken cancellationToken)
   at MailKit.Net.Smtp.SmtpClient.SendCommandInternalAsync(String command, CancellationToken cancellationToken)
   at MailKit.Net.Smtp.SmtpClient.AuthenticateAsync(Encoding encoding, ICredentials credentials, CancellationToken cancellationToken)
   at EmailWorkerService.EmailConsumerService.SendEmail(EmailNotification email) in D:\estudy2\AI_Generated\estudy\api\EmailWorkerService\EmailConsumerService.cs:line 165
   at EmailWorkerService.EmailConsumerService.<ExecuteAsync>b__6_0(Object model, BasicDeliverEventArgs ea) in D:\estudy2\AI_Generated\estudy\api\EmailWorkerService\EmailConsumerService.cs:line 97
2026-01-03 00:33:36.281 +05:30 [INF] Received message: {"To":"vishal_varshney@hotmail.com","Subject":"Password reset request","Body":"Click the link to reset your password: \u003Ca href=\u0022https://localhost:5001/api/Auth/reset?token=46cd811230fe41f897e99f87cdb7e439\u0022\u003Ehttps://localhost:5001/api/Auth/reset?token=46cd811230fe41f897e99f87cdb7e439\u003C/a\u003E"}
2026-01-03 00:33:37.140 +05:30 [ERR] Failed to send email via SMTP
MailKit.Net.Smtp.SmtpProtocolException: The SMTP server has unexpectedly disconnected: Authentication failed: The provided authorization grant is invalid, expired, or revoked
   at MailKit.Net.Smtp.SmtpStream.ReadAheadAsync(CancellationToken cancellationToken)
   at MailKit.Net.Smtp.SmtpStream.ReadResponseAsync(CancellationToken cancellationToken)
   at MailKit.Net.Smtp.SmtpStream.SendCommandAsync(String command, CancellationToken cancellationToken)
   at MailKit.Net.Smtp.SmtpClient.SendCommandInternalAsync(String command, CancellationToken cancellationToken)
   at MailKit.Net.Smtp.SmtpClient.AuthenticateAsync(Encoding encoding, ICredentials credentials, CancellationToken cancellationToken)
   at EmailWorkerService.EmailConsumerService.SendEmail(EmailNotification email) in D:\estudy2\AI_Generated\estudy\api\EmailWorkerService\EmailConsumerService.cs:line 165
2026-01-03 00:33:37.219 +05:30 [ERR] Error processing message
MailKit.Net.Smtp.SmtpProtocolException: The SMTP server has unexpectedly disconnected: Authentication failed: The provided authorization grant is invalid, expired, or revoked
   at MailKit.Net.Smtp.SmtpStream.ReadAheadAsync(CancellationToken cancellationToken)
   at MailKit.Net.Smtp.SmtpStream.ReadResponseAsync(CancellationToken cancellationToken)
   at MailKit.Net.Smtp.SmtpStream.SendCommandAsync(String command, CancellationToken cancellationToken)
   at MailKit.Net.Smtp.SmtpClient.SendCommandInternalAsync(String command, CancellationToken cancellationToken)
   at MailKit.Net.Smtp.SmtpClient.AuthenticateAsync(Encoding encoding, ICredentials credentials, CancellationToken cancellationToken)
   at EmailWorkerService.EmailConsumerService.SendEmail(EmailNotification email) in D:\estudy2\AI_Generated\estudy\api\EmailWorkerService\EmailConsumerService.cs:line 165
   at EmailWorkerService.EmailConsumerService.<ExecuteAsync>b__6_0(Object model, BasicDeliverEventArgs ea) in D:\estudy2\AI_Generated\estudy\api\EmailWorkerService\EmailConsumerService.cs:line 97
2026-01-03 00:33:37.219 +05:30 [INF] Received message: {"To":"vishal_varshney@hotmail.com","Subject":"Password reset request","Body":"Click the link to reset your password: \u003Ca href=\u0022https://localhost:5001/api/Auth/reset?token=ff17e79b693944598d7091ca80b9e795\u0022\u003Ehttps://localhost:5001/api/Auth/reset?token=ff17e79b693944598d7091ca80b9e795\u003C/a\u003E"}
2026-01-03 00:33:38.191 +05:30 [ERR] Failed to send email via SMTP
MailKit.Net.Smtp.SmtpProtocolException: The SMTP server has unexpectedly disconnected: Authentication failed: The provided authorization grant is invalid, expired, or revoked
   at MailKit.Net.Smtp.SmtpStream.ReadAheadAsync(CancellationToken cancellationToken)
   at MailKit.Net.Smtp.SmtpStream.ReadResponseAsync(CancellationToken cancellationToken)
   at MailKit.Net.Smtp.SmtpStream.SendCommandAsync(String command, CancellationToken cancellationToken)
   at MailKit.Net.Smtp.SmtpClient.SendCommandInternalAsync(String command, CancellationToken cancellationToken)
   at MailKit.Net.Smtp.SmtpClient.AuthenticateAsync(Encoding encoding, ICredentials credentials, CancellationToken cancellationToken)
   at EmailWorkerService.EmailConsumerService.SendEmail(EmailNotification email) in D:\estudy2\AI_Generated\estudy\api\EmailWorkerService\EmailConsumerService.cs:line 165
2026-01-03 00:33:38.247 +05:30 [ERR] Error processing message
MailKit.Net.Smtp.SmtpProtocolException: The SMTP server has unexpectedly disconnected: Authentication failed: The provided authorization grant is invalid, expired, or revoked
   at MailKit.Net.Smtp.SmtpStream.ReadAheadAsync(CancellationToken cancellationToken)
   at MailKit.Net.Smtp.SmtpStream.ReadResponseAsync(CancellationToken cancellationToken)
   at MailKit.Net.Smtp.SmtpStream.SendCommandAsync(String command, CancellationToken cancellationToken)
   at MailKit.Net.Smtp.SmtpClient.SendCommandInternalAsync(String command, CancellationToken cancellationToken)
   at MailKit.Net.Smtp.SmtpClient.AuthenticateAsync(Encoding encoding, ICredentials credentials, CancellationToken cancellationToken)
   at EmailWorkerService.EmailConsumerService.SendEmail(EmailNotification email) in D:\estudy2\AI_Generated\estudy\api\EmailWorkerService\EmailConsumerService.cs:line 165
   at EmailWorkerService.EmailConsumerService.<ExecuteAsync>b__6_0(Object model, BasicDeliverEventArgs ea) in D:\estudy2\AI_Generated\estudy\api\EmailWorkerService\EmailConsumerService.cs:line 97
2026-01-03 00:33:38.248 +05:30 [INF] Received message: {"To":"vishal_varshney@hotmail.com","Subject":"Password reset request","Body":"Click the link to reset your password: \u003Ca href=\u0022https://localhost:5001/api/Auth/reset?token=96aeb82bec604da2a58662c6d40f4635\u0022\u003Ehttps://localhost:5001/api/Auth/reset?token=96aeb82bec604da2a58662c6d40f4635\u003C/a\u003E"}
2026-01-03 00:33:39.176 +05:30 [ERR] Failed to send email via SMTP
MailKit.Net.Smtp.SmtpProtocolException: The SMTP server has unexpectedly disconnected: Authentication failed: The provided authorization grant is invalid, expired, or revoked
   at MailKit.Net.Smtp.SmtpStream.ReadAheadAsync(CancellationToken cancellationToken)
   at MailKit.Net.Smtp.SmtpStream.ReadResponseAsync(CancellationToken cancellationToken)
   at MailKit.Net.Smtp.SmtpStream.SendCommandAsync(String command, CancellationToken cancellationToken)
   at MailKit.Net.Smtp.SmtpClient.SendCommandInternalAsync(String command, CancellationToken cancellationToken)
   at MailKit.Net.Smtp.SmtpClient.AuthenticateAsync(Encoding encoding, ICredentials credentials, CancellationToken cancellationToken)
   at EmailWorkerService.EmailConsumerService.SendEmail(EmailNotification email) in D:\estudy2\AI_Generated\estudy\api\EmailWorkerService\EmailConsumerService.cs:line 165
2026-01-03 00:33:39.240 +05:30 [ERR] Error processing message
MailKit.Net.Smtp.SmtpProtocolException: The SMTP server has unexpectedly disconnected: Authentication failed: The provided authorization grant is invalid, expired, or revoked
   at MailKit.Net.Smtp.SmtpStream.ReadAheadAsync(CancellationToken cancellationToken)
   at MailKit.Net.Smtp.SmtpStream.ReadResponseAsync(CancellationToken cancellationToken)
   at MailKit.Net.Smtp.SmtpStream.SendCommandAsync(String command, CancellationToken cancellationToken)
   at MailKit.Net.Smtp.SmtpClient.SendCommandInternalAsync(String command, CancellationToken cancellationToken)
   at MailKit.Net.Smtp.SmtpClient.AuthenticateAsync(Encoding encoding, ICredentials credentials, CancellationToken cancellationToken)
   at EmailWorkerService.EmailConsumerService.SendEmail(EmailNotification email) in D:\estudy2\AI_Generated\estudy\api\EmailWorkerService\EmailConsumerService.cs:line 165
   at EmailWorkerService.EmailConsumerService.<ExecuteAsync>b__6_0(Object model, BasicDeliverEventArgs ea) in D:\estudy2\AI_Generated\estudy\api\EmailWorkerService\EmailConsumerService.cs:line 97
2026-01-03 00:33:39.240 +05:30 [INF] Received message: {"To":"vishal_varshney@hotmail.com","Subject":"Password reset request","Body":"Click the link to reset your password: \u003Ca href=\u0022https://localhost:5001/api/Auth/reset?token=46cd811230fe41f897e99f87cdb7e439\u0022\u003Ehttps://localhost:5001/api/Auth/reset?token=46cd811230fe41f897e99f87cdb7e439\u003C/a\u003E"}
2026-01-03 00:33:40.129 +05:30 [ERR] Failed to send email via SMTP
MailKit.Net.Smtp.SmtpProtocolException: The SMTP server has unexpectedly disconnected: Authentication failed: The provided authorization grant is invalid, expired, or revoked
   at MailKit.Net.Smtp.SmtpStream.ReadAheadAsync(CancellationToken cancellationToken)
   at MailKit.Net.Smtp.SmtpStream.ReadResponseAsync(CancellationToken cancellationToken)
   at MailKit.Net.Smtp.SmtpStream.SendCommandAsync(String command, CancellationToken cancellationToken)
   at MailKit.Net.Smtp.SmtpClient.SendCommandInternalAsync(String command, CancellationToken cancellationToken)
   at MailKit.Net.Smtp.SmtpClient.AuthenticateAsync(Encoding encoding, ICredentials credentials, CancellationToken cancellationToken)
   at EmailWorkerService.EmailConsumerService.SendEmail(EmailNotification email) in D:\estudy2\AI_Generated\estudy\api\EmailWorkerService\EmailConsumerService.cs:line 165
2026-01-03 00:33:40.183 +05:30 [ERR] Error processing message
MailKit.Net.Smtp.SmtpProtocolException: The SMTP server has unexpectedly disconnected: Authentication failed: The provided authorization grant is invalid, expired, or revoked
   at MailKit.Net.Smtp.SmtpStream.ReadAheadAsync(CancellationToken cancellationToken)
   at MailKit.Net.Smtp.SmtpStream.ReadResponseAsync(CancellationToken cancellationToken)
   at MailKit.Net.Smtp.SmtpStream.SendCommandAsync(String command, CancellationToken cancellationToken)
   at MailKit.Net.Smtp.SmtpClient.SendCommandInternalAsync(String command, CancellationToken cancellationToken)
   at MailKit.Net.Smtp.SmtpClient.AuthenticateAsync(Encoding encoding, ICredentials credentials, CancellationToken cancellationToken)
   at EmailWorkerService.EmailConsumerService.SendEmail(EmailNotification email) in D:\estudy2\AI_Generated\estudy\api\EmailWorkerService\EmailConsumerService.cs:line 165
   at EmailWorkerService.EmailConsumerService.<ExecuteAsync>b__6_0(Object model, BasicDeliverEventArgs ea) in D:\estudy2\AI_Generated\estudy\api\EmailWorkerService\EmailConsumerService.cs:line 97
2026-01-03 00:33:40.184 +05:30 [INF] Received message: {"To":"vishal_varshney@hotmail.com","Subject":"Password reset request","Body":"Click the link to reset your password: \u003Ca href=\u0022https://localhost:5001/api/Auth/reset?token=ff17e79b693944598d7091ca80b9e795\u0022\u003Ehttps://localhost:5001/api/Auth/reset?token=ff17e79b693944598d7091ca80b9e795\u003C/a\u003E"}
2026-01-03 00:33:41.072 +05:30 [ERR] Failed to send email via SMTP
MailKit.Net.Smtp.SmtpProtocolException: The SMTP server has unexpectedly disconnected: Authentication failed: The provided authorization grant is invalid, expired, or revoked
   at MailKit.Net.Smtp.SmtpStream.ReadAheadAsync(CancellationToken cancellationToken)
   at MailKit.Net.Smtp.SmtpStream.ReadResponseAsync(CancellationToken cancellationToken)
   at MailKit.Net.Smtp.SmtpStream.SendCommandAsync(String command, CancellationToken cancellationToken)
   at MailKit.Net.Smtp.SmtpClient.SendCommandInternalAsync(String command, CancellationToken cancellationToken)
   at MailKit.Net.Smtp.SmtpClient.AuthenticateAsync(Encoding encoding, ICredentials credentials, CancellationToken cancellationToken)
   at EmailWorkerService.EmailConsumerService.SendEmail(EmailNotification email) in D:\estudy2\AI_Generated\estudy\api\EmailWorkerService\EmailConsumerService.cs:line 165
2026-01-03 00:33:41.129 +05:30 [ERR] Error processing message
MailKit.Net.Smtp.SmtpProtocolException: The SMTP server has unexpectedly disconnected: Authentication failed: The provided authorization grant is invalid, expired, or revoked
   at MailKit.Net.Smtp.SmtpStream.ReadAheadAsync(CancellationToken cancellationToken)
   at MailKit.Net.Smtp.SmtpStream.ReadResponseAsync(CancellationToken cancellationToken)
   at MailKit.Net.Smtp.SmtpStream.SendCommandAsync(String command, CancellationToken cancellationToken)
   at MailKit.Net.Smtp.SmtpClient.SendCommandInternalAsync(String command, CancellationToken cancellationToken)
   at MailKit.Net.Smtp.SmtpClient.AuthenticateAsync(Encoding encoding, ICredentials credentials, CancellationToken cancellationToken)
   at EmailWorkerService.EmailConsumerService.SendEmail(EmailNotification email) in D:\estudy2\AI_Generated\estudy\api\EmailWorkerService\EmailConsumerService.cs:line 165
   at EmailWorkerService.EmailConsumerService.<ExecuteAsync>b__6_0(Object model, BasicDeliverEventArgs ea) in D:\estudy2\AI_Generated\estudy\api\EmailWorkerService\EmailConsumerService.cs:line 97
2026-01-03 00:33:41.129 +05:30 [INF] Received message: {"To":"vishal_varshney@hotmail.com","Subject":"Password reset request","Body":"Click the link to reset your password: \u003Ca href=\u0022https://localhost:5001/api/Auth/reset?token=96aeb82bec604da2a58662c6d40f4635\u0022\u003Ehttps://localhost:5001/api/Auth/reset?token=96aeb82bec604da2a58662c6d40f4635\u003C/a\u003E"}
2026-01-03 00:33:41.952 +05:30 [ERR] Failed to send email via SMTP
MailKit.Net.Smtp.SmtpProtocolException: The SMTP server has unexpectedly disconnected: Authentication failed: The provided authorization grant is invalid, expired, or revoked
   at MailKit.Net.Smtp.SmtpStream.ReadAheadAsync(CancellationToken cancellationToken)
   at MailKit.Net.Smtp.SmtpStream.ReadResponseAsync(CancellationToken cancellationToken)
   at MailKit.Net.Smtp.SmtpStream.SendCommandAsync(String command, CancellationToken cancellationToken)
   at MailKit.Net.Smtp.SmtpClient.SendCommandInternalAsync(String command, CancellationToken cancellationToken)
   at MailKit.Net.Smtp.SmtpClient.AuthenticateAsync(Encoding encoding, ICredentials credentials, CancellationToken cancellationToken)
   at EmailWorkerService.EmailConsumerService.SendEmail(EmailNotification email) in D:\estudy2\AI_Generated\estudy\api\EmailWorkerService\EmailConsumerService.cs:line 165
2026-01-03 00:33:42.010 +05:30 [ERR] Error processing message
MailKit.Net.Smtp.SmtpProtocolException: The SMTP server has unexpectedly disconnected: Authentication failed: The provided authorization grant is invalid, expired, or revoked
   at MailKit.Net.Smtp.SmtpStream.ReadAheadAsync(CancellationToken cancellationToken)
   at MailKit.Net.Smtp.SmtpStream.ReadResponseAsync(CancellationToken cancellationToken)
   at MailKit.Net.Smtp.SmtpStream.SendCommandAsync(String command, CancellationToken cancellationToken)
   at MailKit.Net.Smtp.SmtpClient.SendCommandInternalAsync(String command, CancellationToken cancellationToken)
   at MailKit.Net.Smtp.SmtpClient.AuthenticateAsync(Encoding encoding, ICredentials credentials, CancellationToken cancellationToken)
   at EmailWorkerService.EmailConsumerService.SendEmail(EmailNotification email) in D:\estudy2\AI_Generated\estudy\api\EmailWorkerService\EmailConsumerService.cs:line 165
   at EmailWorkerService.EmailConsumerService.<ExecuteAsync>b__6_0(Object model, BasicDeliverEventArgs ea) in D:\estudy2\AI_Generated\estudy\api\EmailWorkerService\EmailConsumerService.cs:line 97
2026-01-03 00:33:42.010 +05:30 [INF] Received message: {"To":"vishal_varshney@hotmail.com","Subject":"Password reset request","Body":"Click the link to reset your password: \u003Ca href=\u0022https://localhost:5001/api/Auth/reset?token=46cd811230fe41f897e99f87cdb7e439\u0022\u003Ehttps://localhost:5001/api/Auth/reset?token=46cd811230fe41f897e99f87cdb7e439\u003C/a\u003E"}
2026-01-03 00:33:42.828 +05:30 [ERR] Failed to send email via SMTP
MailKit.Net.Smtp.SmtpProtocolException: The SMTP server has unexpectedly disconnected: Authentication failed: The provided authorization grant is invalid, expired, or revoked
   at MailKit.Net.Smtp.SmtpStream.ReadAheadAsync(CancellationToken cancellationToken)
   at MailKit.Net.Smtp.SmtpStream.ReadResponseAsync(CancellationToken cancellationToken)
   at MailKit.Net.Smtp.SmtpStream.SendCommandAsync(String command, CancellationToken cancellationToken)
   at MailKit.Net.Smtp.SmtpClient.SendCommandInternalAsync(String command, CancellationToken cancellationToken)
   at MailKit.Net.Smtp.SmtpClient.AuthenticateAsync(Encoding encoding, ICredentials credentials, CancellationToken cancellationToken)
   at EmailWorkerService.EmailConsumerService.SendEmail(EmailNotification email) in D:\estudy2\AI_Generated\estudy\api\EmailWorkerService\EmailConsumerService.cs:line 165
2026-01-03 00:33:42.884 +05:30 [ERR] Error processing message
MailKit.Net.Smtp.SmtpProtocolException: The SMTP server has unexpectedly disconnected: Authentication failed: The provided authorization grant is invalid, expired, or revoked
   at MailKit.Net.Smtp.SmtpStream.ReadAheadAsync(CancellationToken cancellationToken)
   at MailKit.Net.Smtp.SmtpStream.ReadResponseAsync(CancellationToken cancellationToken)
   at MailKit.Net.Smtp.SmtpStream.SendCommandAsync(String command, CancellationToken cancellationToken)
   at MailKit.Net.Smtp.SmtpClient.SendCommandInternalAsync(String command, CancellationToken cancellationToken)
   at MailKit.Net.Smtp.SmtpClient.AuthenticateAsync(Encoding encoding, ICredentials credentials, CancellationToken cancellationToken)
   at EmailWorkerService.EmailConsumerService.SendEmail(EmailNotification email) in D:\estudy2\AI_Generated\estudy\api\EmailWorkerService\EmailConsumerService.cs:line 165
   at EmailWorkerService.EmailConsumerService.<ExecuteAsync>b__6_0(Object model, BasicDeliverEventArgs ea) in D:\estudy2\AI_Generated\estudy\api\EmailWorkerService\EmailConsumerService.cs:line 97
2026-01-03 00:33:42.884 +05:30 [INF] Received message: {"To":"vishal_varshney@hotmail.com","Subject":"Password reset request","Body":"Click the link to reset your password: \u003Ca href=\u0022https://localhost:5001/api/Auth/reset?token=ff17e79b693944598d7091ca80b9e795\u0022\u003Ehttps://localhost:5001/api/Auth/reset?token=ff17e79b693944598d7091ca80b9e795\u003C/a\u003E"}
2026-01-03 00:33:43.752 +05:30 [ERR] Failed to send email via SMTP
MailKit.Net.Smtp.SmtpProtocolException: The SMTP server has unexpectedly disconnected: Authentication failed: The provided authorization grant is invalid, expired, or revoked
   at MailKit.Net.Smtp.SmtpStream.ReadAheadAsync(CancellationToken cancellationToken)
   at MailKit.Net.Smtp.SmtpStream.ReadResponseAsync(CancellationToken cancellationToken)
   at MailKit.Net.Smtp.SmtpStream.SendCommandAsync(String command, CancellationToken cancellationToken)
   at MailKit.Net.Smtp.SmtpClient.SendCommandInternalAsync(String command, CancellationToken cancellationToken)
   at MailKit.Net.Smtp.SmtpClient.AuthenticateAsync(Encoding encoding, ICredentials credentials, CancellationToken cancellationToken)
   at EmailWorkerService.EmailConsumerService.SendEmail(EmailNotification email) in D:\estudy2\AI_Generated\estudy\api\EmailWorkerService\EmailConsumerService.cs:line 165
2026-01-03 00:33:43.808 +05:30 [ERR] Error processing message
MailKit.Net.Smtp.SmtpProtocolException: The SMTP server has unexpectedly disconnected: Authentication failed: The provided authorization grant is invalid, expired, or revoked
   at MailKit.Net.Smtp.SmtpStream.ReadAheadAsync(CancellationToken cancellationToken)
   at MailKit.Net.Smtp.SmtpStream.ReadResponseAsync(CancellationToken cancellationToken)
   at MailKit.Net.Smtp.SmtpStream.SendCommandAsync(String command, CancellationToken cancellationToken)
   at MailKit.Net.Smtp.SmtpClient.SendCommandInternalAsync(String command, CancellationToken cancellationToken)
   at MailKit.Net.Smtp.SmtpClient.AuthenticateAsync(Encoding encoding, ICredentials credentials, CancellationToken cancellationToken)
   at EmailWorkerService.EmailConsumerService.SendEmail(EmailNotification email) in D:\estudy2\AI_Generated\estudy\api\EmailWorkerService\EmailConsumerService.cs:line 165
   at EmailWorkerService.EmailConsumerService.<ExecuteAsync>b__6_0(Object model, BasicDeliverEventArgs ea) in D:\estudy2\AI_Generated\estudy\api\EmailWorkerService\EmailConsumerService.cs:line 97
2026-01-03 00:33:43.809 +05:30 [INF] Received message: {"To":"vishal_varshney@hotmail.com","Subject":"Password reset request","Body":"Click the link to reset your password: \u003Ca href=\u0022https://localhost:5001/api/Auth/reset?token=96aeb82bec604da2a58662c6d40f4635\u0022\u003Ehttps://localhost:5001/api/Auth/reset?token=96aeb82bec604da2a58662c6d40f4635\u003C/a\u003E"}
2026-01-03 00:33:44.700 +05:30 [ERR] Failed to send email via SMTP
MailKit.Net.Smtp.SmtpProtocolException: The SMTP server has unexpectedly disconnected: Authentication failed: The provided authorization grant is invalid, expired, or revoked
   at MailKit.Net.Smtp.SmtpStream.ReadAheadAsync(CancellationToken cancellationToken)
   at MailKit.Net.Smtp.SmtpStream.ReadResponseAsync(CancellationToken cancellationToken)
   at MailKit.Net.Smtp.SmtpStream.SendCommandAsync(String command, CancellationToken cancellationToken)
   at MailKit.Net.Smtp.SmtpClient.SendCommandInternalAsync(String command, CancellationToken cancellationToken)
   at MailKit.Net.Smtp.SmtpClient.AuthenticateAsync(Encoding encoding, ICredentials credentials, CancellationToken cancellationToken)
   at EmailWorkerService.EmailConsumerService.SendEmail(EmailNotification email) in D:\estudy2\AI_Generated\estudy\api\EmailWorkerService\EmailConsumerService.cs:line 165
2026-01-03 00:33:44.757 +05:30 [ERR] Error processing message
MailKit.Net.Smtp.SmtpProtocolException: The SMTP server has unexpectedly disconnected: Authentication failed: The provided authorization grant is invalid, expired, or revoked
   at MailKit.Net.Smtp.SmtpStream.ReadAheadAsync(CancellationToken cancellationToken)
   at MailKit.Net.Smtp.SmtpStream.ReadResponseAsync(CancellationToken cancellationToken)
   at MailKit.Net.Smtp.SmtpStream.SendCommandAsync(String command, CancellationToken cancellationToken)
   at MailKit.Net.Smtp.SmtpClient.SendCommandInternalAsync(String command, CancellationToken cancellationToken)
   at MailKit.Net.Smtp.SmtpClient.AuthenticateAsync(Encoding encoding, ICredentials credentials, CancellationToken cancellationToken)
   at EmailWorkerService.EmailConsumerService.SendEmail(EmailNotification email) in D:\estudy2\AI_Generated\estudy\api\EmailWorkerService\EmailConsumerService.cs:line 165
   at EmailWorkerService.EmailConsumerService.<ExecuteAsync>b__6_0(Object model, BasicDeliverEventArgs ea) in D:\estudy2\AI_Generated\estudy\api\EmailWorkerService\EmailConsumerService.cs:line 97
2026-01-03 00:33:44.757 +05:30 [INF] Received message: {"To":"vishal_varshney@hotmail.com","Subject":"Password reset request","Body":"Click the link to reset your password: \u003Ca href=\u0022https://localhost:5001/api/Auth/reset?token=46cd811230fe41f897e99f87cdb7e439\u0022\u003Ehttps://localhost:5001/api/Auth/reset?token=46cd811230fe41f897e99f87cdb7e439\u003C/a\u003E"}
2026-01-03 00:33:45.614 +05:30 [ERR] Failed to send email via SMTP
MailKit.Net.Smtp.SmtpProtocolException: The SMTP server has unexpectedly disconnected: Authentication failed: The provided authorization grant is invalid, expired, or revoked
   at MailKit.Net.Smtp.SmtpStream.ReadAheadAsync(CancellationToken cancellationToken)
   at MailKit.Net.Smtp.SmtpStream.ReadResponseAsync(CancellationToken cancellationToken)
   at MailKit.Net.Smtp.SmtpStream.SendCommandAsync(String command, CancellationToken cancellationToken)
   at MailKit.Net.Smtp.SmtpClient.SendCommandInternalAsync(String command, CancellationToken cancellationToken)
   at MailKit.Net.Smtp.SmtpClient.AuthenticateAsync(Encoding encoding, ICredentials credentials, CancellationToken cancellationToken)
   at EmailWorkerService.EmailConsumerService.SendEmail(EmailNotification email) in D:\estudy2\AI_Generated\estudy\api\EmailWorkerService\EmailConsumerService.cs:line 165
2026-01-03 00:33:45.666 +05:30 [ERR] Error processing message
MailKit.Net.Smtp.SmtpProtocolException: The SMTP server has unexpectedly disconnected: Authentication failed: The provided authorization grant is invalid, expired, or revoked
   at MailKit.Net.Smtp.SmtpStream.ReadAheadAsync(CancellationToken cancellationToken)
   at MailKit.Net.Smtp.SmtpStream.ReadResponseAsync(CancellationToken cancellationToken)
   at MailKit.Net.Smtp.SmtpStream.SendCommandAsync(String command, CancellationToken cancellationToken)
   at MailKit.Net.Smtp.SmtpClient.SendCommandInternalAsync(String command, CancellationToken cancellationToken)
   at MailKit.Net.Smtp.SmtpClient.AuthenticateAsync(Encoding encoding, ICredentials credentials, CancellationToken cancellationToken)
   at EmailWorkerService.EmailConsumerService.SendEmail(EmailNotification email) in D:\estudy2\AI_Generated\estudy\api\EmailWorkerService\EmailConsumerService.cs:line 165
   at EmailWorkerService.EmailConsumerService.<ExecuteAsync>b__6_0(Object model, BasicDeliverEventArgs ea) in D:\estudy2\AI_Generated\estudy\api\EmailWorkerService\EmailConsumerService.cs:line 97
2026-01-03 00:33:45.667 +05:30 [INF] Received message: {"To":"vishal_varshney@hotmail.com","Subject":"Password reset request","Body":"Click the link to reset your password: \u003Ca href=\u0022https://localhost:5001/api/Auth/reset?token=ff17e79b693944598d7091ca80b9e795\u0022\u003Ehttps://localhost:5001/api/Auth/reset?token=ff17e79b693944598d7091ca80b9e795\u003C/a\u003E"}
2026-01-03 00:33:46.634 +05:30 [ERR] Failed to send email via SMTP
MailKit.Net.Smtp.SmtpProtocolException: The SMTP server has unexpectedly disconnected: Authentication failed: The provided authorization grant is invalid, expired, or revoked
   at MailKit.Net.Smtp.SmtpStream.ReadAheadAsync(CancellationToken cancellationToken)
   at MailKit.Net.Smtp.SmtpStream.ReadResponseAsync(CancellationToken cancellationToken)
   at MailKit.Net.Smtp.SmtpStream.SendCommandAsync(String command, CancellationToken cancellationToken)
   at MailKit.Net.Smtp.SmtpClient.SendCommandInternalAsync(String command, CancellationToken cancellationToken)
   at MailKit.Net.Smtp.SmtpClient.AuthenticateAsync(Encoding encoding, ICredentials credentials, CancellationToken cancellationToken)
   at EmailWorkerService.EmailConsumerService.SendEmail(EmailNotification email) in D:\estudy2\AI_Generated\estudy\api\EmailWorkerService\EmailConsumerService.cs:line 165
2026-01-03 00:33:46.697 +05:30 [ERR] Error processing message
MailKit.Net.Smtp.SmtpProtocolException: The SMTP server has unexpectedly disconnected: Authentication failed: The provided authorization grant is invalid, expired, or revoked
   at MailKit.Net.Smtp.SmtpStream.ReadAheadAsync(CancellationToken cancellationToken)
   at MailKit.Net.Smtp.SmtpStream.ReadResponseAsync(CancellationToken cancellationToken)
   at MailKit.Net.Smtp.SmtpStream.SendCommandAsync(String command, CancellationToken cancellationToken)
   at MailKit.Net.Smtp.SmtpClient.SendCommandInternalAsync(String command, CancellationToken cancellationToken)
   at MailKit.Net.Smtp.SmtpClient.AuthenticateAsync(Encoding encoding, ICredentials credentials, CancellationToken cancellationToken)
   at EmailWorkerService.EmailConsumerService.SendEmail(EmailNotification email) in D:\estudy2\AI_Generated\estudy\api\EmailWorkerService\EmailConsumerService.cs:line 165
   at EmailWorkerService.EmailConsumerService.<ExecuteAsync>b__6_0(Object model, BasicDeliverEventArgs ea) in D:\estudy2\AI_Generated\estudy\api\EmailWorkerService\EmailConsumerService.cs:line 97
2026-01-03 00:33:46.697 +05:30 [INF] Received message: {"To":"vishal_varshney@hotmail.com","Subject":"Password reset request","Body":"Click the link to reset your password: \u003Ca href=\u0022https://localhost:5001/api/Auth/reset?token=96aeb82bec604da2a58662c6d40f4635\u0022\u003Ehttps://localhost:5001/api/Auth/reset?token=96aeb82bec604da2a58662c6d40f4635\u003C/a\u003E"}
2026-01-03 00:33:47.546 +05:30 [ERR] Failed to send email via SMTP
MailKit.Net.Smtp.SmtpProtocolException: The SMTP server has unexpectedly disconnected: Authentication failed: The provided authorization grant is invalid, expired, or revoked
   at MailKit.Net.Smtp.SmtpStream.ReadAheadAsync(CancellationToken cancellationToken)
   at MailKit.Net.Smtp.SmtpStream.ReadResponseAsync(CancellationToken cancellationToken)
   at MailKit.Net.Smtp.SmtpStream.SendCommandAsync(String command, CancellationToken cancellationToken)
   at MailKit.Net.Smtp.SmtpClient.SendCommandInternalAsync(String command, CancellationToken cancellationToken)
   at MailKit.Net.Smtp.SmtpClient.AuthenticateAsync(Encoding encoding, ICredentials credentials, CancellationToken cancellationToken)
   at EmailWorkerService.EmailConsumerService.SendEmail(EmailNotification email) in D:\estudy2\AI_Generated\estudy\api\EmailWorkerService\EmailConsumerService.cs:line 165
2026-01-03 00:33:47.612 +05:30 [ERR] Error processing message
MailKit.Net.Smtp.SmtpProtocolException: The SMTP server has unexpectedly disconnected: Authentication failed: The provided authorization grant is invalid, expired, or revoked
   at MailKit.Net.Smtp.SmtpStream.ReadAheadAsync(CancellationToken cancellationToken)
   at MailKit.Net.Smtp.SmtpStream.ReadResponseAsync(CancellationToken cancellationToken)
   at MailKit.Net.Smtp.SmtpStream.SendCommandAsync(String command, CancellationToken cancellationToken)
   at MailKit.Net.Smtp.SmtpClient.SendCommandInternalAsync(String command, CancellationToken cancellationToken)
   at MailKit.Net.Smtp.SmtpClient.AuthenticateAsync(Encoding encoding, ICredentials credentials, CancellationToken cancellationToken)
   at EmailWorkerService.EmailConsumerService.SendEmail(EmailNotification email) in D:\estudy2\AI_Generated\estudy\api\EmailWorkerService\EmailConsumerService.cs:line 165
   at EmailWorkerService.EmailConsumerService.<ExecuteAsync>b__6_0(Object model, BasicDeliverEventArgs ea) in D:\estudy2\AI_Generated\estudy\api\EmailWorkerService\EmailConsumerService.cs:line 97
2026-01-03 00:33:47.613 +05:30 [INF] Received message: {"To":"vishal_varshney@hotmail.com","Subject":"Password reset request","Body":"Click the link to reset your password: \u003Ca href=\u0022https://localhost:5001/api/Auth/reset?token=46cd811230fe41f897e99f87cdb7e439\u0022\u003Ehttps://localhost:5001/api/Auth/reset?token=46cd811230fe41f897e99f87cdb7e439\u003C/a\u003E"}
2026-01-03 00:33:48.472 +05:30 [ERR] Failed to send email via SMTP
MailKit.Net.Smtp.SmtpProtocolException: The SMTP server has unexpectedly disconnected: Authentication failed: The provided authorization grant is invalid, expired, or revoked
   at MailKit.Net.Smtp.SmtpStream.ReadAheadAsync(CancellationToken cancellationToken)
   at MailKit.Net.Smtp.SmtpStream.ReadResponseAsync(CancellationToken cancellationToken)
   at MailKit.Net.Smtp.SmtpStream.SendCommandAsync(String command, CancellationToken cancellationToken)
   at MailKit.Net.Smtp.SmtpClient.SendCommandInternalAsync(String command, CancellationToken cancellationToken)
   at MailKit.Net.Smtp.SmtpClient.AuthenticateAsync(Encoding encoding, ICredentials credentials, CancellationToken cancellationToken)
   at EmailWorkerService.EmailConsumerService.SendEmail(EmailNotification email) in D:\estudy2\AI_Generated\estudy\api\EmailWorkerService\EmailConsumerService.cs:line 165
2026-01-03 00:33:48.526 +05:30 [ERR] Error processing message
MailKit.Net.Smtp.SmtpProtocolException: The SMTP server has unexpectedly disconnected: Authentication failed: The provided authorization grant is invalid, expired, or revoked
   at MailKit.Net.Smtp.SmtpStream.ReadAheadAsync(CancellationToken cancellationToken)
   at MailKit.Net.Smtp.SmtpStream.ReadResponseAsync(CancellationToken cancellationToken)
   at MailKit.Net.Smtp.SmtpStream.SendCommandAsync(String command, CancellationToken cancellationToken)
   at MailKit.Net.Smtp.SmtpClient.SendCommandInternalAsync(String command, CancellationToken cancellationToken)
   at MailKit.Net.Smtp.SmtpClient.AuthenticateAsync(Encoding encoding, ICredentials credentials, CancellationToken cancellationToken)
   at EmailWorkerService.EmailConsumerService.SendEmail(EmailNotification email) in D:\estudy2\AI_Generated\estudy\api\EmailWorkerService\EmailConsumerService.cs:line 165
   at EmailWorkerService.EmailConsumerService.<ExecuteAsync>b__6_0(Object model, BasicDeliverEventArgs ea) in D:\estudy2\AI_Generated\estudy\api\EmailWorkerService\EmailConsumerService.cs:line 97
2026-01-03 00:33:48.527 +05:30 [INF] Received message: {"To":"vishal_varshney@hotmail.com","Subject":"Password reset request","Body":"Click the link to reset your password: \u003Ca href=\u0022https://localhost:5001/api/Auth/reset?token=ff17e79b693944598d7091ca80b9e795\u0022\u003Ehttps://localhost:5001/api/Auth/reset?token=ff17e79b693944598d7091ca80b9e795\u003C/a\u003E"}
2026-01-03 00:33:49.428 +05:30 [ERR] Failed to send email via SMTP
MailKit.Net.Smtp.SmtpProtocolException: The SMTP server has unexpectedly disconnected: Authentication failed: The provided authorization grant is invalid, expired, or revoked
   at MailKit.Net.Smtp.SmtpStream.ReadAheadAsync(CancellationToken cancellationToken)
   at MailKit.Net.Smtp.SmtpStream.ReadResponseAsync(CancellationToken cancellationToken)
   at MailKit.Net.Smtp.SmtpStream.SendCommandAsync(String command, CancellationToken cancellationToken)
   at MailKit.Net.Smtp.SmtpClient.SendCommandInternalAsync(String command, CancellationToken cancellationToken)
   at MailKit.Net.Smtp.SmtpClient.AuthenticateAsync(Encoding encoding, ICredentials credentials, CancellationToken cancellationToken)
   at EmailWorkerService.EmailConsumerService.SendEmail(EmailNotification email) in D:\estudy2\AI_Generated\estudy\api\EmailWorkerService\EmailConsumerService.cs:line 165
2026-01-03 00:33:49.480 +05:30 [ERR] Error processing message
MailKit.Net.Smtp.SmtpProtocolException: The SMTP server has unexpectedly disconnected: Authentication failed: The provided authorization grant is invalid, expired, or revoked
   at MailKit.Net.Smtp.SmtpStream.ReadAheadAsync(CancellationToken cancellationToken)
   at MailKit.Net.Smtp.SmtpStream.ReadResponseAsync(CancellationToken cancellationToken)
   at MailKit.Net.Smtp.SmtpStream.SendCommandAsync(String command, CancellationToken cancellationToken)
   at MailKit.Net.Smtp.SmtpClient.SendCommandInternalAsync(String command, CancellationToken cancellationToken)
   at MailKit.Net.Smtp.SmtpClient.AuthenticateAsync(Encoding encoding, ICredentials credentials, CancellationToken cancellationToken)
   at EmailWorkerService.EmailConsumerService.SendEmail(EmailNotification email) in D:\estudy2\AI_Generated\estudy\api\EmailWorkerService\EmailConsumerService.cs:line 165
   at EmailWorkerService.EmailConsumerService.<ExecuteAsync>b__6_0(Object model, BasicDeliverEventArgs ea) in D:\estudy2\AI_Generated\estudy\api\EmailWorkerService\EmailConsumerService.cs:line 97
2026-01-03 00:33:49.480 +05:30 [INF] Received message: {"To":"vishal_varshney@hotmail.com","Subject":"Password reset request","Body":"Click the link to reset your password: \u003Ca href=\u0022https://localhost:5001/api/Auth/reset?token=96aeb82bec604da2a58662c6d40f4635\u0022\u003Ehttps://localhost:5001/api/Auth/reset?token=96aeb82bec604da2a58662c6d40f4635\u003C/a\u003E"}
2026-01-03 00:33:50.347 +05:30 [ERR] Failed to send email via SMTP
MailKit.Net.Smtp.SmtpProtocolException: The SMTP server has unexpectedly disconnected: Authentication failed: The provided authorization grant is invalid, expired, or revoked
   at MailKit.Net.Smtp.SmtpStream.ReadAheadAsync(CancellationToken cancellationToken)
   at MailKit.Net.Smtp.SmtpStream.ReadResponseAsync(CancellationToken cancellationToken)
   at MailKit.Net.Smtp.SmtpStream.SendCommandAsync(String command, CancellationToken cancellationToken)
   at MailKit.Net.Smtp.SmtpClient.SendCommandInternalAsync(String command, CancellationToken cancellationToken)
   at MailKit.Net.Smtp.SmtpClient.AuthenticateAsync(Encoding encoding, ICredentials credentials, CancellationToken cancellationToken)
   at EmailWorkerService.EmailConsumerService.SendEmail(EmailNotification email) in D:\estudy2\AI_Generated\estudy\api\EmailWorkerService\EmailConsumerService.cs:line 165
2026-01-03 00:33:50.398 +05:30 [ERR] Error processing message
MailKit.Net.Smtp.SmtpProtocolException: The SMTP server has unexpectedly disconnected: Authentication failed: The provided authorization grant is invalid, expired, or revoked
   at MailKit.Net.Smtp.SmtpStream.ReadAheadAsync(CancellationToken cancellationToken)
   at MailKit.Net.Smtp.SmtpStream.ReadResponseAsync(CancellationToken cancellationToken)
   at MailKit.Net.Smtp.SmtpStream.SendCommandAsync(String command, CancellationToken cancellationToken)
   at MailKit.Net.Smtp.SmtpClient.SendCommandInternalAsync(String command, CancellationToken cancellationToken)
   at MailKit.Net.Smtp.SmtpClient.AuthenticateAsync(Encoding encoding, ICredentials credentials, CancellationToken cancellationToken)
   at EmailWorkerService.EmailConsumerService.SendEmail(EmailNotification email) in D:\estudy2\AI_Generated\estudy\api\EmailWorkerService\EmailConsumerService.cs:line 165
   at EmailWorkerService.EmailConsumerService.<ExecuteAsync>b__6_0(Object model, BasicDeliverEventArgs ea) in D:\estudy2\AI_Generated\estudy\api\EmailWorkerService\EmailConsumerService.cs:line 97
2026-01-03 00:33:50.398 +05:30 [INF] Received message: {"To":"vishal_varshney@hotmail.com","Subject":"Password reset request","Body":"Click the link to reset your password: \u003Ca href=\u0022https://localhost:5001/api/Auth/reset?token=46cd811230fe41f897e99f87cdb7e439\u0022\u003Ehttps://localhost:5001/api/Auth/reset?token=46cd811230fe41f897e99f87cdb7e439\u003C/a\u003E"}
2026-01-03 00:33:51.343 +05:30 [ERR] Failed to send email via SMTP
MailKit.Net.Smtp.SmtpProtocolException: The SMTP server has unexpectedly disconnected: Authentication failed: The provided authorization grant is invalid, expired, or revoked
   at MailKit.Net.Smtp.SmtpStream.ReadAheadAsync(CancellationToken cancellationToken)
   at MailKit.Net.Smtp.SmtpStream.ReadResponseAsync(CancellationToken cancellationToken)
   at MailKit.Net.Smtp.SmtpStream.SendCommandAsync(String command, CancellationToken cancellationToken)
   at MailKit.Net.Smtp.SmtpClient.SendCommandInternalAsync(String command, CancellationToken cancellationToken)
   at MailKit.Net.Smtp.SmtpClient.AuthenticateAsync(Encoding encoding, ICredentials credentials, CancellationToken cancellationToken)
   at EmailWorkerService.EmailConsumerService.SendEmail(EmailNotification email) in D:\estudy2\AI_Generated\estudy\api\EmailWorkerService\EmailConsumerService.cs:line 165
2026-01-03 00:33:51.397 +05:30 [ERR] Error processing message
MailKit.Net.Smtp.SmtpProtocolException: The SMTP server has unexpectedly disconnected: Authentication failed: The provided authorization grant is invalid, expired, or revoked
   at MailKit.Net.Smtp.SmtpStream.ReadAheadAsync(CancellationToken cancellationToken)
   at MailKit.Net.Smtp.SmtpStream.ReadResponseAsync(CancellationToken cancellationToken)
   at MailKit.Net.Smtp.SmtpStream.SendCommandAsync(String command, CancellationToken cancellationToken)
   at MailKit.Net.Smtp.SmtpClient.SendCommandInternalAsync(String command, CancellationToken cancellationToken)
   at MailKit.Net.Smtp.SmtpClient.AuthenticateAsync(Encoding encoding, ICredentials credentials, CancellationToken cancellationToken)
   at EmailWorkerService.EmailConsumerService.SendEmail(EmailNotification email) in D:\estudy2\AI_Generated\estudy\api\EmailWorkerService\EmailConsumerService.cs:line 165
   at EmailWorkerService.EmailConsumerService.<ExecuteAsync>b__6_0(Object model, BasicDeliverEventArgs ea) in D:\estudy2\AI_Generated\estudy\api\EmailWorkerService\EmailConsumerService.cs:line 97
2026-01-03 00:33:51.397 +05:30 [INF] Received message: {"To":"vishal_varshney@hotmail.com","Subject":"Password reset request","Body":"Click the link to reset your password: \u003Ca href=\u0022https://localhost:5001/api/Auth/reset?token=ff17e79b693944598d7091ca80b9e795\u0022\u003Ehttps://localhost:5001/api/Auth/reset?token=ff17e79b693944598d7091ca80b9e795\u003C/a\u003E"}
2026-01-03 00:33:52.328 +05:30 [ERR] Failed to send email via SMTP
MailKit.Net.Smtp.SmtpProtocolException: The SMTP server has unexpectedly disconnected: Authentication failed: The provided authorization grant is invalid, expired, or revoked
   at MailKit.Net.Smtp.SmtpStream.ReadAheadAsync(CancellationToken cancellationToken)
   at MailKit.Net.Smtp.SmtpStream.ReadResponseAsync(CancellationToken cancellationToken)
   at MailKit.Net.Smtp.SmtpStream.SendCommandAsync(String command, CancellationToken cancellationToken)
   at MailKit.Net.Smtp.SmtpClient.SendCommandInternalAsync(String command, CancellationToken cancellationToken)
   at MailKit.Net.Smtp.SmtpClient.AuthenticateAsync(Encoding encoding, ICredentials credentials, CancellationToken cancellationToken)
   at EmailWorkerService.EmailConsumerService.SendEmail(EmailNotification email) in D:\estudy2\AI_Generated\estudy\api\EmailWorkerService\EmailConsumerService.cs:line 165
2026-01-03 00:33:52.379 +05:30 [ERR] Error processing message
MailKit.Net.Smtp.SmtpProtocolException: The SMTP server has unexpectedly disconnected: Authentication failed: The provided authorization grant is invalid, expired, or revoked
   at MailKit.Net.Smtp.SmtpStream.ReadAheadAsync(CancellationToken cancellationToken)
   at MailKit.Net.Smtp.SmtpStream.ReadResponseAsync(CancellationToken cancellationToken)
   at MailKit.Net.Smtp.SmtpStream.SendCommandAsync(String command, CancellationToken cancellationToken)
   at MailKit.Net.Smtp.SmtpClient.SendCommandInternalAsync(String command, CancellationToken cancellationToken)
   at MailKit.Net.Smtp.SmtpClient.AuthenticateAsync(Encoding encoding, ICredentials credentials, CancellationToken cancellationToken)
   at EmailWorkerService.EmailConsumerService.SendEmail(EmailNotification email) in D:\estudy2\AI_Generated\estudy\api\EmailWorkerService\EmailConsumerService.cs:line 165
   at EmailWorkerService.EmailConsumerService.<ExecuteAsync>b__6_0(Object model, BasicDeliverEventArgs ea) in D:\estudy2\AI_Generated\estudy\api\EmailWorkerService\EmailConsumerService.cs:line 97
2026-01-03 00:33:52.379 +05:30 [INF] Received message: {"To":"vishal_varshney@hotmail.com","Subject":"Password reset request","Body":"Click the link to reset your password: \u003Ca href=\u0022https://localhost:5001/api/Auth/reset?token=96aeb82bec604da2a58662c6d40f4635\u0022\u003Ehttps://localhost:5001/api/Auth/reset?token=96aeb82bec604da2a58662c6d40f4635\u003C/a\u003E"}
2026-01-03 00:33:53.613 +05:30 [ERR] Failed to send email via SMTP
MailKit.Net.Smtp.SmtpProtocolException: The SMTP server has unexpectedly disconnected: Authentication failed: The provided authorization grant is invalid, expired, or revoked
   at MailKit.Net.Smtp.SmtpStream.ReadAheadAsync(CancellationToken cancellationToken)
   at MailKit.Net.Smtp.SmtpStream.ReadResponseAsync(CancellationToken cancellationToken)
   at MailKit.Net.Smtp.SmtpStream.SendCommandAsync(String command, CancellationToken cancellationToken)
   at MailKit.Net.Smtp.SmtpClient.SendCommandInternalAsync(String command, CancellationToken cancellationToken)
   at MailKit.Net.Smtp.SmtpClient.AuthenticateAsync(Encoding encoding, ICredentials credentials, CancellationToken cancellationToken)
   at EmailWorkerService.EmailConsumerService.SendEmail(EmailNotification email) in D:\estudy2\AI_Generated\estudy\api\EmailWorkerService\EmailConsumerService.cs:line 165
2026-01-03 00:33:53.661 +05:30 [ERR] Error processing message
MailKit.Net.Smtp.SmtpProtocolException: The SMTP server has unexpectedly disconnected: Authentication failed: The provided authorization grant is invalid, expired, or revoked
   at MailKit.Net.Smtp.SmtpStream.ReadAheadAsync(CancellationToken cancellationToken)
   at MailKit.Net.Smtp.SmtpStream.ReadResponseAsync(CancellationToken cancellationToken)
   at MailKit.Net.Smtp.SmtpStream.SendCommandAsync(String command, CancellationToken cancellationToken)
   at MailKit.Net.Smtp.SmtpClient.SendCommandInternalAsync(String command, CancellationToken cancellationToken)
   at MailKit.Net.Smtp.SmtpClient.AuthenticateAsync(Encoding encoding, ICredentials credentials, CancellationToken cancellationToken)
   at EmailWorkerService.EmailConsumerService.SendEmail(EmailNotification email) in D:\estudy2\AI_Generated\estudy\api\EmailWorkerService\EmailConsumerService.cs:line 165
   at EmailWorkerService.EmailConsumerService.<ExecuteAsync>b__6_0(Object model, BasicDeliverEventArgs ea) in D:\estudy2\AI_Generated\estudy\api\EmailWorkerService\EmailConsumerService.cs:line 97
2026-01-03 00:33:53.662 +05:30 [INF] Received message: {"To":"vishal_varshney@hotmail.com","Subject":"Password reset request","Body":"Click the link to reset your password: \u003Ca href=\u0022https://localhost:5001/api/Auth/reset?token=46cd811230fe41f897e99f87cdb7e439\u0022\u003Ehttps://localhost:5001/api/Auth/reset?token=46cd811230fe41f897e99f87cdb7e439\u003C/a\u003E"}
2026-01-03 00:33:54.598 +05:30 [ERR] Failed to send email via SMTP
MailKit.Net.Smtp.SmtpProtocolException: The SMTP server has unexpectedly disconnected: Authentication failed: The provided authorization grant is invalid, expired, or revoked
   at MailKit.Net.Smtp.SmtpStream.ReadAheadAsync(CancellationToken cancellationToken)
   at MailKit.Net.Smtp.SmtpStream.ReadResponseAsync(CancellationToken cancellationToken)
   at MailKit.Net.Smtp.SmtpStream.SendCommandAsync(String command, CancellationToken cancellationToken)
   at MailKit.Net.Smtp.SmtpClient.SendCommandInternalAsync(String command, CancellationToken cancellationToken)
   at MailKit.Net.Smtp.SmtpClient.AuthenticateAsync(Encoding encoding, ICredentials credentials, CancellationToken cancellationToken)
   at EmailWorkerService.EmailConsumerService.SendEmail(EmailNotification email) in D:\estudy2\AI_Generated\estudy\api\EmailWorkerService\EmailConsumerService.cs:line 165
2026-01-03 00:33:54.646 +05:30 [ERR] Error processing message
MailKit.Net.Smtp.SmtpProtocolException: The SMTP server has unexpectedly disconnected: Authentication failed: The provided authorization grant is invalid, expired, or revoked
   at MailKit.Net.Smtp.SmtpStream.ReadAheadAsync(CancellationToken cancellationToken)
   at MailKit.Net.Smtp.SmtpStream.ReadResponseAsync(CancellationToken cancellationToken)
   at MailKit.Net.Smtp.SmtpStream.SendCommandAsync(String command, CancellationToken cancellationToken)
   at MailKit.Net.Smtp.SmtpClient.SendCommandInternalAsync(String command, CancellationToken cancellationToken)
   at MailKit.Net.Smtp.SmtpClient.AuthenticateAsync(Encoding encoding, ICredentials credentials, CancellationToken cancellationToken)
   at EmailWorkerService.EmailConsumerService.SendEmail(EmailNotification email) in D:\estudy2\AI_Generated\estudy\api\EmailWorkerService\EmailConsumerService.cs:line 165
   at EmailWorkerService.EmailConsumerService.<ExecuteAsync>b__6_0(Object model, BasicDeliverEventArgs ea) in D:\estudy2\AI_Generated\estudy\api\EmailWorkerService\EmailConsumerService.cs:line 97
2026-01-03 00:33:54.646 +05:30 [INF] Received message: {"To":"vishal_varshney@hotmail.com","Subject":"Password reset request","Body":"Click the link to reset your password: \u003Ca href=\u0022https://localhost:5001/api/Auth/reset?token=ff17e79b693944598d7091ca80b9e795\u0022\u003Ehttps://localhost:5001/api/Auth/reset?token=ff17e79b693944598d7091ca80b9e795\u003C/a\u003E"}
2026-01-03 00:33:55.609 +05:30 [ERR] Failed to send email via SMTP
MailKit.Net.Smtp.SmtpProtocolException: The SMTP server has unexpectedly disconnected: Authentication failed: The provided authorization grant is invalid, expired, or revoked
   at MailKit.Net.Smtp.SmtpStream.ReadAheadAsync(CancellationToken cancellationToken)
   at MailKit.Net.Smtp.SmtpStream.ReadResponseAsync(CancellationToken cancellationToken)
   at MailKit.Net.Smtp.SmtpStream.SendCommandAsync(String command, CancellationToken cancellationToken)
   at MailKit.Net.Smtp.SmtpClient.SendCommandInternalAsync(String command, CancellationToken cancellationToken)
   at MailKit.Net.Smtp.SmtpClient.AuthenticateAsync(Encoding encoding, ICredentials credentials, CancellationToken cancellationToken)
   at EmailWorkerService.EmailConsumerService.SendEmail(EmailNotification email) in D:\estudy2\AI_Generated\estudy\api\EmailWorkerService\EmailConsumerService.cs:line 165
2026-01-03 00:33:55.661 +05:30 [ERR] Error processing message
MailKit.Net.Smtp.SmtpProtocolException: The SMTP server has unexpectedly disconnected: Authentication failed: The provided authorization grant is invalid, expired, or revoked
   at MailKit.Net.Smtp.SmtpStream.ReadAheadAsync(CancellationToken cancellationToken)
   at MailKit.Net.Smtp.SmtpStream.ReadResponseAsync(CancellationToken cancellationToken)
   at MailKit.Net.Smtp.SmtpStream.SendCommandAsync(String command, CancellationToken cancellationToken)
   at MailKit.Net.Smtp.SmtpClient.SendCommandInternalAsync(String command, CancellationToken cancellationToken)
   at MailKit.Net.Smtp.SmtpClient.AuthenticateAsync(Encoding encoding, ICredentials credentials, CancellationToken cancellationToken)
   at EmailWorkerService.EmailConsumerService.SendEmail(EmailNotification email) in D:\estudy2\AI_Generated\estudy\api\EmailWorkerService\EmailConsumerService.cs:line 165
   at EmailWorkerService.EmailConsumerService.<ExecuteAsync>b__6_0(Object model, BasicDeliverEventArgs ea) in D:\estudy2\AI_Generated\estudy\api\EmailWorkerService\EmailConsumerService.cs:line 97
2026-01-03 00:33:55.662 +05:30 [INF] Received message: {"To":"vishal_varshney@hotmail.com","Subject":"Password reset request","Body":"Click the link to reset your password: \u003Ca href=\u0022https://localhost:5001/api/Auth/reset?token=96aeb82bec604da2a58662c6d40f4635\u0022\u003Ehttps://localhost:5001/api/Auth/reset?token=96aeb82bec604da2a58662c6d40f4635\u003C/a\u003E"}
2026-01-03 00:33:56.497 +05:30 [ERR] Failed to send email via SMTP
MailKit.Net.Smtp.SmtpProtocolException: The SMTP server has unexpectedly disconnected: Authentication failed: The provided authorization grant is invalid, expired, or revoked
   at MailKit.Net.Smtp.SmtpStream.ReadAheadAsync(CancellationToken cancellationToken)
   at MailKit.Net.Smtp.SmtpStream.ReadResponseAsync(CancellationToken cancellationToken)
   at MailKit.Net.Smtp.SmtpStream.SendCommandAsync(String command, CancellationToken cancellationToken)
   at MailKit.Net.Smtp.SmtpClient.SendCommandInternalAsync(String command, CancellationToken cancellationToken)
   at MailKit.Net.Smtp.SmtpClient.AuthenticateAsync(Encoding encoding, ICredentials credentials, CancellationToken cancellationToken)
   at EmailWorkerService.EmailConsumerService.SendEmail(EmailNotification email) in D:\estudy2\AI_Generated\estudy\api\EmailWorkerService\EmailConsumerService.cs:line 165
2026-01-03 00:33:56.545 +05:30 [ERR] Error processing message
MailKit.Net.Smtp.SmtpProtocolException: The SMTP server has unexpectedly disconnected: Authentication failed: The provided authorization grant is invalid, expired, or revoked
   at MailKit.Net.Smtp.SmtpStream.ReadAheadAsync(CancellationToken cancellationToken)
   at MailKit.Net.Smtp.SmtpStream.ReadResponseAsync(CancellationToken cancellationToken)
   at MailKit.Net.Smtp.SmtpStream.SendCommandAsync(String command, CancellationToken cancellationToken)
   at MailKit.Net.Smtp.SmtpClient.SendCommandInternalAsync(String command, CancellationToken cancellationToken)
   at MailKit.Net.Smtp.SmtpClient.AuthenticateAsync(Encoding encoding, ICredentials credentials, CancellationToken cancellationToken)
   at EmailWorkerService.EmailConsumerService.SendEmail(EmailNotification email) in D:\estudy2\AI_Generated\estudy\api\EmailWorkerService\EmailConsumerService.cs:line 165
   at EmailWorkerService.EmailConsumerService.<ExecuteAsync>b__6_0(Object model, BasicDeliverEventArgs ea) in D:\estudy2\AI_Generated\estudy\api\EmailWorkerService\EmailConsumerService.cs:line 97
2026-01-03 00:33:56.545 +05:30 [INF] Received message: {"To":"vishal_varshney@hotmail.com","Subject":"Password reset request","Body":"Click the link to reset your password: \u003Ca href=\u0022https://localhost:5001/api/Auth/reset?token=46cd811230fe41f897e99f87cdb7e439\u0022\u003Ehttps://localhost:5001/api/Auth/reset?token=46cd811230fe41f897e99f87cdb7e439\u003C/a\u003E"}
2026-01-03 00:33:57.491 +05:30 [ERR] Failed to send email via SMTP
MailKit.Net.Smtp.SmtpProtocolException: The SMTP server has unexpectedly disconnected: Authentication failed: The provided authorization grant is invalid, expired, or revoked
   at MailKit.Net.Smtp.SmtpStream.ReadAheadAsync(CancellationToken cancellationToken)
   at MailKit.Net.Smtp.SmtpStream.ReadResponseAsync(CancellationToken cancellationToken)
   at MailKit.Net.Smtp.SmtpStream.SendCommandAsync(String command, CancellationToken cancellationToken)
   at MailKit.Net.Smtp.SmtpClient.SendCommandInternalAsync(String command, CancellationToken cancellationToken)
   at MailKit.Net.Smtp.SmtpClient.AuthenticateAsync(Encoding encoding, ICredentials credentials, CancellationToken cancellationToken)
   at EmailWorkerService.EmailConsumerService.SendEmail(EmailNotification email) in D:\estudy2\AI_Generated\estudy\api\EmailWorkerService\EmailConsumerService.cs:line 165
2026-01-03 00:33:57.541 +05:30 [ERR] Error processing message
MailKit.Net.Smtp.SmtpProtocolException: The SMTP server has unexpectedly disconnected: Authentication failed: The provided authorization grant is invalid, expired, or revoked
   at MailKit.Net.Smtp.SmtpStream.ReadAheadAsync(CancellationToken cancellationToken)
   at MailKit.Net.Smtp.SmtpStream.ReadResponseAsync(CancellationToken cancellationToken)
   at MailKit.Net.Smtp.SmtpStream.SendCommandAsync(String command, CancellationToken cancellationToken)
   at MailKit.Net.Smtp.SmtpClient.SendCommandInternalAsync(String command, CancellationToken cancellationToken)
   at MailKit.Net.Smtp.SmtpClient.AuthenticateAsync(Encoding encoding, ICredentials credentials, CancellationToken cancellationToken)
   at EmailWorkerService.EmailConsumerService.SendEmail(EmailNotification email) in D:\estudy2\AI_Generated\estudy\api\EmailWorkerService\EmailConsumerService.cs:line 165
   at EmailWorkerService.EmailConsumerService.<ExecuteAsync>b__6_0(Object model, BasicDeliverEventArgs ea) in D:\estudy2\AI_Generated\estudy\api\EmailWorkerService\EmailConsumerService.cs:line 97
2026-01-03 00:33:57.542 +05:30 [INF] Received message: {"To":"vishal_varshney@hotmail.com","Subject":"Password reset request","Body":"Click the link to reset your password: \u003Ca href=\u0022https://localhost:5001/api/Auth/reset?token=ff17e79b693944598d7091ca80b9e795\u0022\u003Ehttps://localhost:5001/api/Auth/reset?token=ff17e79b693944598d7091ca80b9e795\u003C/a\u003E"}
2026-01-03 00:33:58.428 +05:30 [ERR] Failed to send email via SMTP
MailKit.Net.Smtp.SmtpProtocolException: The SMTP server has unexpectedly disconnected: Authentication failed: The provided authorization grant is invalid, expired, or revoked
   at MailKit.Net.Smtp.SmtpStream.ReadAheadAsync(CancellationToken cancellationToken)
   at MailKit.Net.Smtp.SmtpStream.ReadResponseAsync(CancellationToken cancellationToken)
   at MailKit.Net.Smtp.SmtpStream.SendCommandAsync(String command, CancellationToken cancellationToken)
   at MailKit.Net.Smtp.SmtpClient.SendCommandInternalAsync(String command, CancellationToken cancellationToken)
   at MailKit.Net.Smtp.SmtpClient.AuthenticateAsync(Encoding encoding, ICredentials credentials, CancellationToken cancellationToken)
   at EmailWorkerService.EmailConsumerService.SendEmail(EmailNotification email) in D:\estudy2\AI_Generated\estudy\api\EmailWorkerService\EmailConsumerService.cs:line 165
2026-01-03 00:33:58.482 +05:30 [ERR] Error processing message
MailKit.Net.Smtp.SmtpProtocolException: The SMTP server has unexpectedly disconnected: Authentication failed: The provided authorization grant is invalid, expired, or revoked
   at MailKit.Net.Smtp.SmtpStream.ReadAheadAsync(CancellationToken cancellationToken)
   at MailKit.Net.Smtp.SmtpStream.ReadResponseAsync(CancellationToken cancellationToken)
   at MailKit.Net.Smtp.SmtpStream.SendCommandAsync(String command, CancellationToken cancellationToken)
   at MailKit.Net.Smtp.SmtpClient.SendCommandInternalAsync(String command, CancellationToken cancellationToken)
   at MailKit.Net.Smtp.SmtpClient.AuthenticateAsync(Encoding encoding, ICredentials credentials, CancellationToken cancellationToken)
   at EmailWorkerService.EmailConsumerService.SendEmail(EmailNotification email) in D:\estudy2\AI_Generated\estudy\api\EmailWorkerService\EmailConsumerService.cs:line 165
   at EmailWorkerService.EmailConsumerService.<ExecuteAsync>b__6_0(Object model, BasicDeliverEventArgs ea) in D:\estudy2\AI_Generated\estudy\api\EmailWorkerService\EmailConsumerService.cs:line 97
2026-01-03 00:33:58.482 +05:30 [INF] Received message: {"To":"vishal_varshney@hotmail.com","Subject":"Password reset request","Body":"Click the link to reset your password: \u003Ca href=\u0022https://localhost:5001/api/Auth/reset?token=96aeb82bec604da2a58662c6d40f4635\u0022\u003Ehttps://localhost:5001/api/Auth/reset?token=96aeb82bec604da2a58662c6d40f4635\u003C/a\u003E"}
2026-01-03 00:33:59.521 +05:30 [ERR] Failed to send email via SMTP
MailKit.Net.Smtp.SmtpProtocolException: The SMTP server has unexpectedly disconnected: Authentication failed: The provided authorization grant is invalid, expired, or revoked
   at MailKit.Net.Smtp.SmtpStream.ReadAheadAsync(CancellationToken cancellationToken)
   at MailKit.Net.Smtp.SmtpStream.ReadResponseAsync(CancellationToken cancellationToken)
   at MailKit.Net.Smtp.SmtpStream.SendCommandAsync(String command, CancellationToken cancellationToken)
   at MailKit.Net.Smtp.SmtpClient.SendCommandInternalAsync(String command, CancellationToken cancellationToken)
   at MailKit.Net.Smtp.SmtpClient.AuthenticateAsync(Encoding encoding, ICredentials credentials, CancellationToken cancellationToken)
   at EmailWorkerService.EmailConsumerService.SendEmail(EmailNotification email) in D:\estudy2\AI_Generated\estudy\api\EmailWorkerService\EmailConsumerService.cs:line 165
2026-01-03 00:33:59.574 +05:30 [ERR] Error processing message
MailKit.Net.Smtp.SmtpProtocolException: The SMTP server has unexpectedly disconnected: Authentication failed: The provided authorization grant is invalid, expired, or revoked
   at MailKit.Net.Smtp.SmtpStream.ReadAheadAsync(CancellationToken cancellationToken)
   at MailKit.Net.Smtp.SmtpStream.ReadResponseAsync(CancellationToken cancellationToken)
   at MailKit.Net.Smtp.SmtpStream.SendCommandAsync(String command, CancellationToken cancellationToken)
   at MailKit.Net.Smtp.SmtpClient.SendCommandInternalAsync(String command, CancellationToken cancellationToken)
   at MailKit.Net.Smtp.SmtpClient.AuthenticateAsync(Encoding encoding, ICredentials credentials, CancellationToken cancellationToken)
   at EmailWorkerService.EmailConsumerService.SendEmail(EmailNotification email) in D:\estudy2\AI_Generated\estudy\api\EmailWorkerService\EmailConsumerService.cs:line 165
   at EmailWorkerService.EmailConsumerService.<ExecuteAsync>b__6_0(Object model, BasicDeliverEventArgs ea) in D:\estudy2\AI_Generated\estudy\api\EmailWorkerService\EmailConsumerService.cs:line 97
2026-01-03 00:33:59.575 +05:30 [INF] Received message: {"To":"vishal_varshney@hotmail.com","Subject":"Password reset request","Body":"Click the link to reset your password: \u003Ca href=\u0022https://localhost:5001/api/Auth/reset?token=46cd811230fe41f897e99f87cdb7e439\u0022\u003Ehttps://localhost:5001/api/Auth/reset?token=46cd811230fe41f897e99f87cdb7e439\u003C/a\u003E"}
2026-01-03 00:34:00.478 +05:30 [ERR] Failed to send email via SMTP
MailKit.Net.Smtp.SmtpProtocolException: The SMTP server has unexpectedly disconnected: Authentication failed: The provided authorization grant is invalid, expired, or revoked
   at MailKit.Net.Smtp.SmtpStream.ReadAheadAsync(CancellationToken cancellationToken)
   at MailKit.Net.Smtp.SmtpStream.ReadResponseAsync(CancellationToken cancellationToken)
   at MailKit.Net.Smtp.SmtpStream.SendCommandAsync(String command, CancellationToken cancellationToken)
   at MailKit.Net.Smtp.SmtpClient.SendCommandInternalAsync(String command, CancellationToken cancellationToken)
   at MailKit.Net.Smtp.SmtpClient.AuthenticateAsync(Encoding encoding, ICredentials credentials, CancellationToken cancellationToken)
   at EmailWorkerService.EmailConsumerService.SendEmail(EmailNotification email) in D:\estudy2\AI_Generated\estudy\api\EmailWorkerService\EmailConsumerService.cs:line 165
2026-01-03 00:34:00.528 +05:30 [ERR] Error processing message
MailKit.Net.Smtp.SmtpProtocolException: The SMTP server has unexpectedly disconnected: Authentication failed: The provided authorization grant is invalid, expired, or revoked
   at MailKit.Net.Smtp.SmtpStream.ReadAheadAsync(CancellationToken cancellationToken)
   at MailKit.Net.Smtp.SmtpStream.ReadResponseAsync(CancellationToken cancellationToken)
   at MailKit.Net.Smtp.SmtpStream.SendCommandAsync(String command, CancellationToken cancellationToken)
   at MailKit.Net.Smtp.SmtpClient.SendCommandInternalAsync(String command, CancellationToken cancellationToken)
   at MailKit.Net.Smtp.SmtpClient.AuthenticateAsync(Encoding encoding, ICredentials credentials, CancellationToken cancellationToken)
   at EmailWorkerService.EmailConsumerService.SendEmail(EmailNotification email) in D:\estudy2\AI_Generated\estudy\api\EmailWorkerService\EmailConsumerService.cs:line 165
   at EmailWorkerService.EmailConsumerService.<ExecuteAsync>b__6_0(Object model, BasicDeliverEventArgs ea) in D:\estudy2\AI_Generated\estudy\api\EmailWorkerService\EmailConsumerService.cs:line 97
2026-01-03 00:34:00.529 +05:30 [INF] Received message: {"To":"vishal_varshney@hotmail.com","Subject":"Password reset request","Body":"Click the link to reset your password: \u003Ca href=\u0022https://localhost:5001/api/Auth/reset?token=ff17e79b693944598d7091ca80b9e795\u0022\u003Ehttps://localhost:5001/api/Auth/reset?token=ff17e79b693944598d7091ca80b9e795\u003C/a\u003E"}
2026-01-03 00:34:01.535 +05:30 [ERR] Failed to send email via SMTP
MailKit.Net.Smtp.SmtpProtocolException: The SMTP server has unexpectedly disconnected: Authentication failed: The provided authorization grant is invalid, expired, or revoked
   at MailKit.Net.Smtp.SmtpStream.ReadAheadAsync(CancellationToken cancellationToken)
   at MailKit.Net.Smtp.SmtpStream.ReadResponseAsync(CancellationToken cancellationToken)
   at MailKit.Net.Smtp.SmtpStream.SendCommandAsync(String command, CancellationToken cancellationToken)
   at MailKit.Net.Smtp.SmtpClient.SendCommandInternalAsync(String command, CancellationToken cancellationToken)
   at MailKit.Net.Smtp.SmtpClient.AuthenticateAsync(Encoding encoding, ICredentials credentials, CancellationToken cancellationToken)
   at EmailWorkerService.EmailConsumerService.SendEmail(EmailNotification email) in D:\estudy2\AI_Generated\estudy\api\EmailWorkerService\EmailConsumerService.cs:line 165
2026-01-03 00:34:01.582 +05:30 [ERR] Error processing message
MailKit.Net.Smtp.SmtpProtocolException: The SMTP server has unexpectedly disconnected: Authentication failed: The provided authorization grant is invalid, expired, or revoked
   at MailKit.Net.Smtp.SmtpStream.ReadAheadAsync(CancellationToken cancellationToken)
   at MailKit.Net.Smtp.SmtpStream.ReadResponseAsync(CancellationToken cancellationToken)
   at MailKit.Net.Smtp.SmtpStream.SendCommandAsync(String command, CancellationToken cancellationToken)
   at MailKit.Net.Smtp.SmtpClient.SendCommandInternalAsync(String command, CancellationToken cancellationToken)
   at MailKit.Net.Smtp.SmtpClient.AuthenticateAsync(Encoding encoding, ICredentials credentials, CancellationToken cancellationToken)
   at EmailWorkerService.EmailConsumerService.SendEmail(EmailNotification email) in D:\estudy2\AI_Generated\estudy\api\EmailWorkerService\EmailConsumerService.cs:line 165
   at EmailWorkerService.EmailConsumerService.<ExecuteAsync>b__6_0(Object model, BasicDeliverEventArgs ea) in D:\estudy2\AI_Generated\estudy\api\EmailWorkerService\EmailConsumerService.cs:line 97
2026-01-03 00:34:01.583 +05:30 [INF] Received message: {"To":"vishal_varshney@hotmail.com","Subject":"Password reset request","Body":"Click the link to reset your password: \u003Ca href=\u0022https://localhost:5001/api/Auth/reset?token=96aeb82bec604da2a58662c6d40f4635\u0022\u003Ehttps://localhost:5001/api/Auth/reset?token=96aeb82bec604da2a58662c6d40f4635\u003C/a\u003E"}
2026-01-03 00:34:02.501 +05:30 [ERR] Failed to send email via SMTP
MailKit.Net.Smtp.SmtpProtocolException: The SMTP server has unexpectedly disconnected: Authentication failed: The provided authorization grant is invalid, expired, or revoked
   at MailKit.Net.Smtp.SmtpStream.ReadAheadAsync(CancellationToken cancellationToken)
   at MailKit.Net.Smtp.SmtpStream.ReadResponseAsync(CancellationToken cancellationToken)
   at MailKit.Net.Smtp.SmtpStream.SendCommandAsync(String command, CancellationToken cancellationToken)
   at MailKit.Net.Smtp.SmtpClient.SendCommandInternalAsync(String command, CancellationToken cancellationToken)
   at MailKit.Net.Smtp.SmtpClient.AuthenticateAsync(Encoding encoding, ICredentials credentials, CancellationToken cancellationToken)
   at EmailWorkerService.EmailConsumerService.SendEmail(EmailNotification email) in D:\estudy2\AI_Generated\estudy\api\EmailWorkerService\EmailConsumerService.cs:line 165
2026-01-03 00:34:02.555 +05:30 [ERR] Error processing message
MailKit.Net.Smtp.SmtpProtocolException: The SMTP server has unexpectedly disconnected: Authentication failed: The provided authorization grant is invalid, expired, or revoked
   at MailKit.Net.Smtp.SmtpStream.ReadAheadAsync(CancellationToken cancellationToken)
   at MailKit.Net.Smtp.SmtpStream.ReadResponseAsync(CancellationToken cancellationToken)
   at MailKit.Net.Smtp.SmtpStream.SendCommandAsync(String command, CancellationToken cancellationToken)
   at MailKit.Net.Smtp.SmtpClient.SendCommandInternalAsync(String command, CancellationToken cancellationToken)
   at MailKit.Net.Smtp.SmtpClient.AuthenticateAsync(Encoding encoding, ICredentials credentials, CancellationToken cancellationToken)
   at EmailWorkerService.EmailConsumerService.SendEmail(EmailNotification email) in D:\estudy2\AI_Generated\estudy\api\EmailWorkerService\EmailConsumerService.cs:line 165
   at EmailWorkerService.EmailConsumerService.<ExecuteAsync>b__6_0(Object model, BasicDeliverEventArgs ea) in D:\estudy2\AI_Generated\estudy\api\EmailWorkerService\EmailConsumerService.cs:line 97
2026-01-03 00:34:02.556 +05:30 [INF] Received message: {"To":"vishal_varshney@hotmail.com","Subject":"Password reset request","Body":"Click the link to reset your password: \u003Ca href=\u0022https://localhost:5001/api/Auth/reset?token=46cd811230fe41f897e99f87cdb7e439\u0022\u003Ehttps://localhost:5001/api/Auth/reset?token=46cd811230fe41f897e99f87cdb7e439\u003C/a\u003E"}
2026-01-03 00:34:03.512 +05:30 [ERR] Failed to send email via SMTP
MailKit.Net.Smtp.SmtpProtocolException: The SMTP server has unexpectedly disconnected: Authentication failed: The provided authorization grant is invalid, expired, or revoked
   at MailKit.Net.Smtp.SmtpStream.ReadAheadAsync(CancellationToken cancellationToken)
   at MailKit.Net.Smtp.SmtpStream.ReadResponseAsync(CancellationToken cancellationToken)
   at MailKit.Net.Smtp.SmtpStream.SendCommandAsync(String command, CancellationToken cancellationToken)
   at MailKit.Net.Smtp.SmtpClient.SendCommandInternalAsync(String command, CancellationToken cancellationToken)
   at MailKit.Net.Smtp.SmtpClient.AuthenticateAsync(Encoding encoding, ICredentials credentials, CancellationToken cancellationToken)
   at EmailWorkerService.EmailConsumerService.SendEmail(EmailNotification email) in D:\estudy2\AI_Generated\estudy\api\EmailWorkerService\EmailConsumerService.cs:line 165
2026-01-03 00:34:03.562 +05:30 [ERR] Error processing message
MailKit.Net.Smtp.SmtpProtocolException: The SMTP server has unexpectedly disconnected: Authentication failed: The provided authorization grant is invalid, expired, or revoked
   at MailKit.Net.Smtp.SmtpStream.ReadAheadAsync(CancellationToken cancellationToken)
   at MailKit.Net.Smtp.SmtpStream.ReadResponseAsync(CancellationToken cancellationToken)
   at MailKit.Net.Smtp.SmtpStream.SendCommandAsync(String command, CancellationToken cancellationToken)
   at MailKit.Net.Smtp.SmtpClient.SendCommandInternalAsync(String command, CancellationToken cancellationToken)
   at MailKit.Net.Smtp.SmtpClient.AuthenticateAsync(Encoding encoding, ICredentials credentials, CancellationToken cancellationToken)
   at EmailWorkerService.EmailConsumerService.SendEmail(EmailNotification email) in D:\estudy2\AI_Generated\estudy\api\EmailWorkerService\EmailConsumerService.cs:line 165
   at EmailWorkerService.EmailConsumerService.<ExecuteAsync>b__6_0(Object model, BasicDeliverEventArgs ea) in D:\estudy2\AI_Generated\estudy\api\EmailWorkerService\EmailConsumerService.cs:line 97
2026-01-03 00:34:03.562 +05:30 [INF] Received message: {"To":"vishal_varshney@hotmail.com","Subject":"Password reset request","Body":"Click the link to reset your password: \u003Ca href=\u0022https://localhost:5001/api/Auth/reset?token=ff17e79b693944598d7091ca80b9e795\u0022\u003Ehttps://localhost:5001/api/Auth/reset?token=ff17e79b693944598d7091ca80b9e795\u003C/a\u003E"}
2026-01-03 00:34:04.426 +05:30 [ERR] Failed to send email via SMTP
MailKit.Net.Smtp.SmtpProtocolException: The SMTP server has unexpectedly disconnected: Authentication failed: The provided authorization grant is invalid, expired, or revoked
   at MailKit.Net.Smtp.SmtpStream.ReadAheadAsync(CancellationToken cancellationToken)
   at MailKit.Net.Smtp.SmtpStream.ReadResponseAsync(CancellationToken cancellationToken)
   at MailKit.Net.Smtp.SmtpStream.SendCommandAsync(String command, CancellationToken cancellationToken)
   at MailKit.Net.Smtp.SmtpClient.SendCommandInternalAsync(String command, CancellationToken cancellationToken)
   at MailKit.Net.Smtp.SmtpClient.AuthenticateAsync(Encoding encoding, ICredentials credentials, CancellationToken cancellationToken)
   at EmailWorkerService.EmailConsumerService.SendEmail(EmailNotification email) in D:\estudy2\AI_Generated\estudy\api\EmailWorkerService\EmailConsumerService.cs:line 165
2026-01-03 00:34:04.479 +05:30 [ERR] Error processing message
MailKit.Net.Smtp.SmtpProtocolException: The SMTP server has unexpectedly disconnected: Authentication failed: The provided authorization grant is invalid, expired, or revoked
   at MailKit.Net.Smtp.SmtpStream.ReadAheadAsync(CancellationToken cancellationToken)
   at MailKit.Net.Smtp.SmtpStream.ReadResponseAsync(CancellationToken cancellationToken)
   at MailKit.Net.Smtp.SmtpStream.SendCommandAsync(String command, CancellationToken cancellationToken)
   at MailKit.Net.Smtp.SmtpClient.SendCommandInternalAsync(String command, CancellationToken cancellationToken)
   at MailKit.Net.Smtp.SmtpClient.AuthenticateAsync(Encoding encoding, ICredentials credentials, CancellationToken cancellationToken)
   at EmailWorkerService.EmailConsumerService.SendEmail(EmailNotification email) in D:\estudy2\AI_Generated\estudy\api\EmailWorkerService\EmailConsumerService.cs:line 165
   at EmailWorkerService.EmailConsumerService.<ExecuteAsync>b__6_0(Object model, BasicDeliverEventArgs ea) in D:\estudy2\AI_Generated\estudy\api\EmailWorkerService\EmailConsumerService.cs:line 97
2026-01-03 00:34:04.480 +05:30 [INF] Received message: {"To":"vishal_varshney@hotmail.com","Subject":"Password reset request","Body":"Click the link to reset your password: \u003Ca href=\u0022https://localhost:5001/api/Auth/reset?token=96aeb82bec604da2a58662c6d40f4635\u0022\u003Ehttps://localhost:5001/api/Auth/reset?token=96aeb82bec604da2a58662c6d40f4635\u003C/a\u003E"}
2026-01-03 00:34:05.383 +05:30 [ERR] Failed to send email via SMTP
MailKit.Net.Smtp.SmtpProtocolException: The SMTP server has unexpectedly disconnected: Authentication failed: The provided authorization grant is invalid, expired, or revoked
   at MailKit.Net.Smtp.SmtpStream.ReadAheadAsync(CancellationToken cancellationToken)
   at MailKit.Net.Smtp.SmtpStream.ReadResponseAsync(CancellationToken cancellationToken)
   at MailKit.Net.Smtp.SmtpStream.SendCommandAsync(String command, CancellationToken cancellationToken)
   at MailKit.Net.Smtp.SmtpClient.SendCommandInternalAsync(String command, CancellationToken cancellationToken)
   at MailKit.Net.Smtp.SmtpClient.AuthenticateAsync(Encoding encoding, ICredentials credentials, CancellationToken cancellationToken)
   at EmailWorkerService.EmailConsumerService.SendEmail(EmailNotification email) in D:\estudy2\AI_Generated\estudy\api\EmailWorkerService\EmailConsumerService.cs:line 165
2026-01-03 00:34:05.431 +05:30 [ERR] Error processing message
MailKit.Net.Smtp.SmtpProtocolException: The SMTP server has unexpectedly disconnected: Authentication failed: The provided authorization grant is invalid, expired, or revoked
   at MailKit.Net.Smtp.SmtpStream.ReadAheadAsync(CancellationToken cancellationToken)
   at MailKit.Net.Smtp.SmtpStream.ReadResponseAsync(CancellationToken cancellationToken)
   at MailKit.Net.Smtp.SmtpStream.SendCommandAsync(String command, CancellationToken cancellationToken)
   at MailKit.Net.Smtp.SmtpClient.SendCommandInternalAsync(String command, CancellationToken cancellationToken)
   at MailKit.Net.Smtp.SmtpClient.AuthenticateAsync(Encoding encoding, ICredentials credentials, CancellationToken cancellationToken)
   at EmailWorkerService.EmailConsumerService.SendEmail(EmailNotification email) in D:\estudy2\AI_Generated\estudy\api\EmailWorkerService\EmailConsumerService.cs:line 165
   at EmailWorkerService.EmailConsumerService.<ExecuteAsync>b__6_0(Object model, BasicDeliverEventArgs ea) in D:\estudy2\AI_Generated\estudy\api\EmailWorkerService\EmailConsumerService.cs:line 97
2026-01-03 00:34:05.431 +05:30 [INF] Received message: {"To":"vishal_varshney@hotmail.com","Subject":"Password reset request","Body":"Click the link to reset your password: \u003Ca href=\u0022https://localhost:5001/api/Auth/reset?token=46cd811230fe41f897e99f87cdb7e439\u0022\u003Ehttps://localhost:5001/api/Auth/reset?token=46cd811230fe41f897e99f87cdb7e439\u003C/a\u003E"}
2026-01-03 00:34:06.296 +05:30 [ERR] Failed to send email via SMTP
MailKit.Net.Smtp.SmtpProtocolException: The SMTP server has unexpectedly disconnected: Authentication failed: The provided authorization grant is invalid, expired, or revoked
   at MailKit.Net.Smtp.SmtpStream.ReadAheadAsync(CancellationToken cancellationToken)
   at MailKit.Net.Smtp.SmtpStream.ReadResponseAsync(CancellationToken cancellationToken)
   at MailKit.Net.Smtp.SmtpStream.SendCommandAsync(String command, CancellationToken cancellationToken)
   at MailKit.Net.Smtp.SmtpClient.SendCommandInternalAsync(String command, CancellationToken cancellationToken)
   at MailKit.Net.Smtp.SmtpClient.AuthenticateAsync(Encoding encoding, ICredentials credentials, CancellationToken cancellationToken)
   at EmailWorkerService.EmailConsumerService.SendEmail(EmailNotification email) in D:\estudy2\AI_Generated\estudy\api\EmailWorkerService\EmailConsumerService.cs:line 165
2026-01-03 00:34:06.350 +05:30 [ERR] Error processing message
MailKit.Net.Smtp.SmtpProtocolException: The SMTP server has unexpectedly disconnected: Authentication failed: The provided authorization grant is invalid, expired, or revoked
   at MailKit.Net.Smtp.SmtpStream.ReadAheadAsync(CancellationToken cancellationToken)
   at MailKit.Net.Smtp.SmtpStream.ReadResponseAsync(CancellationToken cancellationToken)
   at MailKit.Net.Smtp.SmtpStream.SendCommandAsync(String command, CancellationToken cancellationToken)
   at MailKit.Net.Smtp.SmtpClient.SendCommandInternalAsync(String command, CancellationToken cancellationToken)
   at MailKit.Net.Smtp.SmtpClient.AuthenticateAsync(Encoding encoding, ICredentials credentials, CancellationToken cancellationToken)
   at EmailWorkerService.EmailConsumerService.SendEmail(EmailNotification email) in D:\estudy2\AI_Generated\estudy\api\EmailWorkerService\EmailConsumerService.cs:line 165
   at EmailWorkerService.EmailConsumerService.<ExecuteAsync>b__6_0(Object model, BasicDeliverEventArgs ea) in D:\estudy2\AI_Generated\estudy\api\EmailWorkerService\EmailConsumerService.cs:line 97
2026-01-03 00:34:06.351 +05:30 [INF] Received message: {"To":"vishal_varshney@hotmail.com","Subject":"Password reset request","Body":"Click the link to reset your password: \u003Ca href=\u0022https://localhost:5001/api/Auth/reset?token=ff17e79b693944598d7091ca80b9e795\u0022\u003Ehttps://localhost:5001/api/Auth/reset?token=ff17e79b693944598d7091ca80b9e795\u003C/a\u003E"}
2026-01-03 00:34:07.454 +05:30 [ERR] Failed to send email via SMTP
MailKit.Net.Smtp.SmtpProtocolException: The SMTP server has unexpectedly disconnected: Authentication failed: The provided authorization grant is invalid, expired, or revoked
   at MailKit.Net.Smtp.SmtpStream.ReadAheadAsync(CancellationToken cancellationToken)
   at MailKit.Net.Smtp.SmtpStream.ReadResponseAsync(CancellationToken cancellationToken)
   at MailKit.Net.Smtp.SmtpStream.SendCommandAsync(String command, CancellationToken cancellationToken)
   at MailKit.Net.Smtp.SmtpClient.SendCommandInternalAsync(String command, CancellationToken cancellationToken)
   at MailKit.Net.Smtp.SmtpClient.AuthenticateAsync(Encoding encoding, ICredentials credentials, CancellationToken cancellationToken)
   at EmailWorkerService.EmailConsumerService.SendEmail(EmailNotification email) in D:\estudy2\AI_Generated\estudy\api\EmailWorkerService\EmailConsumerService.cs:line 165
2026-01-03 00:34:07.507 +05:30 [ERR] Error processing message
MailKit.Net.Smtp.SmtpProtocolException: The SMTP server has unexpectedly disconnected: Authentication failed: The provided authorization grant is invalid, expired, or revoked
   at MailKit.Net.Smtp.SmtpStream.ReadAheadAsync(CancellationToken cancellationToken)
   at MailKit.Net.Smtp.SmtpStream.ReadResponseAsync(CancellationToken cancellationToken)
   at MailKit.Net.Smtp.SmtpStream.SendCommandAsync(String command, CancellationToken cancellationToken)
   at MailKit.Net.Smtp.SmtpClient.SendCommandInternalAsync(String command, CancellationToken cancellationToken)
   at MailKit.Net.Smtp.SmtpClient.AuthenticateAsync(Encoding encoding, ICredentials credentials, CancellationToken cancellationToken)
   at EmailWorkerService.EmailConsumerService.SendEmail(EmailNotification email) in D:\estudy2\AI_Generated\estudy\api\EmailWorkerService\EmailConsumerService.cs:line 165
   at EmailWorkerService.EmailConsumerService.<ExecuteAsync>b__6_0(Object model, BasicDeliverEventArgs ea) in D:\estudy2\AI_Generated\estudy\api\EmailWorkerService\EmailConsumerService.cs:line 97
2026-01-03 00:34:07.507 +05:30 [INF] Received message: {"To":"vishal_varshney@hotmail.com","Subject":"Password reset request","Body":"Click the link to reset your password: \u003Ca href=\u0022https://localhost:5001/api/Auth/reset?token=96aeb82bec604da2a58662c6d40f4635\u0022\u003Ehttps://localhost:5001/api/Auth/reset?token=96aeb82bec604da2a58662c6d40f4635\u003C/a\u003E"}
2026-01-03 00:34:08.403 +05:30 [ERR] Failed to send email via SMTP
MailKit.Net.Smtp.SmtpProtocolException: The SMTP server has unexpectedly disconnected: Authentication failed: The provided authorization grant is invalid, expired, or revoked
   at MailKit.Net.Smtp.SmtpStream.ReadAheadAsync(CancellationToken cancellationToken)
   at MailKit.Net.Smtp.SmtpStream.ReadResponseAsync(CancellationToken cancellationToken)
   at MailKit.Net.Smtp.SmtpStream.SendCommandAsync(String command, CancellationToken cancellationToken)
   at MailKit.Net.Smtp.SmtpClient.SendCommandInternalAsync(String command, CancellationToken cancellationToken)
   at MailKit.Net.Smtp.SmtpClient.AuthenticateAsync(Encoding encoding, ICredentials credentials, CancellationToken cancellationToken)
   at EmailWorkerService.EmailConsumerService.SendEmail(EmailNotification email) in D:\estudy2\AI_Generated\estudy\api\EmailWorkerService\EmailConsumerService.cs:line 165
2026-01-03 00:34:08.453 +05:30 [ERR] Error processing message
MailKit.Net.Smtp.SmtpProtocolException: The SMTP server has unexpectedly disconnected: Authentication failed: The provided authorization grant is invalid, expired, or revoked
   at MailKit.Net.Smtp.SmtpStream.ReadAheadAsync(CancellationToken cancellationToken)
   at MailKit.Net.Smtp.SmtpStream.ReadResponseAsync(CancellationToken cancellationToken)
   at MailKit.Net.Smtp.SmtpStream.SendCommandAsync(String command, CancellationToken cancellationToken)
   at MailKit.Net.Smtp.SmtpClient.SendCommandInternalAsync(String command, CancellationToken cancellationToken)
   at MailKit.Net.Smtp.SmtpClient.AuthenticateAsync(Encoding encoding, ICredentials credentials, CancellationToken cancellationToken)
   at EmailWorkerService.EmailConsumerService.SendEmail(EmailNotification email) in D:\estudy2\AI_Generated\estudy\api\EmailWorkerService\EmailConsumerService.cs:line 165
   at EmailWorkerService.EmailConsumerService.<ExecuteAsync>b__6_0(Object model, BasicDeliverEventArgs ea) in D:\estudy2\AI_Generated\estudy\api\EmailWorkerService\EmailConsumerService.cs:line 97
2026-01-03 00:34:08.453 +05:30 [INF] Received message: {"To":"vishal_varshney@hotmail.com","Subject":"Password reset request","Body":"Click the link to reset your password: \u003Ca href=\u0022https://localhost:5001/api/Auth/reset?token=46cd811230fe41f897e99f87cdb7e439\u0022\u003Ehttps://localhost:5001/api/Auth/reset?token=46cd811230fe41f897e99f87cdb7e439\u003C/a\u003E"}
2026-01-03 00:34:09.436 +05:30 [ERR] Failed to send email via SMTP
MailKit.Net.Smtp.SmtpProtocolException: The SMTP server has unexpectedly disconnected: Authentication failed: The provided authorization grant is invalid, expired, or revoked
   at MailKit.Net.Smtp.SmtpStream.ReadAheadAsync(CancellationToken cancellationToken)
   at MailKit.Net.Smtp.SmtpStream.ReadResponseAsync(CancellationToken cancellationToken)
   at MailKit.Net.Smtp.SmtpStream.SendCommandAsync(String command, CancellationToken cancellationToken)
   at MailKit.Net.Smtp.SmtpClient.SendCommandInternalAsync(String command, CancellationToken cancellationToken)
   at MailKit.Net.Smtp.SmtpClient.AuthenticateAsync(Encoding encoding, ICredentials credentials, CancellationToken cancellationToken)
   at EmailWorkerService.EmailConsumerService.SendEmail(EmailNotification email) in D:\estudy2\AI_Generated\estudy\api\EmailWorkerService\EmailConsumerService.cs:line 165
2026-01-03 00:34:09.487 +05:30 [ERR] Error processing message
MailKit.Net.Smtp.SmtpProtocolException: The SMTP server has unexpectedly disconnected: Authentication failed: The provided authorization grant is invalid, expired, or revoked
   at MailKit.Net.Smtp.SmtpStream.ReadAheadAsync(CancellationToken cancellationToken)
   at MailKit.Net.Smtp.SmtpStream.ReadResponseAsync(CancellationToken cancellationToken)
   at MailKit.Net.Smtp.SmtpStream.SendCommandAsync(String command, CancellationToken cancellationToken)
   at MailKit.Net.Smtp.SmtpClient.SendCommandInternalAsync(String command, CancellationToken cancellationToken)
   at MailKit.Net.Smtp.SmtpClient.AuthenticateAsync(Encoding encoding, ICredentials credentials, CancellationToken cancellationToken)
   at EmailWorkerService.EmailConsumerService.SendEmail(EmailNotification email) in D:\estudy2\AI_Generated\estudy\api\EmailWorkerService\EmailConsumerService.cs:line 165
   at EmailWorkerService.EmailConsumerService.<ExecuteAsync>b__6_0(Object model, BasicDeliverEventArgs ea) in D:\estudy2\AI_Generated\estudy\api\EmailWorkerService\EmailConsumerService.cs:line 97
2026-01-03 00:34:09.487 +05:30 [INF] Received message: {"To":"vishal_varshney@hotmail.com","Subject":"Password reset request","Body":"Click the link to reset your password: \u003Ca href=\u0022https://localhost:5001/api/Auth/reset?token=ff17e79b693944598d7091ca80b9e795\u0022\u003Ehttps://localhost:5001/api/Auth/reset?token=ff17e79b693944598d7091ca80b9e795\u003C/a\u003E"}
2026-01-03 00:34:10.387 +05:30 [ERR] Failed to send email via SMTP
MailKit.Net.Smtp.SmtpProtocolException: The SMTP server has unexpectedly disconnected: Authentication failed: The provided authorization grant is invalid, expired, or revoked
   at MailKit.Net.Smtp.SmtpStream.ReadAheadAsync(CancellationToken cancellationToken)
   at MailKit.Net.Smtp.SmtpStream.ReadResponseAsync(CancellationToken cancellationToken)
   at MailKit.Net.Smtp.SmtpStream.SendCommandAsync(String command, CancellationToken cancellationToken)
   at MailKit.Net.Smtp.SmtpClient.SendCommandInternalAsync(String command, CancellationToken cancellationToken)
   at MailKit.Net.Smtp.SmtpClient.AuthenticateAsync(Encoding encoding, ICredentials credentials, CancellationToken cancellationToken)
   at EmailWorkerService.EmailConsumerService.SendEmail(EmailNotification email) in D:\estudy2\AI_Generated\estudy\api\EmailWorkerService\EmailConsumerService.cs:line 165
2026-01-03 00:34:10.439 +05:30 [ERR] Error processing message
MailKit.Net.Smtp.SmtpProtocolException: The SMTP server has unexpectedly disconnected: Authentication failed: The provided authorization grant is invalid, expired, or revoked
   at MailKit.Net.Smtp.SmtpStream.ReadAheadAsync(CancellationToken cancellationToken)
   at MailKit.Net.Smtp.SmtpStream.ReadResponseAsync(CancellationToken cancellationToken)
   at MailKit.Net.Smtp.SmtpStream.SendCommandAsync(String command, CancellationToken cancellationToken)
   at MailKit.Net.Smtp.SmtpClient.SendCommandInternalAsync(String command, CancellationToken cancellationToken)
   at MailKit.Net.Smtp.SmtpClient.AuthenticateAsync(Encoding encoding, ICredentials credentials, CancellationToken cancellationToken)
   at EmailWorkerService.EmailConsumerService.SendEmail(EmailNotification email) in D:\estudy2\AI_Generated\estudy\api\EmailWorkerService\EmailConsumerService.cs:line 165
   at EmailWorkerService.EmailConsumerService.<ExecuteAsync>b__6_0(Object model, BasicDeliverEventArgs ea) in D:\estudy2\AI_Generated\estudy\api\EmailWorkerService\EmailConsumerService.cs:line 97
2026-01-03 00:34:10.439 +05:30 [INF] Received message: {"To":"vishal_varshney@hotmail.com","Subject":"Password reset request","Body":"Click the link to reset your password: \u003Ca href=\u0022https://localhost:5001/api/Auth/reset?token=96aeb82bec604da2a58662c6d40f4635\u0022\u003Ehttps://localhost:5001/api/Auth/reset?token=96aeb82bec604da2a58662c6d40f4635\u003C/a\u003E"}
2026-01-03 00:34:11.324 +05:30 [ERR] Failed to send email via SMTP
MailKit.Net.Smtp.SmtpProtocolException: The SMTP server has unexpectedly disconnected: Authentication failed: The provided authorization grant is invalid, expired, or revoked
   at MailKit.Net.Smtp.SmtpStream.ReadAheadAsync(CancellationToken cancellationToken)
   at MailKit.Net.Smtp.SmtpStream.ReadResponseAsync(CancellationToken cancellationToken)
   at MailKit.Net.Smtp.SmtpStream.SendCommandAsync(String command, CancellationToken cancellationToken)
   at MailKit.Net.Smtp.SmtpClient.SendCommandInternalAsync(String command, CancellationToken cancellationToken)
   at MailKit.Net.Smtp.SmtpClient.AuthenticateAsync(Encoding encoding, ICredentials credentials, CancellationToken cancellationToken)
   at EmailWorkerService.EmailConsumerService.SendEmail(EmailNotification email) in D:\estudy2\AI_Generated\estudy\api\EmailWorkerService\EmailConsumerService.cs:line 165
2026-01-03 00:34:11.375 +05:30 [ERR] Error processing message
MailKit.Net.Smtp.SmtpProtocolException: The SMTP server has unexpectedly disconnected: Authentication failed: The provided authorization grant is invalid, expired, or revoked
   at MailKit.Net.Smtp.SmtpStream.ReadAheadAsync(CancellationToken cancellationToken)
   at MailKit.Net.Smtp.SmtpStream.ReadResponseAsync(CancellationToken cancellationToken)
   at MailKit.Net.Smtp.SmtpStream.SendCommandAsync(String command, CancellationToken cancellationToken)
   at MailKit.Net.Smtp.SmtpClient.SendCommandInternalAsync(String command, CancellationToken cancellationToken)
   at MailKit.Net.Smtp.SmtpClient.AuthenticateAsync(Encoding encoding, ICredentials credentials, CancellationToken cancellationToken)
   at EmailWorkerService.EmailConsumerService.SendEmail(EmailNotification email) in D:\estudy2\AI_Generated\estudy\api\EmailWorkerService\EmailConsumerService.cs:line 165
   at EmailWorkerService.EmailConsumerService.<ExecuteAsync>b__6_0(Object model, BasicDeliverEventArgs ea) in D:\estudy2\AI_Generated\estudy\api\EmailWorkerService\EmailConsumerService.cs:line 97
2026-01-03 00:34:11.375 +05:30 [INF] Received message: {"To":"vishal_varshney@hotmail.com","Subject":"Password reset request","Body":"Click the link to reset your password: \u003Ca href=\u0022https://localhost:5001/api/Auth/reset?token=46cd811230fe41f897e99f87cdb7e439\u0022\u003Ehttps://localhost:5001/api/Auth/reset?token=46cd811230fe41f897e99f87cdb7e439\u003C/a\u003E"}
2026-01-03 00:34:12.263 +05:30 [ERR] Failed to send email via SMTP
MailKit.Net.Smtp.SmtpProtocolException: The SMTP server has unexpectedly disconnected: Authentication failed: The provided authorization grant is invalid, expired, or revoked
   at MailKit.Net.Smtp.SmtpStream.ReadAheadAsync(CancellationToken cancellationToken)
   at MailKit.Net.Smtp.SmtpStream.ReadResponseAsync(CancellationToken cancellationToken)
   at MailKit.Net.Smtp.SmtpStream.SendCommandAsync(String command, CancellationToken cancellationToken)
   at MailKit.Net.Smtp.SmtpClient.SendCommandInternalAsync(String command, CancellationToken cancellationToken)
   at MailKit.Net.Smtp.SmtpClient.AuthenticateAsync(Encoding encoding, ICredentials credentials, CancellationToken cancellationToken)
   at EmailWorkerService.EmailConsumerService.SendEmail(EmailNotification email) in D:\estudy2\AI_Generated\estudy\api\EmailWorkerService\EmailConsumerService.cs:line 165
2026-01-03 00:34:12.338 +05:30 [ERR] Error processing message
MailKit.Net.Smtp.SmtpProtocolException: The SMTP server has unexpectedly disconnected: Authentication failed: The provided authorization grant is invalid, expired, or revoked
   at MailKit.Net.Smtp.SmtpStream.ReadAheadAsync(CancellationToken cancellationToken)
   at MailKit.Net.Smtp.SmtpStream.ReadResponseAsync(CancellationToken cancellationToken)
   at MailKit.Net.Smtp.SmtpStream.SendCommandAsync(String command, CancellationToken cancellationToken)
   at MailKit.Net.Smtp.SmtpClient.SendCommandInternalAsync(String command, CancellationToken cancellationToken)
   at MailKit.Net.Smtp.SmtpClient.AuthenticateAsync(Encoding encoding, ICredentials credentials, CancellationToken cancellationToken)
   at EmailWorkerService.EmailConsumerService.SendEmail(EmailNotification email) in D:\estudy2\AI_Generated\estudy\api\EmailWorkerService\EmailConsumerService.cs:line 165
   at EmailWorkerService.EmailConsumerService.<ExecuteAsync>b__6_0(Object model, BasicDeliverEventArgs ea) in D:\estudy2\AI_Generated\estudy\api\EmailWorkerService\EmailConsumerService.cs:line 97
2026-01-03 00:34:12.342 +05:30 [INF] Received message: {"To":"vishal_varshney@hotmail.com","Subject":"Password reset request","Body":"Click the link to reset your password: \u003Ca href=\u0022https://localhost:5001/api/Auth/reset?token=ff17e79b693944598d7091ca80b9e795\u0022\u003Ehttps://localhost:5001/api/Auth/reset?token=ff17e79b693944598d7091ca80b9e795\u003C/a\u003E"}
2026-01-03 00:34:13.314 +05:30 [ERR] Failed to send email via SMTP
MailKit.Net.Smtp.SmtpProtocolException: The SMTP server has unexpectedly disconnected: Authentication failed: The provided authorization grant is invalid, expired, or revoked
   at MailKit.Net.Smtp.SmtpStream.ReadAheadAsync(CancellationToken cancellationToken)
   at MailKit.Net.Smtp.SmtpStream.ReadResponseAsync(CancellationToken cancellationToken)
   at MailKit.Net.Smtp.SmtpStream.SendCommandAsync(String command, CancellationToken cancellationToken)
   at MailKit.Net.Smtp.SmtpClient.SendCommandInternalAsync(String command, CancellationToken cancellationToken)
   at MailKit.Net.Smtp.SmtpClient.AuthenticateAsync(Encoding encoding, ICredentials credentials, CancellationToken cancellationToken)
   at EmailWorkerService.EmailConsumerService.SendEmail(EmailNotification email) in D:\estudy2\AI_Generated\estudy\api\EmailWorkerService\EmailConsumerService.cs:line 165
2026-01-03 00:34:13.362 +05:30 [ERR] Error processing message
MailKit.Net.Smtp.SmtpProtocolException: The SMTP server has unexpectedly disconnected: Authentication failed: The provided authorization grant is invalid, expired, or revoked
   at MailKit.Net.Smtp.SmtpStream.ReadAheadAsync(CancellationToken cancellationToken)
   at MailKit.Net.Smtp.SmtpStream.ReadResponseAsync(CancellationToken cancellationToken)
   at MailKit.Net.Smtp.SmtpStream.SendCommandAsync(String command, CancellationToken cancellationToken)
   at MailKit.Net.Smtp.SmtpClient.SendCommandInternalAsync(String command, CancellationToken cancellationToken)
   at MailKit.Net.Smtp.SmtpClient.AuthenticateAsync(Encoding encoding, ICredentials credentials, CancellationToken cancellationToken)
   at EmailWorkerService.EmailConsumerService.SendEmail(EmailNotification email) in D:\estudy2\AI_Generated\estudy\api\EmailWorkerService\EmailConsumerService.cs:line 165
   at EmailWorkerService.EmailConsumerService.<ExecuteAsync>b__6_0(Object model, BasicDeliverEventArgs ea) in D:\estudy2\AI_Generated\estudy\api\EmailWorkerService\EmailConsumerService.cs:line 97
2026-01-03 00:34:13.362 +05:30 [INF] Received message: {"To":"vishal_varshney@hotmail.com","Subject":"Password reset request","Body":"Click the link to reset your password: \u003Ca href=\u0022https://localhost:5001/api/Auth/reset?token=96aeb82bec604da2a58662c6d40f4635\u0022\u003Ehttps://localhost:5001/api/Auth/reset?token=96aeb82bec604da2a58662c6d40f4635\u003C/a\u003E"}
2026-01-03 00:34:14.197 +05:30 [ERR] Failed to send email via SMTP
MailKit.Net.Smtp.SmtpProtocolException: The SMTP server has unexpectedly disconnected: Authentication failed: The provided authorization grant is invalid, expired, or revoked
   at MailKit.Net.Smtp.SmtpStream.ReadAheadAsync(CancellationToken cancellationToken)
   at MailKit.Net.Smtp.SmtpStream.ReadResponseAsync(CancellationToken cancellationToken)
   at MailKit.Net.Smtp.SmtpStream.SendCommandAsync(String command, CancellationToken cancellationToken)
   at MailKit.Net.Smtp.SmtpClient.SendCommandInternalAsync(String command, CancellationToken cancellationToken)
   at MailKit.Net.Smtp.SmtpClient.AuthenticateAsync(Encoding encoding, ICredentials credentials, CancellationToken cancellationToken)
   at EmailWorkerService.EmailConsumerService.SendEmail(EmailNotification email) in D:\estudy2\AI_Generated\estudy\api\EmailWorkerService\EmailConsumerService.cs:line 165
2026-01-03 00:34:14.246 +05:30 [ERR] Error processing message
MailKit.Net.Smtp.SmtpProtocolException: The SMTP server has unexpectedly disconnected: Authentication failed: The provided authorization grant is invalid, expired, or revoked
   at MailKit.Net.Smtp.SmtpStream.ReadAheadAsync(CancellationToken cancellationToken)
   at MailKit.Net.Smtp.SmtpStream.ReadResponseAsync(CancellationToken cancellationToken)
   at MailKit.Net.Smtp.SmtpStream.SendCommandAsync(String command, CancellationToken cancellationToken)
   at MailKit.Net.Smtp.SmtpClient.SendCommandInternalAsync(String command, CancellationToken cancellationToken)
   at MailKit.Net.Smtp.SmtpClient.AuthenticateAsync(Encoding encoding, ICredentials credentials, CancellationToken cancellationToken)
   at EmailWorkerService.EmailConsumerService.SendEmail(EmailNotification email) in D:\estudy2\AI_Generated\estudy\api\EmailWorkerService\EmailConsumerService.cs:line 165
   at EmailWorkerService.EmailConsumerService.<ExecuteAsync>b__6_0(Object model, BasicDeliverEventArgs ea) in D:\estudy2\AI_Generated\estudy\api\EmailWorkerService\EmailConsumerService.cs:line 97
2026-01-03 00:34:14.247 +05:30 [INF] Received message: {"To":"vishal_varshney@hotmail.com","Subject":"Password reset request","Body":"Click the link to reset your password: \u003Ca href=\u0022https://localhost:5001/api/Auth/reset?token=46cd811230fe41f897e99f87cdb7e439\u0022\u003Ehttps://localhost:5001/api/Auth/reset?token=46cd811230fe41f897e99f87cdb7e439\u003C/a\u003E"}
2026-01-03 00:34:15.034 +05:30 [ERR] Failed to send email via SMTP
MailKit.Net.Smtp.SmtpProtocolException: The SMTP server has unexpectedly disconnected: Authentication failed: The provided authorization grant is invalid, expired, or revoked
   at MailKit.Net.Smtp.SmtpStream.ReadAheadAsync(CancellationToken cancellationToken)
   at MailKit.Net.Smtp.SmtpStream.ReadResponseAsync(CancellationToken cancellationToken)
   at MailKit.Net.Smtp.SmtpStream.SendCommandAsync(String command, CancellationToken cancellationToken)
   at MailKit.Net.Smtp.SmtpClient.SendCommandInternalAsync(String command, CancellationToken cancellationToken)
   at MailKit.Net.Smtp.SmtpClient.AuthenticateAsync(Encoding encoding, ICredentials credentials, CancellationToken cancellationToken)
   at EmailWorkerService.EmailConsumerService.SendEmail(EmailNotification email) in D:\estudy2\AI_Generated\estudy\api\EmailWorkerService\EmailConsumerService.cs:line 165
2026-01-03 00:34:15.083 +05:30 [ERR] Error processing message
MailKit.Net.Smtp.SmtpProtocolException: The SMTP server has unexpectedly disconnected: Authentication failed: The provided authorization grant is invalid, expired, or revoked
   at MailKit.Net.Smtp.SmtpStream.ReadAheadAsync(CancellationToken cancellationToken)
   at MailKit.Net.Smtp.SmtpStream.ReadResponseAsync(CancellationToken cancellationToken)
   at MailKit.Net.Smtp.SmtpStream.SendCommandAsync(String command, CancellationToken cancellationToken)
   at MailKit.Net.Smtp.SmtpClient.SendCommandInternalAsync(String command, CancellationToken cancellationToken)
   at MailKit.Net.Smtp.SmtpClient.AuthenticateAsync(Encoding encoding, ICredentials credentials, CancellationToken cancellationToken)
   at EmailWorkerService.EmailConsumerService.SendEmail(EmailNotification email) in D:\estudy2\AI_Generated\estudy\api\EmailWorkerService\EmailConsumerService.cs:line 165
   at EmailWorkerService.EmailConsumerService.<ExecuteAsync>b__6_0(Object model, BasicDeliverEventArgs ea) in D:\estudy2\AI_Generated\estudy\api\EmailWorkerService\EmailConsumerService.cs:line 97
2026-01-03 00:34:15.083 +05:30 [INF] Received message: {"To":"vishal_varshney@hotmail.com","Subject":"Password reset request","Body":"Click the link to reset your password: \u003Ca href=\u0022https://localhost:5001/api/Auth/reset?token=ff17e79b693944598d7091ca80b9e795\u0022\u003Ehttps://localhost:5001/api/Auth/reset?token=ff17e79b693944598d7091ca80b9e795\u003C/a\u003E"}
2026-01-03 00:34:15.935 +05:30 [ERR] Failed to send email via SMTP
MailKit.Net.Smtp.SmtpProtocolException: The SMTP server has unexpectedly disconnected: Authentication failed: The provided authorization grant is invalid, expired, or revoked
   at MailKit.Net.Smtp.SmtpStream.ReadAheadAsync(CancellationToken cancellationToken)
   at MailKit.Net.Smtp.SmtpStream.ReadResponseAsync(CancellationToken cancellationToken)
   at MailKit.Net.Smtp.SmtpStream.SendCommandAsync(String command, CancellationToken cancellationToken)
   at MailKit.Net.Smtp.SmtpClient.SendCommandInternalAsync(String command, CancellationToken cancellationToken)
   at MailKit.Net.Smtp.SmtpClient.AuthenticateAsync(Encoding encoding, ICredentials credentials, CancellationToken cancellationToken)
   at EmailWorkerService.EmailConsumerService.SendEmail(EmailNotification email) in D:\estudy2\AI_Generated\estudy\api\EmailWorkerService\EmailConsumerService.cs:line 165
2026-01-03 00:34:15.986 +05:30 [ERR] Error processing message
MailKit.Net.Smtp.SmtpProtocolException: The SMTP server has unexpectedly disconnected: Authentication failed: The provided authorization grant is invalid, expired, or revoked
   at MailKit.Net.Smtp.SmtpStream.ReadAheadAsync(CancellationToken cancellationToken)
   at MailKit.Net.Smtp.SmtpStream.ReadResponseAsync(CancellationToken cancellationToken)
   at MailKit.Net.Smtp.SmtpStream.SendCommandAsync(String command, CancellationToken cancellationToken)
   at MailKit.Net.Smtp.SmtpClient.SendCommandInternalAsync(String command, CancellationToken cancellationToken)
   at MailKit.Net.Smtp.SmtpClient.AuthenticateAsync(Encoding encoding, ICredentials credentials, CancellationToken cancellationToken)
   at EmailWorkerService.EmailConsumerService.SendEmail(EmailNotification email) in D:\estudy2\AI_Generated\estudy\api\EmailWorkerService\EmailConsumerService.cs:line 165
   at EmailWorkerService.EmailConsumerService.<ExecuteAsync>b__6_0(Object model, BasicDeliverEventArgs ea) in D:\estudy2\AI_Generated\estudy\api\EmailWorkerService\EmailConsumerService.cs:line 97
2026-01-03 00:34:15.987 +05:30 [INF] Received message: {"To":"vishal_varshney@hotmail.com","Subject":"Password reset request","Body":"Click the link to reset your password: \u003Ca href=\u0022https://localhost:5001/api/Auth/reset?token=96aeb82bec604da2a58662c6d40f4635\u0022\u003Ehttps://localhost:5001/api/Auth/reset?token=96aeb82bec604da2a58662c6d40f4635\u003C/a\u003E"}
2026-01-03 00:34:16.748 +05:30 [ERR] Failed to send email via SMTP
MailKit.Net.Smtp.SmtpProtocolException: The SMTP server has unexpectedly disconnected: Authentication failed: The provided authorization grant is invalid, expired, or revoked
   at MailKit.Net.Smtp.SmtpStream.ReadAheadAsync(CancellationToken cancellationToken)
   at MailKit.Net.Smtp.SmtpStream.ReadResponseAsync(CancellationToken cancellationToken)
   at MailKit.Net.Smtp.SmtpStream.SendCommandAsync(String command, CancellationToken cancellationToken)
   at MailKit.Net.Smtp.SmtpClient.SendCommandInternalAsync(String command, CancellationToken cancellationToken)
   at MailKit.Net.Smtp.SmtpClient.AuthenticateAsync(Encoding encoding, ICredentials credentials, CancellationToken cancellationToken)
   at EmailWorkerService.EmailConsumerService.SendEmail(EmailNotification email) in D:\estudy2\AI_Generated\estudy\api\EmailWorkerService\EmailConsumerService.cs:line 165
2026-01-03 00:34:16.797 +05:30 [ERR] Error processing message
MailKit.Net.Smtp.SmtpProtocolException: The SMTP server has unexpectedly disconnected: Authentication failed: The provided authorization grant is invalid, expired, or revoked
   at MailKit.Net.Smtp.SmtpStream.ReadAheadAsync(CancellationToken cancellationToken)
   at MailKit.Net.Smtp.SmtpStream.ReadResponseAsync(CancellationToken cancellationToken)
   at MailKit.Net.Smtp.SmtpStream.SendCommandAsync(String command, CancellationToken cancellationToken)
   at MailKit.Net.Smtp.SmtpClient.SendCommandInternalAsync(String command, CancellationToken cancellationToken)
   at MailKit.Net.Smtp.SmtpClient.AuthenticateAsync(Encoding encoding, ICredentials credentials, CancellationToken cancellationToken)
   at EmailWorkerService.EmailConsumerService.SendEmail(EmailNotification email) in D:\estudy2\AI_Generated\estudy\api\EmailWorkerService\EmailConsumerService.cs:line 165
   at EmailWorkerService.EmailConsumerService.<ExecuteAsync>b__6_0(Object model, BasicDeliverEventArgs ea) in D:\estudy2\AI_Generated\estudy\api\EmailWorkerService\EmailConsumerService.cs:line 97
2026-01-03 00:34:16.797 +05:30 [INF] Received message: {"To":"vishal_varshney@hotmail.com","Subject":"Password reset request","Body":"Click the link to reset your password: \u003Ca href=\u0022https://localhost:5001/api/Auth/reset?token=46cd811230fe41f897e99f87cdb7e439\u0022\u003Ehttps://localhost:5001/api/Auth/reset?token=46cd811230fe41f897e99f87cdb7e439\u003C/a\u003E"}
2026-01-03 00:34:17.596 +05:30 [ERR] Failed to send email via SMTP
MailKit.Net.Smtp.SmtpProtocolException: The SMTP server has unexpectedly disconnected: Authentication failed: The provided authorization grant is invalid, expired, or revoked
   at MailKit.Net.Smtp.SmtpStream.ReadAheadAsync(CancellationToken cancellationToken)
   at MailKit.Net.Smtp.SmtpStream.ReadResponseAsync(CancellationToken cancellationToken)
   at MailKit.Net.Smtp.SmtpStream.SendCommandAsync(String command, CancellationToken cancellationToken)
   at MailKit.Net.Smtp.SmtpClient.SendCommandInternalAsync(String command, CancellationToken cancellationToken)
   at MailKit.Net.Smtp.SmtpClient.AuthenticateAsync(Encoding encoding, ICredentials credentials, CancellationToken cancellationToken)
   at EmailWorkerService.EmailConsumerService.SendEmail(EmailNotification email) in D:\estudy2\AI_Generated\estudy\api\EmailWorkerService\EmailConsumerService.cs:line 165
2026-01-03 00:34:17.654 +05:30 [ERR] Error processing message
MailKit.Net.Smtp.SmtpProtocolException: The SMTP server has unexpectedly disconnected: Authentication failed: The provided authorization grant is invalid, expired, or revoked
   at MailKit.Net.Smtp.SmtpStream.ReadAheadAsync(CancellationToken cancellationToken)
   at MailKit.Net.Smtp.SmtpStream.ReadResponseAsync(CancellationToken cancellationToken)
   at MailKit.Net.Smtp.SmtpStream.SendCommandAsync(String command, CancellationToken cancellationToken)
   at MailKit.Net.Smtp.SmtpClient.SendCommandInternalAsync(String command, CancellationToken cancellationToken)
   at MailKit.Net.Smtp.SmtpClient.AuthenticateAsync(Encoding encoding, ICredentials credentials, CancellationToken cancellationToken)
   at EmailWorkerService.EmailConsumerService.SendEmail(EmailNotification email) in D:\estudy2\AI_Generated\estudy\api\EmailWorkerService\EmailConsumerService.cs:line 165
   at EmailWorkerService.EmailConsumerService.<ExecuteAsync>b__6_0(Object model, BasicDeliverEventArgs ea) in D:\estudy2\AI_Generated\estudy\api\EmailWorkerService\EmailConsumerService.cs:line 97
2026-01-03 00:34:17.654 +05:30 [INF] Received message: {"To":"vishal_varshney@hotmail.com","Subject":"Password reset request","Body":"Click the link to reset your password: \u003Ca href=\u0022https://localhost:5001/api/Auth/reset?token=ff17e79b693944598d7091ca80b9e795\u0022\u003Ehttps://localhost:5001/api/Auth/reset?token=ff17e79b693944598d7091ca80b9e795\u003C/a\u003E"}
2026-01-03 00:34:18.563 +05:30 [ERR] Failed to send email via SMTP
MailKit.Net.Smtp.SmtpProtocolException: The SMTP server has unexpectedly disconnected: Authentication failed: The provided authorization grant is invalid, expired, or revoked
   at MailKit.Net.Smtp.SmtpStream.ReadAheadAsync(CancellationToken cancellationToken)
   at MailKit.Net.Smtp.SmtpStream.ReadResponseAsync(CancellationToken cancellationToken)
   at MailKit.Net.Smtp.SmtpStream.SendCommandAsync(String command, CancellationToken cancellationToken)
   at MailKit.Net.Smtp.SmtpClient.SendCommandInternalAsync(String command, CancellationToken cancellationToken)
   at MailKit.Net.Smtp.SmtpClient.AuthenticateAsync(Encoding encoding, ICredentials credentials, CancellationToken cancellationToken)
   at EmailWorkerService.EmailConsumerService.SendEmail(EmailNotification email) in D:\estudy2\AI_Generated\estudy\api\EmailWorkerService\EmailConsumerService.cs:line 165
2026-01-03 00:34:18.613 +05:30 [ERR] Error processing message
MailKit.Net.Smtp.SmtpProtocolException: The SMTP server has unexpectedly disconnected: Authentication failed: The provided authorization grant is invalid, expired, or revoked
   at MailKit.Net.Smtp.SmtpStream.ReadAheadAsync(CancellationToken cancellationToken)
   at MailKit.Net.Smtp.SmtpStream.ReadResponseAsync(CancellationToken cancellationToken)
   at MailKit.Net.Smtp.SmtpStream.SendCommandAsync(String command, CancellationToken cancellationToken)
   at MailKit.Net.Smtp.SmtpClient.SendCommandInternalAsync(String command, CancellationToken cancellationToken)
   at MailKit.Net.Smtp.SmtpClient.AuthenticateAsync(Encoding encoding, ICredentials credentials, CancellationToken cancellationToken)
   at EmailWorkerService.EmailConsumerService.SendEmail(EmailNotification email) in D:\estudy2\AI_Generated\estudy\api\EmailWorkerService\EmailConsumerService.cs:line 165
   at EmailWorkerService.EmailConsumerService.<ExecuteAsync>b__6_0(Object model, BasicDeliverEventArgs ea) in D:\estudy2\AI_Generated\estudy\api\EmailWorkerService\EmailConsumerService.cs:line 97
2026-01-03 00:34:18.614 +05:30 [INF] Received message: {"To":"vishal_varshney@hotmail.com","Subject":"Password reset request","Body":"Click the link to reset your password: \u003Ca href=\u0022https://localhost:5001/api/Auth/reset?token=96aeb82bec604da2a58662c6d40f4635\u0022\u003Ehttps://localhost:5001/api/Auth/reset?token=96aeb82bec604da2a58662c6d40f4635\u003C/a\u003E"}
2026-01-03 00:34:19.443 +05:30 [ERR] Failed to send email via SMTP
MailKit.Net.Smtp.SmtpProtocolException: The SMTP server has unexpectedly disconnected: Authentication failed: The provided authorization grant is invalid, expired, or revoked
   at MailKit.Net.Smtp.SmtpStream.ReadAheadAsync(CancellationToken cancellationToken)
   at MailKit.Net.Smtp.SmtpStream.ReadResponseAsync(CancellationToken cancellationToken)
   at MailKit.Net.Smtp.SmtpStream.SendCommandAsync(String command, CancellationToken cancellationToken)
   at MailKit.Net.Smtp.SmtpClient.SendCommandInternalAsync(String command, CancellationToken cancellationToken)
   at MailKit.Net.Smtp.SmtpClient.AuthenticateAsync(Encoding encoding, ICredentials credentials, CancellationToken cancellationToken)
   at EmailWorkerService.EmailConsumerService.SendEmail(EmailNotification email) in D:\estudy2\AI_Generated\estudy\api\EmailWorkerService\EmailConsumerService.cs:line 165
2026-01-03 00:34:19.494 +05:30 [ERR] Error processing message
MailKit.Net.Smtp.SmtpProtocolException: The SMTP server has unexpectedly disconnected: Authentication failed: The provided authorization grant is invalid, expired, or revoked
   at MailKit.Net.Smtp.SmtpStream.ReadAheadAsync(CancellationToken cancellationToken)
   at MailKit.Net.Smtp.SmtpStream.ReadResponseAsync(CancellationToken cancellationToken)
   at MailKit.Net.Smtp.SmtpStream.SendCommandAsync(String command, CancellationToken cancellationToken)
   at MailKit.Net.Smtp.SmtpClient.SendCommandInternalAsync(String command, CancellationToken cancellationToken)
   at MailKit.Net.Smtp.SmtpClient.AuthenticateAsync(Encoding encoding, ICredentials credentials, CancellationToken cancellationToken)
   at EmailWorkerService.EmailConsumerService.SendEmail(EmailNotification email) in D:\estudy2\AI_Generated\estudy\api\EmailWorkerService\EmailConsumerService.cs:line 165
   at EmailWorkerService.EmailConsumerService.<ExecuteAsync>b__6_0(Object model, BasicDeliverEventArgs ea) in D:\estudy2\AI_Generated\estudy\api\EmailWorkerService\EmailConsumerService.cs:line 97
2026-01-03 00:34:19.494 +05:30 [INF] Received message: {"To":"vishal_varshney@hotmail.com","Subject":"Password reset request","Body":"Click the link to reset your password: \u003Ca href=\u0022https://localhost:5001/api/Auth/reset?token=46cd811230fe41f897e99f87cdb7e439\u0022\u003Ehttps://localhost:5001/api/Auth/reset?token=46cd811230fe41f897e99f87cdb7e439\u003C/a\u003E"}
2026-01-03 00:34:20.427 +05:30 [ERR] Failed to send email via SMTP
MailKit.Net.Smtp.SmtpProtocolException: The SMTP server has unexpectedly disconnected: Authentication failed: The provided authorization grant is invalid, expired, or revoked
   at MailKit.Net.Smtp.SmtpStream.ReadAheadAsync(CancellationToken cancellationToken)
   at MailKit.Net.Smtp.SmtpStream.ReadResponseAsync(CancellationToken cancellationToken)
   at MailKit.Net.Smtp.SmtpStream.SendCommandAsync(String command, CancellationToken cancellationToken)
   at MailKit.Net.Smtp.SmtpClient.SendCommandInternalAsync(String command, CancellationToken cancellationToken)
   at MailKit.Net.Smtp.SmtpClient.AuthenticateAsync(Encoding encoding, ICredentials credentials, CancellationToken cancellationToken)
   at EmailWorkerService.EmailConsumerService.SendEmail(EmailNotification email) in D:\estudy2\AI_Generated\estudy\api\EmailWorkerService\EmailConsumerService.cs:line 165
2026-01-03 00:34:20.480 +05:30 [ERR] Error processing message
MailKit.Net.Smtp.SmtpProtocolException: The SMTP server has unexpectedly disconnected: Authentication failed: The provided authorization grant is invalid, expired, or revoked
   at MailKit.Net.Smtp.SmtpStream.ReadAheadAsync(CancellationToken cancellationToken)
   at MailKit.Net.Smtp.SmtpStream.ReadResponseAsync(CancellationToken cancellationToken)
   at MailKit.Net.Smtp.SmtpStream.SendCommandAsync(String command, CancellationToken cancellationToken)
   at MailKit.Net.Smtp.SmtpClient.SendCommandInternalAsync(String command, CancellationToken cancellationToken)
   at MailKit.Net.Smtp.SmtpClient.AuthenticateAsync(Encoding encoding, ICredentials credentials, CancellationToken cancellationToken)
   at EmailWorkerService.EmailConsumerService.SendEmail(EmailNotification email) in D:\estudy2\AI_Generated\estudy\api\EmailWorkerService\EmailConsumerService.cs:line 165
   at EmailWorkerService.EmailConsumerService.<ExecuteAsync>b__6_0(Object model, BasicDeliverEventArgs ea) in D:\estudy2\AI_Generated\estudy\api\EmailWorkerService\EmailConsumerService.cs:line 97
2026-01-03 00:34:20.480 +05:30 [INF] Received message: {"To":"vishal_varshney@hotmail.com","Subject":"Password reset request","Body":"Click the link to reset your password: \u003Ca href=\u0022https://localhost:5001/api/Auth/reset?token=ff17e79b693944598d7091ca80b9e795\u0022\u003Ehttps://localhost:5001/api/Auth/reset?token=ff17e79b693944598d7091ca80b9e795\u003C/a\u003E"}
2026-01-03 00:34:21.343 +05:30 [ERR] Failed to send email via SMTP
MailKit.Net.Smtp.SmtpProtocolException: The SMTP server has unexpectedly disconnected: Authentication failed: The provided authorization grant is invalid, expired, or revoked
   at MailKit.Net.Smtp.SmtpStream.ReadAheadAsync(CancellationToken cancellationToken)
   at MailKit.Net.Smtp.SmtpStream.ReadResponseAsync(CancellationToken cancellationToken)
   at MailKit.Net.Smtp.SmtpStream.SendCommandAsync(String command, CancellationToken cancellationToken)
   at MailKit.Net.Smtp.SmtpClient.SendCommandInternalAsync(String command, CancellationToken cancellationToken)
   at MailKit.Net.Smtp.SmtpClient.AuthenticateAsync(Encoding encoding, ICredentials credentials, CancellationToken cancellationToken)
   at EmailWorkerService.EmailConsumerService.SendEmail(EmailNotification email) in D:\estudy2\AI_Generated\estudy\api\EmailWorkerService\EmailConsumerService.cs:line 165
2026-01-03 00:34:21.393 +05:30 [ERR] Error processing message
MailKit.Net.Smtp.SmtpProtocolException: The SMTP server has unexpectedly disconnected: Authentication failed: The provided authorization grant is invalid, expired, or revoked
   at MailKit.Net.Smtp.SmtpStream.ReadAheadAsync(CancellationToken cancellationToken)
   at MailKit.Net.Smtp.SmtpStream.ReadResponseAsync(CancellationToken cancellationToken)
   at MailKit.Net.Smtp.SmtpStream.SendCommandAsync(String command, CancellationToken cancellationToken)
   at MailKit.Net.Smtp.SmtpClient.SendCommandInternalAsync(String command, CancellationToken cancellationToken)
   at MailKit.Net.Smtp.SmtpClient.AuthenticateAsync(Encoding encoding, ICredentials credentials, CancellationToken cancellationToken)
   at EmailWorkerService.EmailConsumerService.SendEmail(EmailNotification email) in D:\estudy2\AI_Generated\estudy\api\EmailWorkerService\EmailConsumerService.cs:line 165
   at EmailWorkerService.EmailConsumerService.<ExecuteAsync>b__6_0(Object model, BasicDeliverEventArgs ea) in D:\estudy2\AI_Generated\estudy\api\EmailWorkerService\EmailConsumerService.cs:line 97
2026-01-03 00:34:21.394 +05:30 [INF] Received message: {"To":"vishal_varshney@hotmail.com","Subject":"Password reset request","Body":"Click the link to reset your password: \u003Ca href=\u0022https://localhost:5001/api/Auth/reset?token=96aeb82bec604da2a58662c6d40f4635\u0022\u003Ehttps://localhost:5001/api/Auth/reset?token=96aeb82bec604da2a58662c6d40f4635\u003C/a\u003E"}
2026-01-03 00:34:22.219 +05:30 [ERR] Failed to send email via SMTP
MailKit.Net.Smtp.SmtpProtocolException: The SMTP server has unexpectedly disconnected: Authentication failed: The provided authorization grant is invalid, expired, or revoked
   at MailKit.Net.Smtp.SmtpStream.ReadAheadAsync(CancellationToken cancellationToken)
   at MailKit.Net.Smtp.SmtpStream.ReadResponseAsync(CancellationToken cancellationToken)
   at MailKit.Net.Smtp.SmtpStream.SendCommandAsync(String command, CancellationToken cancellationToken)
   at MailKit.Net.Smtp.SmtpClient.SendCommandInternalAsync(String command, CancellationToken cancellationToken)
   at MailKit.Net.Smtp.SmtpClient.AuthenticateAsync(Encoding encoding, ICredentials credentials, CancellationToken cancellationToken)
   at EmailWorkerService.EmailConsumerService.SendEmail(EmailNotification email) in D:\estudy2\AI_Generated\estudy\api\EmailWorkerService\EmailConsumerService.cs:line 165
2026-01-03 00:34:22.268 +05:30 [ERR] Error processing message
MailKit.Net.Smtp.SmtpProtocolException: The SMTP server has unexpectedly disconnected: Authentication failed: The provided authorization grant is invalid, expired, or revoked
   at MailKit.Net.Smtp.SmtpStream.ReadAheadAsync(CancellationToken cancellationToken)
   at MailKit.Net.Smtp.SmtpStream.ReadResponseAsync(CancellationToken cancellationToken)
   at MailKit.Net.Smtp.SmtpStream.SendCommandAsync(String command, CancellationToken cancellationToken)
   at MailKit.Net.Smtp.SmtpClient.SendCommandInternalAsync(String command, CancellationToken cancellationToken)
   at MailKit.Net.Smtp.SmtpClient.AuthenticateAsync(Encoding encoding, ICredentials credentials, CancellationToken cancellationToken)
   at EmailWorkerService.EmailConsumerService.SendEmail(EmailNotification email) in D:\estudy2\AI_Generated\estudy\api\EmailWorkerService\EmailConsumerService.cs:line 165
   at EmailWorkerService.EmailConsumerService.<ExecuteAsync>b__6_0(Object model, BasicDeliverEventArgs ea) in D:\estudy2\AI_Generated\estudy\api\EmailWorkerService\EmailConsumerService.cs:line 97
2026-01-03 00:34:22.269 +05:30 [INF] Received message: {"To":"vishal_varshney@hotmail.com","Subject":"Password reset request","Body":"Click the link to reset your password: \u003Ca href=\u0022https://localhost:5001/api/Auth/reset?token=46cd811230fe41f897e99f87cdb7e439\u0022\u003Ehttps://localhost:5001/api/Auth/reset?token=46cd811230fe41f897e99f87cdb7e439\u003C/a\u003E"}
2026-01-03 00:34:23.242 +05:30 [ERR] Failed to send email via SMTP
MailKit.Net.Smtp.SmtpProtocolException: The SMTP server has unexpectedly disconnected: Authentication failed: The provided authorization grant is invalid, expired, or revoked
   at MailKit.Net.Smtp.SmtpStream.ReadAheadAsync(CancellationToken cancellationToken)
   at MailKit.Net.Smtp.SmtpStream.ReadResponseAsync(CancellationToken cancellationToken)
   at MailKit.Net.Smtp.SmtpStream.SendCommandAsync(String command, CancellationToken cancellationToken)
   at MailKit.Net.Smtp.SmtpClient.SendCommandInternalAsync(String command, CancellationToken cancellationToken)
   at MailKit.Net.Smtp.SmtpClient.AuthenticateAsync(Encoding encoding, ICredentials credentials, CancellationToken cancellationToken)
   at EmailWorkerService.EmailConsumerService.SendEmail(EmailNotification email) in D:\estudy2\AI_Generated\estudy\api\EmailWorkerService\EmailConsumerService.cs:line 165
2026-01-03 00:34:23.290 +05:30 [ERR] Error processing message
MailKit.Net.Smtp.SmtpProtocolException: The SMTP server has unexpectedly disconnected: Authentication failed: The provided authorization grant is invalid, expired, or revoked
   at MailKit.Net.Smtp.SmtpStream.ReadAheadAsync(CancellationToken cancellationToken)
   at MailKit.Net.Smtp.SmtpStream.ReadResponseAsync(CancellationToken cancellationToken)
   at MailKit.Net.Smtp.SmtpStream.SendCommandAsync(String command, CancellationToken cancellationToken)
   at MailKit.Net.Smtp.SmtpClient.SendCommandInternalAsync(String command, CancellationToken cancellationToken)
   at MailKit.Net.Smtp.SmtpClient.AuthenticateAsync(Encoding encoding, ICredentials credentials, CancellationToken cancellationToken)
   at EmailWorkerService.EmailConsumerService.SendEmail(EmailNotification email) in D:\estudy2\AI_Generated\estudy\api\EmailWorkerService\EmailConsumerService.cs:line 165
   at EmailWorkerService.EmailConsumerService.<ExecuteAsync>b__6_0(Object model, BasicDeliverEventArgs ea) in D:\estudy2\AI_Generated\estudy\api\EmailWorkerService\EmailConsumerService.cs:line 97
2026-01-03 00:34:23.291 +05:30 [INF] Received message: {"To":"vishal_varshney@hotmail.com","Subject":"Password reset request","Body":"Click the link to reset your password: \u003Ca href=\u0022https://localhost:5001/api/Auth/reset?token=ff17e79b693944598d7091ca80b9e795\u0022\u003Ehttps://localhost:5001/api/Auth/reset?token=ff17e79b693944598d7091ca80b9e795\u003C/a\u003E"}
2026-01-03 00:34:24.171 +05:30 [ERR] Failed to send email via SMTP
MailKit.Net.Smtp.SmtpProtocolException: The SMTP server has unexpectedly disconnected: Authentication failed: The provided authorization grant is invalid, expired, or revoked
   at MailKit.Net.Smtp.SmtpStream.ReadAheadAsync(CancellationToken cancellationToken)
   at MailKit.Net.Smtp.SmtpStream.ReadResponseAsync(CancellationToken cancellationToken)
   at MailKit.Net.Smtp.SmtpStream.SendCommandAsync(String command, CancellationToken cancellationToken)
   at MailKit.Net.Smtp.SmtpClient.SendCommandInternalAsync(String command, CancellationToken cancellationToken)
   at MailKit.Net.Smtp.SmtpClient.AuthenticateAsync(Encoding encoding, ICredentials credentials, CancellationToken cancellationToken)
   at EmailWorkerService.EmailConsumerService.SendEmail(EmailNotification email) in D:\estudy2\AI_Generated\estudy\api\EmailWorkerService\EmailConsumerService.cs:line 165
2026-01-03 00:34:24.221 +05:30 [ERR] Error processing message
MailKit.Net.Smtp.SmtpProtocolException: The SMTP server has unexpectedly disconnected: Authentication failed: The provided authorization grant is invalid, expired, or revoked
   at MailKit.Net.Smtp.SmtpStream.ReadAheadAsync(CancellationToken cancellationToken)
   at MailKit.Net.Smtp.SmtpStream.ReadResponseAsync(CancellationToken cancellationToken)
   at MailKit.Net.Smtp.SmtpStream.SendCommandAsync(String command, CancellationToken cancellationToken)
   at MailKit.Net.Smtp.SmtpClient.SendCommandInternalAsync(String command, CancellationToken cancellationToken)
   at MailKit.Net.Smtp.SmtpClient.AuthenticateAsync(Encoding encoding, ICredentials credentials, CancellationToken cancellationToken)
   at EmailWorkerService.EmailConsumerService.SendEmail(EmailNotification email) in D:\estudy2\AI_Generated\estudy\api\EmailWorkerService\EmailConsumerService.cs:line 165
   at EmailWorkerService.EmailConsumerService.<ExecuteAsync>b__6_0(Object model, BasicDeliverEventArgs ea) in D:\estudy2\AI_Generated\estudy\api\EmailWorkerService\EmailConsumerService.cs:line 97
2026-01-03 00:34:24.221 +05:30 [INF] Received message: {"To":"vishal_varshney@hotmail.com","Subject":"Password reset request","Body":"Click the link to reset your password: \u003Ca href=\u0022https://localhost:5001/api/Auth/reset?token=96aeb82bec604da2a58662c6d40f4635\u0022\u003Ehttps://localhost:5001/api/Auth/reset?token=96aeb82bec604da2a58662c6d40f4635\u003C/a\u003E"}
2026-01-03 00:34:25.097 +05:30 [ERR] Failed to send email via SMTP
MailKit.Net.Smtp.SmtpProtocolException: The SMTP server has unexpectedly disconnected: Authentication failed: The provided authorization grant is invalid, expired, or revoked
   at MailKit.Net.Smtp.SmtpStream.ReadAheadAsync(CancellationToken cancellationToken)
   at MailKit.Net.Smtp.SmtpStream.ReadResponseAsync(CancellationToken cancellationToken)
   at MailKit.Net.Smtp.SmtpStream.SendCommandAsync(String command, CancellationToken cancellationToken)
   at MailKit.Net.Smtp.SmtpClient.SendCommandInternalAsync(String command, CancellationToken cancellationToken)
   at MailKit.Net.Smtp.SmtpClient.AuthenticateAsync(Encoding encoding, ICredentials credentials, CancellationToken cancellationToken)
   at EmailWorkerService.EmailConsumerService.SendEmail(EmailNotification email) in D:\estudy2\AI_Generated\estudy\api\EmailWorkerService\EmailConsumerService.cs:line 165
2026-01-03 00:34:25.149 +05:30 [ERR] Error processing message
MailKit.Net.Smtp.SmtpProtocolException: The SMTP server has unexpectedly disconnected: Authentication failed: The provided authorization grant is invalid, expired, or revoked
   at MailKit.Net.Smtp.SmtpStream.ReadAheadAsync(CancellationToken cancellationToken)
   at MailKit.Net.Smtp.SmtpStream.ReadResponseAsync(CancellationToken cancellationToken)
   at MailKit.Net.Smtp.SmtpStream.SendCommandAsync(String command, CancellationToken cancellationToken)
   at MailKit.Net.Smtp.SmtpClient.SendCommandInternalAsync(String command, CancellationToken cancellationToken)
   at MailKit.Net.Smtp.SmtpClient.AuthenticateAsync(Encoding encoding, ICredentials credentials, CancellationToken cancellationToken)
   at EmailWorkerService.EmailConsumerService.SendEmail(EmailNotification email) in D:\estudy2\AI_Generated\estudy\api\EmailWorkerService\EmailConsumerService.cs:line 165
   at EmailWorkerService.EmailConsumerService.<ExecuteAsync>b__6_0(Object model, BasicDeliverEventArgs ea) in D:\estudy2\AI_Generated\estudy\api\EmailWorkerService\EmailConsumerService.cs:line 97
2026-01-03 00:34:25.149 +05:30 [INF] Received message: {"To":"vishal_varshney@hotmail.com","Subject":"Password reset request","Body":"Click the link to reset your password: \u003Ca href=\u0022https://localhost:5001/api/Auth/reset?token=46cd811230fe41f897e99f87cdb7e439\u0022\u003Ehttps://localhost:5001/api/Auth/reset?token=46cd811230fe41f897e99f87cdb7e439\u003C/a\u003E"}
2026-01-03 00:34:25.992 +05:30 [ERR] Failed to send email via SMTP
MailKit.Net.Smtp.SmtpProtocolException: The SMTP server has unexpectedly disconnected: Authentication failed: The provided authorization grant is invalid, expired, or revoked
   at MailKit.Net.Smtp.SmtpStream.ReadAheadAsync(CancellationToken cancellationToken)
   at MailKit.Net.Smtp.SmtpStream.ReadResponseAsync(CancellationToken cancellationToken)
   at MailKit.Net.Smtp.SmtpStream.SendCommandAsync(String command, CancellationToken cancellationToken)
   at MailKit.Net.Smtp.SmtpClient.SendCommandInternalAsync(String command, CancellationToken cancellationToken)
   at MailKit.Net.Smtp.SmtpClient.AuthenticateAsync(Encoding encoding, ICredentials credentials, CancellationToken cancellationToken)
   at EmailWorkerService.EmailConsumerService.SendEmail(EmailNotification email) in D:\estudy2\AI_Generated\estudy\api\EmailWorkerService\EmailConsumerService.cs:line 165
2026-01-03 00:34:26.040 +05:30 [ERR] Error processing message
MailKit.Net.Smtp.SmtpProtocolException: The SMTP server has unexpectedly disconnected: Authentication failed: The provided authorization grant is invalid, expired, or revoked
   at MailKit.Net.Smtp.SmtpStream.ReadAheadAsync(CancellationToken cancellationToken)
   at MailKit.Net.Smtp.SmtpStream.ReadResponseAsync(CancellationToken cancellationToken)
   at MailKit.Net.Smtp.SmtpStream.SendCommandAsync(String command, CancellationToken cancellationToken)
   at MailKit.Net.Smtp.SmtpClient.SendCommandInternalAsync(String command, CancellationToken cancellationToken)
   at MailKit.Net.Smtp.SmtpClient.AuthenticateAsync(Encoding encoding, ICredentials credentials, CancellationToken cancellationToken)
   at EmailWorkerService.EmailConsumerService.SendEmail(EmailNotification email) in D:\estudy2\AI_Generated\estudy\api\EmailWorkerService\EmailConsumerService.cs:line 165
   at EmailWorkerService.EmailConsumerService.<ExecuteAsync>b__6_0(Object model, BasicDeliverEventArgs ea) in D:\estudy2\AI_Generated\estudy\api\EmailWorkerService\EmailConsumerService.cs:line 97
2026-01-03 00:34:26.040 +05:30 [INF] Received message: {"To":"vishal_varshney@hotmail.com","Subject":"Password reset request","Body":"Click the link to reset your password: \u003Ca href=\u0022https://localhost:5001/api/Auth/reset?token=ff17e79b693944598d7091ca80b9e795\u0022\u003Ehttps://localhost:5001/api/Auth/reset?token=ff17e79b693944598d7091ca80b9e795\u003C/a\u003E"}
2026-01-03 00:34:26.896 +05:30 [ERR] Failed to send email via SMTP
MailKit.Net.Smtp.SmtpProtocolException: The SMTP server has unexpectedly disconnected: Authentication failed: The provided authorization grant is invalid, expired, or revoked
   at MailKit.Net.Smtp.SmtpStream.ReadAheadAsync(CancellationToken cancellationToken)
   at MailKit.Net.Smtp.SmtpStream.ReadResponseAsync(CancellationToken cancellationToken)
   at MailKit.Net.Smtp.SmtpStream.SendCommandAsync(String command, CancellationToken cancellationToken)
   at MailKit.Net.Smtp.SmtpClient.SendCommandInternalAsync(String command, CancellationToken cancellationToken)
   at MailKit.Net.Smtp.SmtpClient.AuthenticateAsync(Encoding encoding, ICredentials credentials, CancellationToken cancellationToken)
   at EmailWorkerService.EmailConsumerService.SendEmail(EmailNotification email) in D:\estudy2\AI_Generated\estudy\api\EmailWorkerService\EmailConsumerService.cs:line 165
2026-01-03 00:34:26.944 +05:30 [ERR] Error processing message
MailKit.Net.Smtp.SmtpProtocolException: The SMTP server has unexpectedly disconnected: Authentication failed: The provided authorization grant is invalid, expired, or revoked
   at MailKit.Net.Smtp.SmtpStream.ReadAheadAsync(CancellationToken cancellationToken)
   at MailKit.Net.Smtp.SmtpStream.ReadResponseAsync(CancellationToken cancellationToken)
   at MailKit.Net.Smtp.SmtpStream.SendCommandAsync(String command, CancellationToken cancellationToken)
   at MailKit.Net.Smtp.SmtpClient.SendCommandInternalAsync(String command, CancellationToken cancellationToken)
   at MailKit.Net.Smtp.SmtpClient.AuthenticateAsync(Encoding encoding, ICredentials credentials, CancellationToken cancellationToken)
   at EmailWorkerService.EmailConsumerService.SendEmail(EmailNotification email) in D:\estudy2\AI_Generated\estudy\api\EmailWorkerService\EmailConsumerService.cs:line 165
   at EmailWorkerService.EmailConsumerService.<ExecuteAsync>b__6_0(Object model, BasicDeliverEventArgs ea) in D:\estudy2\AI_Generated\estudy\api\EmailWorkerService\EmailConsumerService.cs:line 97
2026-01-03 00:34:26.945 +05:30 [INF] Received message: {"To":"vishal_varshney@hotmail.com","Subject":"Password reset request","Body":"Click the link to reset your password: \u003Ca href=\u0022https://localhost:5001/api/Auth/reset?token=96aeb82bec604da2a58662c6d40f4635\u0022\u003Ehttps://localhost:5001/api/Auth/reset?token=96aeb82bec604da2a58662c6d40f4635\u003C/a\u003E"}
2026-01-03 00:34:27.833 +05:30 [ERR] Failed to send email via SMTP
MailKit.Net.Smtp.SmtpProtocolException: The SMTP server has unexpectedly disconnected: Authentication failed: The provided authorization grant is invalid, expired, or revoked
   at MailKit.Net.Smtp.SmtpStream.ReadAheadAsync(CancellationToken cancellationToken)
   at MailKit.Net.Smtp.SmtpStream.ReadResponseAsync(CancellationToken cancellationToken)
   at MailKit.Net.Smtp.SmtpStream.SendCommandAsync(String command, CancellationToken cancellationToken)
   at MailKit.Net.Smtp.SmtpClient.SendCommandInternalAsync(String command, CancellationToken cancellationToken)
   at MailKit.Net.Smtp.SmtpClient.AuthenticateAsync(Encoding encoding, ICredentials credentials, CancellationToken cancellationToken)
   at EmailWorkerService.EmailConsumerService.SendEmail(EmailNotification email) in D:\estudy2\AI_Generated\estudy\api\EmailWorkerService\EmailConsumerService.cs:line 165
2026-01-03 00:34:27.886 +05:30 [ERR] Error processing message
MailKit.Net.Smtp.SmtpProtocolException: The SMTP server has unexpectedly disconnected: Authentication failed: The provided authorization grant is invalid, expired, or revoked
   at MailKit.Net.Smtp.SmtpStream.ReadAheadAsync(CancellationToken cancellationToken)
   at MailKit.Net.Smtp.SmtpStream.ReadResponseAsync(CancellationToken cancellationToken)
   at MailKit.Net.Smtp.SmtpStream.SendCommandAsync(String command, CancellationToken cancellationToken)
   at MailKit.Net.Smtp.SmtpClient.SendCommandInternalAsync(String command, CancellationToken cancellationToken)
   at MailKit.Net.Smtp.SmtpClient.AuthenticateAsync(Encoding encoding, ICredentials credentials, CancellationToken cancellationToken)
   at EmailWorkerService.EmailConsumerService.SendEmail(EmailNotification email) in D:\estudy2\AI_Generated\estudy\api\EmailWorkerService\EmailConsumerService.cs:line 165
   at EmailWorkerService.EmailConsumerService.<ExecuteAsync>b__6_0(Object model, BasicDeliverEventArgs ea) in D:\estudy2\AI_Generated\estudy\api\EmailWorkerService\EmailConsumerService.cs:line 97
2026-01-03 00:34:27.886 +05:30 [INF] Received message: {"To":"vishal_varshney@hotmail.com","Subject":"Password reset request","Body":"Click the link to reset your password: \u003Ca href=\u0022https://localhost:5001/api/Auth/reset?token=46cd811230fe41f897e99f87cdb7e439\u0022\u003Ehttps://localhost:5001/api/Auth/reset?token=46cd811230fe41f897e99f87cdb7e439\u003C/a\u003E"}
2026-01-03 00:34:28.741 +05:30 [ERR] Failed to send email via SMTP
MailKit.Net.Smtp.SmtpProtocolException: The SMTP server has unexpectedly disconnected: Authentication failed: The provided authorization grant is invalid, expired, or revoked
   at MailKit.Net.Smtp.SmtpStream.ReadAheadAsync(CancellationToken cancellationToken)
   at MailKit.Net.Smtp.SmtpStream.ReadResponseAsync(CancellationToken cancellationToken)
   at MailKit.Net.Smtp.SmtpStream.SendCommandAsync(String command, CancellationToken cancellationToken)
   at MailKit.Net.Smtp.SmtpClient.SendCommandInternalAsync(String command, CancellationToken cancellationToken)
   at MailKit.Net.Smtp.SmtpClient.AuthenticateAsync(Encoding encoding, ICredentials credentials, CancellationToken cancellationToken)
   at EmailWorkerService.EmailConsumerService.SendEmail(EmailNotification email) in D:\estudy2\AI_Generated\estudy\api\EmailWorkerService\EmailConsumerService.cs:line 165
2026-01-03 00:34:28.788 +05:30 [ERR] Error processing message
MailKit.Net.Smtp.SmtpProtocolException: The SMTP server has unexpectedly disconnected: Authentication failed: The provided authorization grant is invalid, expired, or revoked
   at MailKit.Net.Smtp.SmtpStream.ReadAheadAsync(CancellationToken cancellationToken)
   at MailKit.Net.Smtp.SmtpStream.ReadResponseAsync(CancellationToken cancellationToken)
   at MailKit.Net.Smtp.SmtpStream.SendCommandAsync(String command, CancellationToken cancellationToken)
   at MailKit.Net.Smtp.SmtpClient.SendCommandInternalAsync(String command, CancellationToken cancellationToken)
   at MailKit.Net.Smtp.SmtpClient.AuthenticateAsync(Encoding encoding, ICredentials credentials, CancellationToken cancellationToken)
   at EmailWorkerService.EmailConsumerService.SendEmail(EmailNotification email) in D:\estudy2\AI_Generated\estudy\api\EmailWorkerService\EmailConsumerService.cs:line 165
   at EmailWorkerService.EmailConsumerService.<ExecuteAsync>b__6_0(Object model, BasicDeliverEventArgs ea) in D:\estudy2\AI_Generated\estudy\api\EmailWorkerService\EmailConsumerService.cs:line 97
2026-01-03 00:34:28.789 +05:30 [INF] Received message: {"To":"vishal_varshney@hotmail.com","Subject":"Password reset request","Body":"Click the link to reset your password: \u003Ca href=\u0022https://localhost:5001/api/Auth/reset?token=ff17e79b693944598d7091ca80b9e795\u0022\u003Ehttps://localhost:5001/api/Auth/reset?token=ff17e79b693944598d7091ca80b9e795\u003C/a\u003E"}
2026-01-03 00:34:29.698 +05:30 [ERR] Failed to send email via SMTP
MailKit.Net.Smtp.SmtpProtocolException: The SMTP server has unexpectedly disconnected: Authentication failed: The provided authorization grant is invalid, expired, or revoked
   at MailKit.Net.Smtp.SmtpStream.ReadAheadAsync(CancellationToken cancellationToken)
   at MailKit.Net.Smtp.SmtpStream.ReadResponseAsync(CancellationToken cancellationToken)
   at MailKit.Net.Smtp.SmtpStream.SendCommandAsync(String command, CancellationToken cancellationToken)
   at MailKit.Net.Smtp.SmtpClient.SendCommandInternalAsync(String command, CancellationToken cancellationToken)
   at MailKit.Net.Smtp.SmtpClient.AuthenticateAsync(Encoding encoding, ICredentials credentials, CancellationToken cancellationToken)
   at EmailWorkerService.EmailConsumerService.SendEmail(EmailNotification email) in D:\estudy2\AI_Generated\estudy\api\EmailWorkerService\EmailConsumerService.cs:line 165
2026-01-03 00:34:29.746 +05:30 [ERR] Error processing message
MailKit.Net.Smtp.SmtpProtocolException: The SMTP server has unexpectedly disconnected: Authentication failed: The provided authorization grant is invalid, expired, or revoked
   at MailKit.Net.Smtp.SmtpStream.ReadAheadAsync(CancellationToken cancellationToken)
   at MailKit.Net.Smtp.SmtpStream.ReadResponseAsync(CancellationToken cancellationToken)
   at MailKit.Net.Smtp.SmtpStream.SendCommandAsync(String command, CancellationToken cancellationToken)
   at MailKit.Net.Smtp.SmtpClient.SendCommandInternalAsync(String command, CancellationToken cancellationToken)
   at MailKit.Net.Smtp.SmtpClient.AuthenticateAsync(Encoding encoding, ICredentials credentials, CancellationToken cancellationToken)
   at EmailWorkerService.EmailConsumerService.SendEmail(EmailNotification email) in D:\estudy2\AI_Generated\estudy\api\EmailWorkerService\EmailConsumerService.cs:line 165
   at EmailWorkerService.EmailConsumerService.<ExecuteAsync>b__6_0(Object model, BasicDeliverEventArgs ea) in D:\estudy2\AI_Generated\estudy\api\EmailWorkerService\EmailConsumerService.cs:line 97
2026-01-03 00:34:29.746 +05:30 [INF] Received message: {"To":"vishal_varshney@hotmail.com","Subject":"Password reset request","Body":"Click the link to reset your password: \u003Ca href=\u0022https://localhost:5001/api/Auth/reset?token=96aeb82bec604da2a58662c6d40f4635\u0022\u003Ehttps://localhost:5001/api/Auth/reset?token=96aeb82bec604da2a58662c6d40f4635\u003C/a\u003E"}
2026-01-03 00:34:30.673 +05:30 [ERR] Failed to send email via SMTP
MailKit.Net.Smtp.SmtpProtocolException: The SMTP server has unexpectedly disconnected: Authentication failed: The provided authorization grant is invalid, expired, or revoked
   at MailKit.Net.Smtp.SmtpStream.ReadAheadAsync(CancellationToken cancellationToken)
   at MailKit.Net.Smtp.SmtpStream.ReadResponseAsync(CancellationToken cancellationToken)
   at MailKit.Net.Smtp.SmtpStream.SendCommandAsync(String command, CancellationToken cancellationToken)
   at MailKit.Net.Smtp.SmtpClient.SendCommandInternalAsync(String command, CancellationToken cancellationToken)
   at MailKit.Net.Smtp.SmtpClient.AuthenticateAsync(Encoding encoding, ICredentials credentials, CancellationToken cancellationToken)
   at EmailWorkerService.EmailConsumerService.SendEmail(EmailNotification email) in D:\estudy2\AI_Generated\estudy\api\EmailWorkerService\EmailConsumerService.cs:line 165
2026-01-03 00:34:30.721 +05:30 [ERR] Error processing message
MailKit.Net.Smtp.SmtpProtocolException: The SMTP server has unexpectedly disconnected: Authentication failed: The provided authorization grant is invalid, expired, or revoked
   at MailKit.Net.Smtp.SmtpStream.ReadAheadAsync(CancellationToken cancellationToken)
   at MailKit.Net.Smtp.SmtpStream.ReadResponseAsync(CancellationToken cancellationToken)
   at MailKit.Net.Smtp.SmtpStream.SendCommandAsync(String command, CancellationToken cancellationToken)
   at MailKit.Net.Smtp.SmtpClient.SendCommandInternalAsync(String command, CancellationToken cancellationToken)
   at MailKit.Net.Smtp.SmtpClient.AuthenticateAsync(Encoding encoding, ICredentials credentials, CancellationToken cancellationToken)
   at EmailWorkerService.EmailConsumerService.SendEmail(EmailNotification email) in D:\estudy2\AI_Generated\estudy\api\EmailWorkerService\EmailConsumerService.cs:line 165
   at EmailWorkerService.EmailConsumerService.<ExecuteAsync>b__6_0(Object model, BasicDeliverEventArgs ea) in D:\estudy2\AI_Generated\estudy\api\EmailWorkerService\EmailConsumerService.cs:line 97
2026-01-03 00:34:30.721 +05:30 [INF] Received message: {"To":"vishal_varshney@hotmail.com","Subject":"Password reset request","Body":"Click the link to reset your password: \u003Ca href=\u0022https://localhost:5001/api/Auth/reset?token=46cd811230fe41f897e99f87cdb7e439\u0022\u003Ehttps://localhost:5001/api/Auth/reset?token=46cd811230fe41f897e99f87cdb7e439\u003C/a\u003E"}
2026-01-03 00:34:31.837 +05:30 [ERR] Failed to send email via SMTP
MailKit.Net.Smtp.SmtpProtocolException: The SMTP server has unexpectedly disconnected: Authentication failed: The provided authorization grant is invalid, expired, or revoked
   at MailKit.Net.Smtp.SmtpStream.ReadAheadAsync(CancellationToken cancellationToken)
   at MailKit.Net.Smtp.SmtpStream.ReadResponseAsync(CancellationToken cancellationToken)
   at MailKit.Net.Smtp.SmtpStream.SendCommandAsync(String command, CancellationToken cancellationToken)
   at MailKit.Net.Smtp.SmtpClient.SendCommandInternalAsync(String command, CancellationToken cancellationToken)
   at MailKit.Net.Smtp.SmtpClient.AuthenticateAsync(Encoding encoding, ICredentials credentials, CancellationToken cancellationToken)
   at EmailWorkerService.EmailConsumerService.SendEmail(EmailNotification email) in D:\estudy2\AI_Generated\estudy\api\EmailWorkerService\EmailConsumerService.cs:line 165
2026-01-03 00:34:31.885 +05:30 [ERR] Error processing message
MailKit.Net.Smtp.SmtpProtocolException: The SMTP server has unexpectedly disconnected: Authentication failed: The provided authorization grant is invalid, expired, or revoked
   at MailKit.Net.Smtp.SmtpStream.ReadAheadAsync(CancellationToken cancellationToken)
   at MailKit.Net.Smtp.SmtpStream.ReadResponseAsync(CancellationToken cancellationToken)
   at MailKit.Net.Smtp.SmtpStream.SendCommandAsync(String command, CancellationToken cancellationToken)
   at MailKit.Net.Smtp.SmtpClient.SendCommandInternalAsync(String command, CancellationToken cancellationToken)
   at MailKit.Net.Smtp.SmtpClient.AuthenticateAsync(Encoding encoding, ICredentials credentials, CancellationToken cancellationToken)
   at EmailWorkerService.EmailConsumerService.SendEmail(EmailNotification email) in D:\estudy2\AI_Generated\estudy\api\EmailWorkerService\EmailConsumerService.cs:line 165
   at EmailWorkerService.EmailConsumerService.<ExecuteAsync>b__6_0(Object model, BasicDeliverEventArgs ea) in D:\estudy2\AI_Generated\estudy\api\EmailWorkerService\EmailConsumerService.cs:line 97
2026-01-03 00:34:31.886 +05:30 [INF] Received message: {"To":"vishal_varshney@hotmail.com","Subject":"Password reset request","Body":"Click the link to reset your password: \u003Ca href=\u0022https://localhost:5001/api/Auth/reset?token=ff17e79b693944598d7091ca80b9e795\u0022\u003Ehttps://localhost:5001/api/Auth/reset?token=ff17e79b693944598d7091ca80b9e795\u003C/a\u003E"}
2026-01-03 00:34:32.839 +05:30 [ERR] Failed to send email via SMTP
MailKit.Net.Smtp.SmtpProtocolException: The SMTP server has unexpectedly disconnected: Authentication failed: The provided authorization grant is invalid, expired, or revoked
   at MailKit.Net.Smtp.SmtpStream.ReadAheadAsync(CancellationToken cancellationToken)
   at MailKit.Net.Smtp.SmtpStream.ReadResponseAsync(CancellationToken cancellationToken)
   at MailKit.Net.Smtp.SmtpStream.SendCommandAsync(String command, CancellationToken cancellationToken)
   at MailKit.Net.Smtp.SmtpClient.SendCommandInternalAsync(String command, CancellationToken cancellationToken)
   at MailKit.Net.Smtp.SmtpClient.AuthenticateAsync(Encoding encoding, ICredentials credentials, CancellationToken cancellationToken)
   at EmailWorkerService.EmailConsumerService.SendEmail(EmailNotification email) in D:\estudy2\AI_Generated\estudy\api\EmailWorkerService\EmailConsumerService.cs:line 165
2026-01-03 00:34:32.887 +05:30 [ERR] Error processing message
MailKit.Net.Smtp.SmtpProtocolException: The SMTP server has unexpectedly disconnected: Authentication failed: The provided authorization grant is invalid, expired, or revoked
   at MailKit.Net.Smtp.SmtpStream.ReadAheadAsync(CancellationToken cancellationToken)
   at MailKit.Net.Smtp.SmtpStream.ReadResponseAsync(CancellationToken cancellationToken)
   at MailKit.Net.Smtp.SmtpStream.SendCommandAsync(String command, CancellationToken cancellationToken)
   at MailKit.Net.Smtp.SmtpClient.SendCommandInternalAsync(String command, CancellationToken cancellationToken)
   at MailKit.Net.Smtp.SmtpClient.AuthenticateAsync(Encoding encoding, ICredentials credentials, CancellationToken cancellationToken)
   at EmailWorkerService.EmailConsumerService.SendEmail(EmailNotification email) in D:\estudy2\AI_Generated\estudy\api\EmailWorkerService\EmailConsumerService.cs:line 165
   at EmailWorkerService.EmailConsumerService.<ExecuteAsync>b__6_0(Object model, BasicDeliverEventArgs ea) in D:\estudy2\AI_Generated\estudy\api\EmailWorkerService\EmailConsumerService.cs:line 97
2026-01-03 00:34:32.887 +05:30 [INF] Received message: {"To":"vishal_varshney@hotmail.com","Subject":"Password reset request","Body":"Click the link to reset your password: \u003Ca href=\u0022https://localhost:5001/api/Auth/reset?token=96aeb82bec604da2a58662c6d40f4635\u0022\u003Ehttps://localhost:5001/api/Auth/reset?token=96aeb82bec604da2a58662c6d40f4635\u003C/a\u003E"}
2026-01-03 00:34:33.789 +05:30 [ERR] Failed to send email via SMTP
MailKit.Net.Smtp.SmtpProtocolException: The SMTP server has unexpectedly disconnected: Authentication failed: The provided authorization grant is invalid, expired, or revoked
   at MailKit.Net.Smtp.SmtpStream.ReadAheadAsync(CancellationToken cancellationToken)
   at MailKit.Net.Smtp.SmtpStream.ReadResponseAsync(CancellationToken cancellationToken)
   at MailKit.Net.Smtp.SmtpStream.SendCommandAsync(String command, CancellationToken cancellationToken)
   at MailKit.Net.Smtp.SmtpClient.SendCommandInternalAsync(String command, CancellationToken cancellationToken)
   at MailKit.Net.Smtp.SmtpClient.AuthenticateAsync(Encoding encoding, ICredentials credentials, CancellationToken cancellationToken)
   at EmailWorkerService.EmailConsumerService.SendEmail(EmailNotification email) in D:\estudy2\AI_Generated\estudy\api\EmailWorkerService\EmailConsumerService.cs:line 165
2026-01-03 00:34:33.842 +05:30 [ERR] Error processing message
MailKit.Net.Smtp.SmtpProtocolException: The SMTP server has unexpectedly disconnected: Authentication failed: The provided authorization grant is invalid, expired, or revoked
   at MailKit.Net.Smtp.SmtpStream.ReadAheadAsync(CancellationToken cancellationToken)
   at MailKit.Net.Smtp.SmtpStream.ReadResponseAsync(CancellationToken cancellationToken)
   at MailKit.Net.Smtp.SmtpStream.SendCommandAsync(String command, CancellationToken cancellationToken)
   at MailKit.Net.Smtp.SmtpClient.SendCommandInternalAsync(String command, CancellationToken cancellationToken)
   at MailKit.Net.Smtp.SmtpClient.AuthenticateAsync(Encoding encoding, ICredentials credentials, CancellationToken cancellationToken)
   at EmailWorkerService.EmailConsumerService.SendEmail(EmailNotification email) in D:\estudy2\AI_Generated\estudy\api\EmailWorkerService\EmailConsumerService.cs:line 165
   at EmailWorkerService.EmailConsumerService.<ExecuteAsync>b__6_0(Object model, BasicDeliverEventArgs ea) in D:\estudy2\AI_Generated\estudy\api\EmailWorkerService\EmailConsumerService.cs:line 97
2026-01-03 00:34:33.842 +05:30 [INF] Received message: {"To":"vishal_varshney@hotmail.com","Subject":"Password reset request","Body":"Click the link to reset your password: \u003Ca href=\u0022https://localhost:5001/api/Auth/reset?token=46cd811230fe41f897e99f87cdb7e439\u0022\u003Ehttps://localhost:5001/api/Auth/reset?token=46cd811230fe41f897e99f87cdb7e439\u003C/a\u003E"}
2026-01-03 00:34:34.716 +05:30 [ERR] Failed to send email via SMTP
MailKit.Net.Smtp.SmtpProtocolException: The SMTP server has unexpectedly disconnected: Authentication failed: The provided authorization grant is invalid, expired, or revoked
   at MailKit.Net.Smtp.SmtpStream.ReadAheadAsync(CancellationToken cancellationToken)
   at MailKit.Net.Smtp.SmtpStream.ReadResponseAsync(CancellationToken cancellationToken)
   at MailKit.Net.Smtp.SmtpStream.SendCommandAsync(String command, CancellationToken cancellationToken)
   at MailKit.Net.Smtp.SmtpClient.SendCommandInternalAsync(String command, CancellationToken cancellationToken)
   at MailKit.Net.Smtp.SmtpClient.AuthenticateAsync(Encoding encoding, ICredentials credentials, CancellationToken cancellationToken)
   at EmailWorkerService.EmailConsumerService.SendEmail(EmailNotification email) in D:\estudy2\AI_Generated\estudy\api\EmailWorkerService\EmailConsumerService.cs:line 165
2026-01-03 00:34:34.768 +05:30 [ERR] Error processing message
MailKit.Net.Smtp.SmtpProtocolException: The SMTP server has unexpectedly disconnected: Authentication failed: The provided authorization grant is invalid, expired, or revoked
   at MailKit.Net.Smtp.SmtpStream.ReadAheadAsync(CancellationToken cancellationToken)
   at MailKit.Net.Smtp.SmtpStream.ReadResponseAsync(CancellationToken cancellationToken)
   at MailKit.Net.Smtp.SmtpStream.SendCommandAsync(String command, CancellationToken cancellationToken)
   at MailKit.Net.Smtp.SmtpClient.SendCommandInternalAsync(String command, CancellationToken cancellationToken)
   at MailKit.Net.Smtp.SmtpClient.AuthenticateAsync(Encoding encoding, ICredentials credentials, CancellationToken cancellationToken)
   at EmailWorkerService.EmailConsumerService.SendEmail(EmailNotification email) in D:\estudy2\AI_Generated\estudy\api\EmailWorkerService\EmailConsumerService.cs:line 165
   at EmailWorkerService.EmailConsumerService.<ExecuteAsync>b__6_0(Object model, BasicDeliverEventArgs ea) in D:\estudy2\AI_Generated\estudy\api\EmailWorkerService\EmailConsumerService.cs:line 97
2026-01-03 00:34:34.768 +05:30 [INF] Received message: {"To":"vishal_varshney@hotmail.com","Subject":"Password reset request","Body":"Click the link to reset your password: \u003Ca href=\u0022https://localhost:5001/api/Auth/reset?token=ff17e79b693944598d7091ca80b9e795\u0022\u003Ehttps://localhost:5001/api/Auth/reset?token=ff17e79b693944598d7091ca80b9e795\u003C/a\u003E"}
2026-01-03 00:34:35.649 +05:30 [ERR] Failed to send email via SMTP
MailKit.Net.Smtp.SmtpProtocolException: The SMTP server has unexpectedly disconnected: Authentication failed: The provided authorization grant is invalid, expired, or revoked
   at MailKit.Net.Smtp.SmtpStream.ReadAheadAsync(CancellationToken cancellationToken)
   at MailKit.Net.Smtp.SmtpStream.ReadResponseAsync(CancellationToken cancellationToken)
   at MailKit.Net.Smtp.SmtpStream.SendCommandAsync(String command, CancellationToken cancellationToken)
   at MailKit.Net.Smtp.SmtpClient.SendCommandInternalAsync(String command, CancellationToken cancellationToken)
   at MailKit.Net.Smtp.SmtpClient.AuthenticateAsync(Encoding encoding, ICredentials credentials, CancellationToken cancellationToken)
   at EmailWorkerService.EmailConsumerService.SendEmail(EmailNotification email) in D:\estudy2\AI_Generated\estudy\api\EmailWorkerService\EmailConsumerService.cs:line 165
2026-01-03 00:34:35.695 +05:30 [ERR] Error processing message
MailKit.Net.Smtp.SmtpProtocolException: The SMTP server has unexpectedly disconnected: Authentication failed: The provided authorization grant is invalid, expired, or revoked
   at MailKit.Net.Smtp.SmtpStream.ReadAheadAsync(CancellationToken cancellationToken)
   at MailKit.Net.Smtp.SmtpStream.ReadResponseAsync(CancellationToken cancellationToken)
   at MailKit.Net.Smtp.SmtpStream.SendCommandAsync(String command, CancellationToken cancellationToken)
   at MailKit.Net.Smtp.SmtpClient.SendCommandInternalAsync(String command, CancellationToken cancellationToken)
   at MailKit.Net.Smtp.SmtpClient.AuthenticateAsync(Encoding encoding, ICredentials credentials, CancellationToken cancellationToken)
   at EmailWorkerService.EmailConsumerService.SendEmail(EmailNotification email) in D:\estudy2\AI_Generated\estudy\api\EmailWorkerService\EmailConsumerService.cs:line 165
   at EmailWorkerService.EmailConsumerService.<ExecuteAsync>b__6_0(Object model, BasicDeliverEventArgs ea) in D:\estudy2\AI_Generated\estudy\api\EmailWorkerService\EmailConsumerService.cs:line 97
2026-01-03 00:34:35.696 +05:30 [INF] Received message: {"To":"vishal_varshney@hotmail.com","Subject":"Password reset request","Body":"Click the link to reset your password: \u003Ca href=\u0022https://localhost:5001/api/Auth/reset?token=96aeb82bec604da2a58662c6d40f4635\u0022\u003Ehttps://localhost:5001/api/Auth/reset?token=96aeb82bec604da2a58662c6d40f4635\u003C/a\u003E"}
2026-01-03 00:34:36.523 +05:30 [ERR] Failed to send email via SMTP
MailKit.Net.Smtp.SmtpProtocolException: The SMTP server has unexpectedly disconnected: Authentication failed: The provided authorization grant is invalid, expired, or revoked
   at MailKit.Net.Smtp.SmtpStream.ReadAheadAsync(CancellationToken cancellationToken)
   at MailKit.Net.Smtp.SmtpStream.ReadResponseAsync(CancellationToken cancellationToken)
   at MailKit.Net.Smtp.SmtpStream.SendCommandAsync(String command, CancellationToken cancellationToken)
   at MailKit.Net.Smtp.SmtpClient.SendCommandInternalAsync(String command, CancellationToken cancellationToken)
   at MailKit.Net.Smtp.SmtpClient.AuthenticateAsync(Encoding encoding, ICredentials credentials, CancellationToken cancellationToken)
   at EmailWorkerService.EmailConsumerService.SendEmail(EmailNotification email) in D:\estudy2\AI_Generated\estudy\api\EmailWorkerService\EmailConsumerService.cs:line 165
2026-01-03 00:34:36.569 +05:30 [ERR] Error processing message
MailKit.Net.Smtp.SmtpProtocolException: The SMTP server has unexpectedly disconnected: Authentication failed: The provided authorization grant is invalid, expired, or revoked
   at MailKit.Net.Smtp.SmtpStream.ReadAheadAsync(CancellationToken cancellationToken)
   at MailKit.Net.Smtp.SmtpStream.ReadResponseAsync(CancellationToken cancellationToken)
   at MailKit.Net.Smtp.SmtpStream.SendCommandAsync(String command, CancellationToken cancellationToken)
   at MailKit.Net.Smtp.SmtpClient.SendCommandInternalAsync(String command, CancellationToken cancellationToken)
   at MailKit.Net.Smtp.SmtpClient.AuthenticateAsync(Encoding encoding, ICredentials credentials, CancellationToken cancellationToken)
   at EmailWorkerService.EmailConsumerService.SendEmail(EmailNotification email) in D:\estudy2\AI_Generated\estudy\api\EmailWorkerService\EmailConsumerService.cs:line 165
   at EmailWorkerService.EmailConsumerService.<ExecuteAsync>b__6_0(Object model, BasicDeliverEventArgs ea) in D:\estudy2\AI_Generated\estudy\api\EmailWorkerService\EmailConsumerService.cs:line 97
2026-01-03 00:34:36.571 +05:30 [INF] Received message: {"To":"vishal_varshney@hotmail.com","Subject":"Password reset request","Body":"Click the link to reset your password: \u003Ca href=\u0022https://localhost:5001/api/Auth/reset?token=46cd811230fe41f897e99f87cdb7e439\u0022\u003Ehttps://localhost:5001/api/Auth/reset?token=46cd811230fe41f897e99f87cdb7e439\u003C/a\u003E"}
2026-01-03 00:34:37.470 +05:30 [ERR] Failed to send email via SMTP
MailKit.Net.Smtp.SmtpProtocolException: The SMTP server has unexpectedly disconnected: Authentication failed: The provided authorization grant is invalid, expired, or revoked
   at MailKit.Net.Smtp.SmtpStream.ReadAheadAsync(CancellationToken cancellationToken)
   at MailKit.Net.Smtp.SmtpStream.ReadResponseAsync(CancellationToken cancellationToken)
   at MailKit.Net.Smtp.SmtpStream.SendCommandAsync(String command, CancellationToken cancellationToken)
   at MailKit.Net.Smtp.SmtpClient.SendCommandInternalAsync(String command, CancellationToken cancellationToken)
   at MailKit.Net.Smtp.SmtpClient.AuthenticateAsync(Encoding encoding, ICredentials credentials, CancellationToken cancellationToken)
   at EmailWorkerService.EmailConsumerService.SendEmail(EmailNotification email) in D:\estudy2\AI_Generated\estudy\api\EmailWorkerService\EmailConsumerService.cs:line 165
2026-01-03 00:34:37.520 +05:30 [ERR] Error processing message
MailKit.Net.Smtp.SmtpProtocolException: The SMTP server has unexpectedly disconnected: Authentication failed: The provided authorization grant is invalid, expired, or revoked
   at MailKit.Net.Smtp.SmtpStream.ReadAheadAsync(CancellationToken cancellationToken)
   at MailKit.Net.Smtp.SmtpStream.ReadResponseAsync(CancellationToken cancellationToken)
   at MailKit.Net.Smtp.SmtpStream.SendCommandAsync(String command, CancellationToken cancellationToken)
   at MailKit.Net.Smtp.SmtpClient.SendCommandInternalAsync(String command, CancellationToken cancellationToken)
   at MailKit.Net.Smtp.SmtpClient.AuthenticateAsync(Encoding encoding, ICredentials credentials, CancellationToken cancellationToken)
   at EmailWorkerService.EmailConsumerService.SendEmail(EmailNotification email) in D:\estudy2\AI_Generated\estudy\api\EmailWorkerService\EmailConsumerService.cs:line 165
   at EmailWorkerService.EmailConsumerService.<ExecuteAsync>b__6_0(Object model, BasicDeliverEventArgs ea) in D:\estudy2\AI_Generated\estudy\api\EmailWorkerService\EmailConsumerService.cs:line 97
2026-01-03 00:34:37.520 +05:30 [INF] Received message: {"To":"vishal_varshney@hotmail.com","Subject":"Password reset request","Body":"Click the link to reset your password: \u003Ca href=\u0022https://localhost:5001/api/Auth/reset?token=ff17e79b693944598d7091ca80b9e795\u0022\u003Ehttps://localhost:5001/api/Auth/reset?token=ff17e79b693944598d7091ca80b9e795\u003C/a\u003E"}
2026-01-03 00:34:38.422 +05:30 [ERR] Failed to send email via SMTP
MailKit.Net.Smtp.SmtpProtocolException: The SMTP server has unexpectedly disconnected: Authentication failed: The provided authorization grant is invalid, expired, or revoked
   at MailKit.Net.Smtp.SmtpStream.ReadAheadAsync(CancellationToken cancellationToken)
   at MailKit.Net.Smtp.SmtpStream.ReadResponseAsync(CancellationToken cancellationToken)
   at MailKit.Net.Smtp.SmtpStream.SendCommandAsync(String command, CancellationToken cancellationToken)
   at MailKit.Net.Smtp.SmtpClient.SendCommandInternalAsync(String command, CancellationToken cancellationToken)
   at MailKit.Net.Smtp.SmtpClient.AuthenticateAsync(Encoding encoding, ICredentials credentials, CancellationToken cancellationToken)
   at EmailWorkerService.EmailConsumerService.SendEmail(EmailNotification email) in D:\estudy2\AI_Generated\estudy\api\EmailWorkerService\EmailConsumerService.cs:line 165
2026-01-03 00:34:38.477 +05:30 [ERR] Error processing message
MailKit.Net.Smtp.SmtpProtocolException: The SMTP server has unexpectedly disconnected: Authentication failed: The provided authorization grant is invalid, expired, or revoked
   at MailKit.Net.Smtp.SmtpStream.ReadAheadAsync(CancellationToken cancellationToken)
   at MailKit.Net.Smtp.SmtpStream.ReadResponseAsync(CancellationToken cancellationToken)
   at MailKit.Net.Smtp.SmtpStream.SendCommandAsync(String command, CancellationToken cancellationToken)
   at MailKit.Net.Smtp.SmtpClient.SendCommandInternalAsync(String command, CancellationToken cancellationToken)
   at MailKit.Net.Smtp.SmtpClient.AuthenticateAsync(Encoding encoding, ICredentials credentials, CancellationToken cancellationToken)
   at EmailWorkerService.EmailConsumerService.SendEmail(EmailNotification email) in D:\estudy2\AI_Generated\estudy\api\EmailWorkerService\EmailConsumerService.cs:line 165
   at EmailWorkerService.EmailConsumerService.<ExecuteAsync>b__6_0(Object model, BasicDeliverEventArgs ea) in D:\estudy2\AI_Generated\estudy\api\EmailWorkerService\EmailConsumerService.cs:line 97
2026-01-03 00:34:38.477 +05:30 [INF] Received message: {"To":"vishal_varshney@hotmail.com","Subject":"Password reset request","Body":"Click the link to reset your password: \u003Ca href=\u0022https://localhost:5001/api/Auth/reset?token=96aeb82bec604da2a58662c6d40f4635\u0022\u003Ehttps://localhost:5001/api/Auth/reset?token=96aeb82bec604da2a58662c6d40f4635\u003C/a\u003E"}
2026-01-03 00:34:39.382 +05:30 [ERR] Failed to send email via SMTP
MailKit.Net.Smtp.SmtpProtocolException: The SMTP server has unexpectedly disconnected: Authentication failed: The provided authorization grant is invalid, expired, or revoked
   at MailKit.Net.Smtp.SmtpStream.ReadAheadAsync(CancellationToken cancellationToken)
   at MailKit.Net.Smtp.SmtpStream.ReadResponseAsync(CancellationToken cancellationToken)
   at MailKit.Net.Smtp.SmtpStream.SendCommandAsync(String command, CancellationToken cancellationToken)
   at MailKit.Net.Smtp.SmtpClient.SendCommandInternalAsync(String command, CancellationToken cancellationToken)
   at MailKit.Net.Smtp.SmtpClient.AuthenticateAsync(Encoding encoding, ICredentials credentials, CancellationToken cancellationToken)
   at EmailWorkerService.EmailConsumerService.SendEmail(EmailNotification email) in D:\estudy2\AI_Generated\estudy\api\EmailWorkerService\EmailConsumerService.cs:line 165
2026-01-03 00:34:39.443 +05:30 [ERR] Error processing message
MailKit.Net.Smtp.SmtpProtocolException: The SMTP server has unexpectedly disconnected: Authentication failed: The provided authorization grant is invalid, expired, or revoked
   at MailKit.Net.Smtp.SmtpStream.ReadAheadAsync(CancellationToken cancellationToken)
   at MailKit.Net.Smtp.SmtpStream.ReadResponseAsync(CancellationToken cancellationToken)
   at MailKit.Net.Smtp.SmtpStream.SendCommandAsync(String command, CancellationToken cancellationToken)
   at MailKit.Net.Smtp.SmtpClient.SendCommandInternalAsync(String command, CancellationToken cancellationToken)
   at MailKit.Net.Smtp.SmtpClient.AuthenticateAsync(Encoding encoding, ICredentials credentials, CancellationToken cancellationToken)
   at EmailWorkerService.EmailConsumerService.SendEmail(EmailNotification email) in D:\estudy2\AI_Generated\estudy\api\EmailWorkerService\EmailConsumerService.cs:line 165
   at EmailWorkerService.EmailConsumerService.<ExecuteAsync>b__6_0(Object model, BasicDeliverEventArgs ea) in D:\estudy2\AI_Generated\estudy\api\EmailWorkerService\EmailConsumerService.cs:line 97
2026-01-03 00:34:39.444 +05:30 [INF] Received message: {"To":"vishal_varshney@hotmail.com","Subject":"Password reset request","Body":"Click the link to reset your password: \u003Ca href=\u0022https://localhost:5001/api/Auth/reset?token=46cd811230fe41f897e99f87cdb7e439\u0022\u003Ehttps://localhost:5001/api/Auth/reset?token=46cd811230fe41f897e99f87cdb7e439\u003C/a\u003E"}
2026-01-03 00:34:40.514 +05:30 [ERR] Failed to send email via SMTP
MailKit.Net.Smtp.SmtpProtocolException: The SMTP server has unexpectedly disconnected: Authentication failed: The provided authorization grant is invalid, expired, or revoked
   at MailKit.Net.Smtp.SmtpStream.ReadAheadAsync(CancellationToken cancellationToken)
   at MailKit.Net.Smtp.SmtpStream.ReadResponseAsync(CancellationToken cancellationToken)
   at MailKit.Net.Smtp.SmtpStream.SendCommandAsync(String command, CancellationToken cancellationToken)
   at MailKit.Net.Smtp.SmtpClient.SendCommandInternalAsync(String command, CancellationToken cancellationToken)
   at MailKit.Net.Smtp.SmtpClient.AuthenticateAsync(Encoding encoding, ICredentials credentials, CancellationToken cancellationToken)
   at EmailWorkerService.EmailConsumerService.SendEmail(EmailNotification email) in D:\estudy2\AI_Generated\estudy\api\EmailWorkerService\EmailConsumerService.cs:line 165
2026-01-03 00:34:40.578 +05:30 [ERR] Error processing message
MailKit.Net.Smtp.SmtpProtocolException: The SMTP server has unexpectedly disconnected: Authentication failed: The provided authorization grant is invalid, expired, or revoked
   at MailKit.Net.Smtp.SmtpStream.ReadAheadAsync(CancellationToken cancellationToken)
   at MailKit.Net.Smtp.SmtpStream.ReadResponseAsync(CancellationToken cancellationToken)
   at MailKit.Net.Smtp.SmtpStream.SendCommandAsync(String command, CancellationToken cancellationToken)
   at MailKit.Net.Smtp.SmtpClient.SendCommandInternalAsync(String command, CancellationToken cancellationToken)
   at MailKit.Net.Smtp.SmtpClient.AuthenticateAsync(Encoding encoding, ICredentials credentials, CancellationToken cancellationToken)
   at EmailWorkerService.EmailConsumerService.SendEmail(EmailNotification email) in D:\estudy2\AI_Generated\estudy\api\EmailWorkerService\EmailConsumerService.cs:line 165
   at EmailWorkerService.EmailConsumerService.<ExecuteAsync>b__6_0(Object model, BasicDeliverEventArgs ea) in D:\estudy2\AI_Generated\estudy\api\EmailWorkerService\EmailConsumerService.cs:line 97
2026-01-03 00:34:40.578 +05:30 [INF] Received message: {"To":"vishal_varshney@hotmail.com","Subject":"Password reset request","Body":"Click the link to reset your password: \u003Ca href=\u0022https://localhost:5001/api/Auth/reset?token=ff17e79b693944598d7091ca80b9e795\u0022\u003Ehttps://localhost:5001/api/Auth/reset?token=ff17e79b693944598d7091ca80b9e795\u003C/a\u003E"}
2026-01-03 00:34:41.550 +05:30 [ERR] Failed to send email via SMTP
MailKit.Net.Smtp.SmtpProtocolException: The SMTP server has unexpectedly disconnected: Authentication failed: The provided authorization grant is invalid, expired, or revoked
   at MailKit.Net.Smtp.SmtpStream.ReadAheadAsync(CancellationToken cancellationToken)
   at MailKit.Net.Smtp.SmtpStream.ReadResponseAsync(CancellationToken cancellationToken)
   at MailKit.Net.Smtp.SmtpStream.SendCommandAsync(String command, CancellationToken cancellationToken)
   at MailKit.Net.Smtp.SmtpClient.SendCommandInternalAsync(String command, CancellationToken cancellationToken)
   at MailKit.Net.Smtp.SmtpClient.AuthenticateAsync(Encoding encoding, ICredentials credentials, CancellationToken cancellationToken)
   at EmailWorkerService.EmailConsumerService.SendEmail(EmailNotification email) in D:\estudy2\AI_Generated\estudy\api\EmailWorkerService\EmailConsumerService.cs:line 165
2026-01-03 00:34:41.635 +05:30 [ERR] Error processing message
MailKit.Net.Smtp.SmtpProtocolException: The SMTP server has unexpectedly disconnected: Authentication failed: The provided authorization grant is invalid, expired, or revoked
   at MailKit.Net.Smtp.SmtpStream.ReadAheadAsync(CancellationToken cancellationToken)
   at MailKit.Net.Smtp.SmtpStream.ReadResponseAsync(CancellationToken cancellationToken)
   at MailKit.Net.Smtp.SmtpStream.SendCommandAsync(String command, CancellationToken cancellationToken)
   at MailKit.Net.Smtp.SmtpClient.SendCommandInternalAsync(String command, CancellationToken cancellationToken)
   at MailKit.Net.Smtp.SmtpClient.AuthenticateAsync(Encoding encoding, ICredentials credentials, CancellationToken cancellationToken)
   at EmailWorkerService.EmailConsumerService.SendEmail(EmailNotification email) in D:\estudy2\AI_Generated\estudy\api\EmailWorkerService\EmailConsumerService.cs:line 165
   at EmailWorkerService.EmailConsumerService.<ExecuteAsync>b__6_0(Object model, BasicDeliverEventArgs ea) in D:\estudy2\AI_Generated\estudy\api\EmailWorkerService\EmailConsumerService.cs:line 97
2026-01-03 00:34:41.635 +05:30 [INF] Received message: {"To":"vishal_varshney@hotmail.com","Subject":"Password reset request","Body":"Click the link to reset your password: \u003Ca href=\u0022https://localhost:5001/api/Auth/reset?token=96aeb82bec604da2a58662c6d40f4635\u0022\u003Ehttps://localhost:5001/api/Auth/reset?token=96aeb82bec604da2a58662c6d40f4635\u003C/a\u003E"}
2026-01-03 00:34:42.993 +05:30 [ERR] Failed to send email via SMTP
MailKit.Net.Smtp.SmtpProtocolException: The SMTP server has unexpectedly disconnected: Authentication failed: The provided authorization grant is invalid, expired, or revoked
   at MailKit.Net.Smtp.SmtpStream.ReadAheadAsync(CancellationToken cancellationToken)
   at MailKit.Net.Smtp.SmtpStream.ReadResponseAsync(CancellationToken cancellationToken)
   at MailKit.Net.Smtp.SmtpStream.SendCommandAsync(String command, CancellationToken cancellationToken)
   at MailKit.Net.Smtp.SmtpClient.SendCommandInternalAsync(String command, CancellationToken cancellationToken)
   at MailKit.Net.Smtp.SmtpClient.AuthenticateAsync(Encoding encoding, ICredentials credentials, CancellationToken cancellationToken)
   at EmailWorkerService.EmailConsumerService.SendEmail(EmailNotification email) in D:\estudy2\AI_Generated\estudy\api\EmailWorkerService\EmailConsumerService.cs:line 165
2026-01-03 00:34:43.044 +05:30 [ERR] Error processing message
MailKit.Net.Smtp.SmtpProtocolException: The SMTP server has unexpectedly disconnected: Authentication failed: The provided authorization grant is invalid, expired, or revoked
   at MailKit.Net.Smtp.SmtpStream.ReadAheadAsync(CancellationToken cancellationToken)
   at MailKit.Net.Smtp.SmtpStream.ReadResponseAsync(CancellationToken cancellationToken)
   at MailKit.Net.Smtp.SmtpStream.SendCommandAsync(String command, CancellationToken cancellationToken)
   at MailKit.Net.Smtp.SmtpClient.SendCommandInternalAsync(String command, CancellationToken cancellationToken)
   at MailKit.Net.Smtp.SmtpClient.AuthenticateAsync(Encoding encoding, ICredentials credentials, CancellationToken cancellationToken)
   at EmailWorkerService.EmailConsumerService.SendEmail(EmailNotification email) in D:\estudy2\AI_Generated\estudy\api\EmailWorkerService\EmailConsumerService.cs:line 165
   at EmailWorkerService.EmailConsumerService.<ExecuteAsync>b__6_0(Object model, BasicDeliverEventArgs ea) in D:\estudy2\AI_Generated\estudy\api\EmailWorkerService\EmailConsumerService.cs:line 97
2026-01-03 00:34:43.044 +05:30 [INF] Received message: {"To":"vishal_varshney@hotmail.com","Subject":"Password reset request","Body":"Click the link to reset your password: \u003Ca href=\u0022https://localhost:5001/api/Auth/reset?token=46cd811230fe41f897e99f87cdb7e439\u0022\u003Ehttps://localhost:5001/api/Auth/reset?token=46cd811230fe41f897e99f87cdb7e439\u003C/a\u003E"}
2026-01-03 00:34:44.411 +05:30 [ERR] Failed to send email via SMTP
MailKit.Net.Smtp.SmtpProtocolException: The SMTP server has unexpectedly disconnected: Authentication failed: The provided authorization grant is invalid, expired, or revoked
   at MailKit.Net.Smtp.SmtpStream.ReadAheadAsync(CancellationToken cancellationToken)
   at MailKit.Net.Smtp.SmtpStream.ReadResponseAsync(CancellationToken cancellationToken)
   at MailKit.Net.Smtp.SmtpStream.SendCommandAsync(String command, CancellationToken cancellationToken)
   at MailKit.Net.Smtp.SmtpClient.SendCommandInternalAsync(String command, CancellationToken cancellationToken)
   at MailKit.Net.Smtp.SmtpClient.AuthenticateAsync(Encoding encoding, ICredentials credentials, CancellationToken cancellationToken)
   at EmailWorkerService.EmailConsumerService.SendEmail(EmailNotification email) in D:\estudy2\AI_Generated\estudy\api\EmailWorkerService\EmailConsumerService.cs:line 165
2026-01-03 00:34:44.475 +05:30 [ERR] Error processing message
MailKit.Net.Smtp.SmtpProtocolException: The SMTP server has unexpectedly disconnected: Authentication failed: The provided authorization grant is invalid, expired, or revoked
   at MailKit.Net.Smtp.SmtpStream.ReadAheadAsync(CancellationToken cancellationToken)
   at MailKit.Net.Smtp.SmtpStream.ReadResponseAsync(CancellationToken cancellationToken)
   at MailKit.Net.Smtp.SmtpStream.SendCommandAsync(String command, CancellationToken cancellationToken)
   at MailKit.Net.Smtp.SmtpClient.SendCommandInternalAsync(String command, CancellationToken cancellationToken)
   at MailKit.Net.Smtp.SmtpClient.AuthenticateAsync(Encoding encoding, ICredentials credentials, CancellationToken cancellationToken)
   at EmailWorkerService.EmailConsumerService.SendEmail(EmailNotification email) in D:\estudy2\AI_Generated\estudy\api\EmailWorkerService\EmailConsumerService.cs:line 165
   at EmailWorkerService.EmailConsumerService.<ExecuteAsync>b__6_0(Object model, BasicDeliverEventArgs ea) in D:\estudy2\AI_Generated\estudy\api\EmailWorkerService\EmailConsumerService.cs:line 97
2026-01-03 00:34:44.475 +05:30 [INF] Received message: {"To":"vishal_varshney@hotmail.com","Subject":"Password reset request","Body":"Click the link to reset your password: \u003Ca href=\u0022https://localhost:5001/api/Auth/reset?token=ff17e79b693944598d7091ca80b9e795\u0022\u003Ehttps://localhost:5001/api/Auth/reset?token=ff17e79b693944598d7091ca80b9e795\u003C/a\u003E"}
2026-01-03 00:34:45.814 +05:30 [ERR] Failed to send email via SMTP
MailKit.Net.Smtp.SmtpProtocolException: The SMTP server has unexpectedly disconnected: Authentication failed: The provided authorization grant is invalid, expired, or revoked
   at MailKit.Net.Smtp.SmtpStream.ReadAheadAsync(CancellationToken cancellationToken)
   at MailKit.Net.Smtp.SmtpStream.ReadResponseAsync(CancellationToken cancellationToken)
   at MailKit.Net.Smtp.SmtpStream.SendCommandAsync(String command, CancellationToken cancellationToken)
   at MailKit.Net.Smtp.SmtpClient.SendCommandInternalAsync(String command, CancellationToken cancellationToken)
   at MailKit.Net.Smtp.SmtpClient.AuthenticateAsync(Encoding encoding, ICredentials credentials, CancellationToken cancellationToken)
   at EmailWorkerService.EmailConsumerService.SendEmail(EmailNotification email) in D:\estudy2\AI_Generated\estudy\api\EmailWorkerService\EmailConsumerService.cs:line 165
2026-01-03 00:34:45.861 +05:30 [ERR] Error processing message
MailKit.Net.Smtp.SmtpProtocolException: The SMTP server has unexpectedly disconnected: Authentication failed: The provided authorization grant is invalid, expired, or revoked
   at MailKit.Net.Smtp.SmtpStream.ReadAheadAsync(CancellationToken cancellationToken)
   at MailKit.Net.Smtp.SmtpStream.ReadResponseAsync(CancellationToken cancellationToken)
   at MailKit.Net.Smtp.SmtpStream.SendCommandAsync(String command, CancellationToken cancellationToken)
   at MailKit.Net.Smtp.SmtpClient.SendCommandInternalAsync(String command, CancellationToken cancellationToken)
   at MailKit.Net.Smtp.SmtpClient.AuthenticateAsync(Encoding encoding, ICredentials credentials, CancellationToken cancellationToken)
   at EmailWorkerService.EmailConsumerService.SendEmail(EmailNotification email) in D:\estudy2\AI_Generated\estudy\api\EmailWorkerService\EmailConsumerService.cs:line 165
   at EmailWorkerService.EmailConsumerService.<ExecuteAsync>b__6_0(Object model, BasicDeliverEventArgs ea) in D:\estudy2\AI_Generated\estudy\api\EmailWorkerService\EmailConsumerService.cs:line 97
2026-01-03 00:34:45.861 +05:30 [INF] Received message: {"To":"vishal_varshney@hotmail.com","Subject":"Password reset request","Body":"Click the link to reset your password: \u003Ca href=\u0022https://localhost:5001/api/Auth/reset?token=96aeb82bec604da2a58662c6d40f4635\u0022\u003Ehttps://localhost:5001/api/Auth/reset?token=96aeb82bec604da2a58662c6d40f4635\u003C/a\u003E"}
2026-01-03 00:34:47.239 +05:30 [ERR] Failed to send email via SMTP
MailKit.Net.Smtp.SmtpProtocolException: The SMTP server has unexpectedly disconnected: Authentication failed: The provided authorization grant is invalid, expired, or revoked
   at MailKit.Net.Smtp.SmtpStream.ReadAheadAsync(CancellationToken cancellationToken)
   at MailKit.Net.Smtp.SmtpStream.ReadResponseAsync(CancellationToken cancellationToken)
   at MailKit.Net.Smtp.SmtpStream.SendCommandAsync(String command, CancellationToken cancellationToken)
   at MailKit.Net.Smtp.SmtpClient.SendCommandInternalAsync(String command, CancellationToken cancellationToken)
   at MailKit.Net.Smtp.SmtpClient.AuthenticateAsync(Encoding encoding, ICredentials credentials, CancellationToken cancellationToken)
   at EmailWorkerService.EmailConsumerService.SendEmail(EmailNotification email) in D:\estudy2\AI_Generated\estudy\api\EmailWorkerService\EmailConsumerService.cs:line 165
2026-01-03 00:34:47.287 +05:30 [ERR] Error processing message
MailKit.Net.Smtp.SmtpProtocolException: The SMTP server has unexpectedly disconnected: Authentication failed: The provided authorization grant is invalid, expired, or revoked
   at MailKit.Net.Smtp.SmtpStream.ReadAheadAsync(CancellationToken cancellationToken)
   at MailKit.Net.Smtp.SmtpStream.ReadResponseAsync(CancellationToken cancellationToken)
   at MailKit.Net.Smtp.SmtpStream.SendCommandAsync(String command, CancellationToken cancellationToken)
   at MailKit.Net.Smtp.SmtpClient.SendCommandInternalAsync(String command, CancellationToken cancellationToken)
   at MailKit.Net.Smtp.SmtpClient.AuthenticateAsync(Encoding encoding, ICredentials credentials, CancellationToken cancellationToken)
   at EmailWorkerService.EmailConsumerService.SendEmail(EmailNotification email) in D:\estudy2\AI_Generated\estudy\api\EmailWorkerService\EmailConsumerService.cs:line 165
   at EmailWorkerService.EmailConsumerService.<ExecuteAsync>b__6_0(Object model, BasicDeliverEventArgs ea) in D:\estudy2\AI_Generated\estudy\api\EmailWorkerService\EmailConsumerService.cs:line 97
2026-01-03 00:34:47.287 +05:30 [INF] Received message: {"To":"vishal_varshney@hotmail.com","Subject":"Password reset request","Body":"Click the link to reset your password: \u003Ca href=\u0022https://localhost:5001/api/Auth/reset?token=46cd811230fe41f897e99f87cdb7e439\u0022\u003Ehttps://localhost:5001/api/Auth/reset?token=46cd811230fe41f897e99f87cdb7e439\u003C/a\u003E"}
2026-01-03 00:34:48.716 +05:30 [ERR] Failed to send email via SMTP
MailKit.Net.Smtp.SmtpProtocolException: The SMTP server has unexpectedly disconnected: Authentication failed: The provided authorization grant is invalid, expired, or revoked
   at MailKit.Net.Smtp.SmtpStream.ReadAheadAsync(CancellationToken cancellationToken)
   at MailKit.Net.Smtp.SmtpStream.ReadResponseAsync(CancellationToken cancellationToken)
   at MailKit.Net.Smtp.SmtpStream.SendCommandAsync(String command, CancellationToken cancellationToken)
   at MailKit.Net.Smtp.SmtpClient.SendCommandInternalAsync(String command, CancellationToken cancellationToken)
   at MailKit.Net.Smtp.SmtpClient.AuthenticateAsync(Encoding encoding, ICredentials credentials, CancellationToken cancellationToken)
   at EmailWorkerService.EmailConsumerService.SendEmail(EmailNotification email) in D:\estudy2\AI_Generated\estudy\api\EmailWorkerService\EmailConsumerService.cs:line 165
2026-01-03 00:34:48.767 +05:30 [ERR] Error processing message
MailKit.Net.Smtp.SmtpProtocolException: The SMTP server has unexpectedly disconnected: Authentication failed: The provided authorization grant is invalid, expired, or revoked
   at MailKit.Net.Smtp.SmtpStream.ReadAheadAsync(CancellationToken cancellationToken)
   at MailKit.Net.Smtp.SmtpStream.ReadResponseAsync(CancellationToken cancellationToken)
   at MailKit.Net.Smtp.SmtpStream.SendCommandAsync(String command, CancellationToken cancellationToken)
   at MailKit.Net.Smtp.SmtpClient.SendCommandInternalAsync(String command, CancellationToken cancellationToken)
   at MailKit.Net.Smtp.SmtpClient.AuthenticateAsync(Encoding encoding, ICredentials credentials, CancellationToken cancellationToken)
   at EmailWorkerService.EmailConsumerService.SendEmail(EmailNotification email) in D:\estudy2\AI_Generated\estudy\api\EmailWorkerService\EmailConsumerService.cs:line 165
   at EmailWorkerService.EmailConsumerService.<ExecuteAsync>b__6_0(Object model, BasicDeliverEventArgs ea) in D:\estudy2\AI_Generated\estudy\api\EmailWorkerService\EmailConsumerService.cs:line 97
2026-01-03 00:34:48.767 +05:30 [INF] Received message: {"To":"vishal_varshney@hotmail.com","Subject":"Password reset request","Body":"Click the link to reset your password: \u003Ca href=\u0022https://localhost:5001/api/Auth/reset?token=ff17e79b693944598d7091ca80b9e795\u0022\u003Ehttps://localhost:5001/api/Auth/reset?token=ff17e79b693944598d7091ca80b9e795\u003C/a\u003E"}
2026-01-03 00:34:50.142 +05:30 [ERR] Failed to send email via SMTP
MailKit.Net.Smtp.SmtpProtocolException: The SMTP server has unexpectedly disconnected: Authentication failed: The provided authorization grant is invalid, expired, or revoked
   at MailKit.Net.Smtp.SmtpStream.ReadAheadAsync(CancellationToken cancellationToken)
   at MailKit.Net.Smtp.SmtpStream.ReadResponseAsync(CancellationToken cancellationToken)
   at MailKit.Net.Smtp.SmtpStream.SendCommandAsync(String command, CancellationToken cancellationToken)
   at MailKit.Net.Smtp.SmtpClient.SendCommandInternalAsync(String command, CancellationToken cancellationToken)
   at MailKit.Net.Smtp.SmtpClient.AuthenticateAsync(Encoding encoding, ICredentials credentials, CancellationToken cancellationToken)
   at EmailWorkerService.EmailConsumerService.SendEmail(EmailNotification email) in D:\estudy2\AI_Generated\estudy\api\EmailWorkerService\EmailConsumerService.cs:line 165
2026-01-03 00:34:50.193 +05:30 [ERR] Error processing message
MailKit.Net.Smtp.SmtpProtocolException: The SMTP server has unexpectedly disconnected: Authentication failed: The provided authorization grant is invalid, expired, or revoked
   at MailKit.Net.Smtp.SmtpStream.ReadAheadAsync(CancellationToken cancellationToken)
   at MailKit.Net.Smtp.SmtpStream.ReadResponseAsync(CancellationToken cancellationToken)
   at MailKit.Net.Smtp.SmtpStream.SendCommandAsync(String command, CancellationToken cancellationToken)
   at MailKit.Net.Smtp.SmtpClient.SendCommandInternalAsync(String command, CancellationToken cancellationToken)
   at MailKit.Net.Smtp.SmtpClient.AuthenticateAsync(Encoding encoding, ICredentials credentials, CancellationToken cancellationToken)
   at EmailWorkerService.EmailConsumerService.SendEmail(EmailNotification email) in D:\estudy2\AI_Generated\estudy\api\EmailWorkerService\EmailConsumerService.cs:line 165
   at EmailWorkerService.EmailConsumerService.<ExecuteAsync>b__6_0(Object model, BasicDeliverEventArgs ea) in D:\estudy2\AI_Generated\estudy\api\EmailWorkerService\EmailConsumerService.cs:line 97
2026-01-03 00:34:50.193 +05:30 [INF] Received message: {"To":"vishal_varshney@hotmail.com","Subject":"Password reset request","Body":"Click the link to reset your password: \u003Ca href=\u0022https://localhost:5001/api/Auth/reset?token=96aeb82bec604da2a58662c6d40f4635\u0022\u003Ehttps://localhost:5001/api/Auth/reset?token=96aeb82bec604da2a58662c6d40f4635\u003C/a\u003E"}
2026-01-03 00:34:51.611 +05:30 [ERR] Failed to send email via SMTP
MailKit.Net.Smtp.SmtpProtocolException: The SMTP server has unexpectedly disconnected: Authentication failed: The provided authorization grant is invalid, expired, or revoked
   at MailKit.Net.Smtp.SmtpStream.ReadAheadAsync(CancellationToken cancellationToken)
   at MailKit.Net.Smtp.SmtpStream.ReadResponseAsync(CancellationToken cancellationToken)
   at MailKit.Net.Smtp.SmtpStream.SendCommandAsync(String command, CancellationToken cancellationToken)
   at MailKit.Net.Smtp.SmtpClient.SendCommandInternalAsync(String command, CancellationToken cancellationToken)
   at MailKit.Net.Smtp.SmtpClient.AuthenticateAsync(Encoding encoding, ICredentials credentials, CancellationToken cancellationToken)
   at EmailWorkerService.EmailConsumerService.SendEmail(EmailNotification email) in D:\estudy2\AI_Generated\estudy\api\EmailWorkerService\EmailConsumerService.cs:line 165
2026-01-03 00:34:51.662 +05:30 [ERR] Error processing message
MailKit.Net.Smtp.SmtpProtocolException: The SMTP server has unexpectedly disconnected: Authentication failed: The provided authorization grant is invalid, expired, or revoked
   at MailKit.Net.Smtp.SmtpStream.ReadAheadAsync(CancellationToken cancellationToken)
   at MailKit.Net.Smtp.SmtpStream.ReadResponseAsync(CancellationToken cancellationToken)
   at MailKit.Net.Smtp.SmtpStream.SendCommandAsync(String command, CancellationToken cancellationToken)
   at MailKit.Net.Smtp.SmtpClient.SendCommandInternalAsync(String command, CancellationToken cancellationToken)
   at MailKit.Net.Smtp.SmtpClient.AuthenticateAsync(Encoding encoding, ICredentials credentials, CancellationToken cancellationToken)
   at EmailWorkerService.EmailConsumerService.SendEmail(EmailNotification email) in D:\estudy2\AI_Generated\estudy\api\EmailWorkerService\EmailConsumerService.cs:line 165
   at EmailWorkerService.EmailConsumerService.<ExecuteAsync>b__6_0(Object model, BasicDeliverEventArgs ea) in D:\estudy2\AI_Generated\estudy\api\EmailWorkerService\EmailConsumerService.cs:line 97
2026-01-03 00:34:51.662 +05:30 [INF] Received message: {"To":"vishal_varshney@hotmail.com","Subject":"Password reset request","Body":"Click the link to reset your password: \u003Ca href=\u0022https://localhost:5001/api/Auth/reset?token=46cd811230fe41f897e99f87cdb7e439\u0022\u003Ehttps://localhost:5001/api/Auth/reset?token=46cd811230fe41f897e99f87cdb7e439\u003C/a\u003E"}
2026-01-03 00:34:52.999 +05:30 [ERR] Failed to send email via SMTP
MailKit.Net.Smtp.SmtpProtocolException: The SMTP server has unexpectedly disconnected: Authentication failed: The provided authorization grant is invalid, expired, or revoked
   at MailKit.Net.Smtp.SmtpStream.ReadAheadAsync(CancellationToken cancellationToken)
   at MailKit.Net.Smtp.SmtpStream.ReadResponseAsync(CancellationToken cancellationToken)
   at MailKit.Net.Smtp.SmtpStream.SendCommandAsync(String command, CancellationToken cancellationToken)
   at MailKit.Net.Smtp.SmtpClient.SendCommandInternalAsync(String command, CancellationToken cancellationToken)
   at MailKit.Net.Smtp.SmtpClient.AuthenticateAsync(Encoding encoding, ICredentials credentials, CancellationToken cancellationToken)
   at EmailWorkerService.EmailConsumerService.SendEmail(EmailNotification email) in D:\estudy2\AI_Generated\estudy\api\EmailWorkerService\EmailConsumerService.cs:line 165
2026-01-03 00:34:53.045 +05:30 [ERR] Error processing message
MailKit.Net.Smtp.SmtpProtocolException: The SMTP server has unexpectedly disconnected: Authentication failed: The provided authorization grant is invalid, expired, or revoked
   at MailKit.Net.Smtp.SmtpStream.ReadAheadAsync(CancellationToken cancellationToken)
   at MailKit.Net.Smtp.SmtpStream.ReadResponseAsync(CancellationToken cancellationToken)
   at MailKit.Net.Smtp.SmtpStream.SendCommandAsync(String command, CancellationToken cancellationToken)
   at MailKit.Net.Smtp.SmtpClient.SendCommandInternalAsync(String command, CancellationToken cancellationToken)
   at MailKit.Net.Smtp.SmtpClient.AuthenticateAsync(Encoding encoding, ICredentials credentials, CancellationToken cancellationToken)
   at EmailWorkerService.EmailConsumerService.SendEmail(EmailNotification email) in D:\estudy2\AI_Generated\estudy\api\EmailWorkerService\EmailConsumerService.cs:line 165
   at EmailWorkerService.EmailConsumerService.<ExecuteAsync>b__6_0(Object model, BasicDeliverEventArgs ea) in D:\estudy2\AI_Generated\estudy\api\EmailWorkerService\EmailConsumerService.cs:line 97
2026-01-03 00:34:53.045 +05:30 [INF] Received message: {"To":"vishal_varshney@hotmail.com","Subject":"Password reset request","Body":"Click the link to reset your password: \u003Ca href=\u0022https://localhost:5001/api/Auth/reset?token=ff17e79b693944598d7091ca80b9e795\u0022\u003Ehttps://localhost:5001/api/Auth/reset?token=ff17e79b693944598d7091ca80b9e795\u003C/a\u003E"}
2026-01-03 00:34:54.405 +05:30 [ERR] Failed to send email via SMTP
MailKit.Net.Smtp.SmtpProtocolException: The SMTP server has unexpectedly disconnected: Authentication failed: The provided authorization grant is invalid, expired, or revoked
   at MailKit.Net.Smtp.SmtpStream.ReadAheadAsync(CancellationToken cancellationToken)
   at MailKit.Net.Smtp.SmtpStream.ReadResponseAsync(CancellationToken cancellationToken)
   at MailKit.Net.Smtp.SmtpStream.SendCommandAsync(String command, CancellationToken cancellationToken)
   at MailKit.Net.Smtp.SmtpClient.SendCommandInternalAsync(String command, CancellationToken cancellationToken)
   at MailKit.Net.Smtp.SmtpClient.AuthenticateAsync(Encoding encoding, ICredentials credentials, CancellationToken cancellationToken)
   at EmailWorkerService.EmailConsumerService.SendEmail(EmailNotification email) in D:\estudy2\AI_Generated\estudy\api\EmailWorkerService\EmailConsumerService.cs:line 165
2026-01-03 00:34:54.464 +05:30 [ERR] Error processing message
MailKit.Net.Smtp.SmtpProtocolException: The SMTP server has unexpectedly disconnected: Authentication failed: The provided authorization grant is invalid, expired, or revoked
   at MailKit.Net.Smtp.SmtpStream.ReadAheadAsync(CancellationToken cancellationToken)
   at MailKit.Net.Smtp.SmtpStream.ReadResponseAsync(CancellationToken cancellationToken)
   at MailKit.Net.Smtp.SmtpStream.SendCommandAsync(String command, CancellationToken cancellationToken)
   at MailKit.Net.Smtp.SmtpClient.SendCommandInternalAsync(String command, CancellationToken cancellationToken)
   at MailKit.Net.Smtp.SmtpClient.AuthenticateAsync(Encoding encoding, ICredentials credentials, CancellationToken cancellationToken)
   at EmailWorkerService.EmailConsumerService.SendEmail(EmailNotification email) in D:\estudy2\AI_Generated\estudy\api\EmailWorkerService\EmailConsumerService.cs:line 165
   at EmailWorkerService.EmailConsumerService.<ExecuteAsync>b__6_0(Object model, BasicDeliverEventArgs ea) in D:\estudy2\AI_Generated\estudy\api\EmailWorkerService\EmailConsumerService.cs:line 97
2026-01-03 00:34:54.464 +05:30 [INF] Received message: {"To":"vishal_varshney@hotmail.com","Subject":"Password reset request","Body":"Click the link to reset your password: \u003Ca href=\u0022https://localhost:5001/api/Auth/reset?token=96aeb82bec604da2a58662c6d40f4635\u0022\u003Ehttps://localhost:5001/api/Auth/reset?token=96aeb82bec604da2a58662c6d40f4635\u003C/a\u003E"}
2026-01-03 00:34:55.824 +05:30 [ERR] Failed to send email via SMTP
MailKit.Net.Smtp.SmtpProtocolException: The SMTP server has unexpectedly disconnected: Authentication failed: The provided authorization grant is invalid, expired, or revoked
   at MailKit.Net.Smtp.SmtpStream.ReadAheadAsync(CancellationToken cancellationToken)
   at MailKit.Net.Smtp.SmtpStream.ReadResponseAsync(CancellationToken cancellationToken)
   at MailKit.Net.Smtp.SmtpStream.SendCommandAsync(String command, CancellationToken cancellationToken)
   at MailKit.Net.Smtp.SmtpClient.SendCommandInternalAsync(String command, CancellationToken cancellationToken)
   at MailKit.Net.Smtp.SmtpClient.AuthenticateAsync(Encoding encoding, ICredentials credentials, CancellationToken cancellationToken)
   at EmailWorkerService.EmailConsumerService.SendEmail(EmailNotification email) in D:\estudy2\AI_Generated\estudy\api\EmailWorkerService\EmailConsumerService.cs:line 165
2026-01-03 00:34:55.872 +05:30 [ERR] Error processing message
MailKit.Net.Smtp.SmtpProtocolException: The SMTP server has unexpectedly disconnected: Authentication failed: The provided authorization grant is invalid, expired, or revoked
   at MailKit.Net.Smtp.SmtpStream.ReadAheadAsync(CancellationToken cancellationToken)
   at MailKit.Net.Smtp.SmtpStream.ReadResponseAsync(CancellationToken cancellationToken)
   at MailKit.Net.Smtp.SmtpStream.SendCommandAsync(String command, CancellationToken cancellationToken)
   at MailKit.Net.Smtp.SmtpClient.SendCommandInternalAsync(String command, CancellationToken cancellationToken)
   at MailKit.Net.Smtp.SmtpClient.AuthenticateAsync(Encoding encoding, ICredentials credentials, CancellationToken cancellationToken)
   at EmailWorkerService.EmailConsumerService.SendEmail(EmailNotification email) in D:\estudy2\AI_Generated\estudy\api\EmailWorkerService\EmailConsumerService.cs:line 165
   at EmailWorkerService.EmailConsumerService.<ExecuteAsync>b__6_0(Object model, BasicDeliverEventArgs ea) in D:\estudy2\AI_Generated\estudy\api\EmailWorkerService\EmailConsumerService.cs:line 97
2026-01-03 00:34:55.872 +05:30 [INF] Received message: {"To":"vishal_varshney@hotmail.com","Subject":"Password reset request","Body":"Click the link to reset your password: \u003Ca href=\u0022https://localhost:5001/api/Auth/reset?token=46cd811230fe41f897e99f87cdb7e439\u0022\u003Ehttps://localhost:5001/api/Auth/reset?token=46cd811230fe41f897e99f87cdb7e439\u003C/a\u003E"}
2026-01-03 00:34:57.254 +05:30 [ERR] Failed to send email via SMTP
MailKit.Net.Smtp.SmtpProtocolException: The SMTP server has unexpectedly disconnected: Authentication failed: The provided authorization grant is invalid, expired, or revoked
   at MailKit.Net.Smtp.SmtpStream.ReadAheadAsync(CancellationToken cancellationToken)
   at MailKit.Net.Smtp.SmtpStream.ReadResponseAsync(CancellationToken cancellationToken)
   at MailKit.Net.Smtp.SmtpStream.SendCommandAsync(String command, CancellationToken cancellationToken)
   at MailKit.Net.Smtp.SmtpClient.SendCommandInternalAsync(String command, CancellationToken cancellationToken)
   at MailKit.Net.Smtp.SmtpClient.AuthenticateAsync(Encoding encoding, ICredentials credentials, CancellationToken cancellationToken)
   at EmailWorkerService.EmailConsumerService.SendEmail(EmailNotification email) in D:\estudy2\AI_Generated\estudy\api\EmailWorkerService\EmailConsumerService.cs:line 165
2026-01-03 00:34:57.306 +05:30 [ERR] Error processing message
MailKit.Net.Smtp.SmtpProtocolException: The SMTP server has unexpectedly disconnected: Authentication failed: The provided authorization grant is invalid, expired, or revoked
   at MailKit.Net.Smtp.SmtpStream.ReadAheadAsync(CancellationToken cancellationToken)
   at MailKit.Net.Smtp.SmtpStream.ReadResponseAsync(CancellationToken cancellationToken)
   at MailKit.Net.Smtp.SmtpStream.SendCommandAsync(String command, CancellationToken cancellationToken)
   at MailKit.Net.Smtp.SmtpClient.SendCommandInternalAsync(String command, CancellationToken cancellationToken)
   at MailKit.Net.Smtp.SmtpClient.AuthenticateAsync(Encoding encoding, ICredentials credentials, CancellationToken cancellationToken)
   at EmailWorkerService.EmailConsumerService.SendEmail(EmailNotification email) in D:\estudy2\AI_Generated\estudy\api\EmailWorkerService\EmailConsumerService.cs:line 165
   at EmailWorkerService.EmailConsumerService.<ExecuteAsync>b__6_0(Object model, BasicDeliverEventArgs ea) in D:\estudy2\AI_Generated\estudy\api\EmailWorkerService\EmailConsumerService.cs:line 97
2026-01-03 00:34:57.307 +05:30 [INF] Received message: {"To":"vishal_varshney@hotmail.com","Subject":"Password reset request","Body":"Click the link to reset your password: \u003Ca href=\u0022https://localhost:5001/api/Auth/reset?token=ff17e79b693944598d7091ca80b9e795\u0022\u003Ehttps://localhost:5001/api/Auth/reset?token=ff17e79b693944598d7091ca80b9e795\u003C/a\u003E"}
2026-01-03 00:34:58.751 +05:30 [ERR] Failed to send email via SMTP
MailKit.Net.Smtp.SmtpProtocolException: The SMTP server has unexpectedly disconnected: Authentication failed: The provided authorization grant is invalid, expired, or revoked
   at MailKit.Net.Smtp.SmtpStream.ReadAheadAsync(CancellationToken cancellationToken)
   at MailKit.Net.Smtp.SmtpStream.ReadResponseAsync(CancellationToken cancellationToken)
   at MailKit.Net.Smtp.SmtpStream.SendCommandAsync(String command, CancellationToken cancellationToken)
   at MailKit.Net.Smtp.SmtpClient.SendCommandInternalAsync(String command, CancellationToken cancellationToken)
   at MailKit.Net.Smtp.SmtpClient.AuthenticateAsync(Encoding encoding, ICredentials credentials, CancellationToken cancellationToken)
   at EmailWorkerService.EmailConsumerService.SendEmail(EmailNotification email) in D:\estudy2\AI_Generated\estudy\api\EmailWorkerService\EmailConsumerService.cs:line 165
2026-01-03 00:34:58.808 +05:30 [ERR] Error processing message
MailKit.Net.Smtp.SmtpProtocolException: The SMTP server has unexpectedly disconnected: Authentication failed: The provided authorization grant is invalid, expired, or revoked
   at MailKit.Net.Smtp.SmtpStream.ReadAheadAsync(CancellationToken cancellationToken)
   at MailKit.Net.Smtp.SmtpStream.ReadResponseAsync(CancellationToken cancellationToken)
   at MailKit.Net.Smtp.SmtpStream.SendCommandAsync(String command, CancellationToken cancellationToken)
   at MailKit.Net.Smtp.SmtpClient.SendCommandInternalAsync(String command, CancellationToken cancellationToken)
   at MailKit.Net.Smtp.SmtpClient.AuthenticateAsync(Encoding encoding, ICredentials credentials, CancellationToken cancellationToken)
   at EmailWorkerService.EmailConsumerService.SendEmail(EmailNotification email) in D:\estudy2\AI_Generated\estudy\api\EmailWorkerService\EmailConsumerService.cs:line 165
   at EmailWorkerService.EmailConsumerService.<ExecuteAsync>b__6_0(Object model, BasicDeliverEventArgs ea) in D:\estudy2\AI_Generated\estudy\api\EmailWorkerService\EmailConsumerService.cs:line 97
2026-01-03 00:34:58.808 +05:30 [INF] Received message: {"To":"vishal_varshney@hotmail.com","Subject":"Password reset request","Body":"Click the link to reset your password: \u003Ca href=\u0022https://localhost:5001/api/Auth/reset?token=96aeb82bec604da2a58662c6d40f4635\u0022\u003Ehttps://localhost:5001/api/Auth/reset?token=96aeb82bec604da2a58662c6d40f4635\u003C/a\u003E"}
2026-01-03 00:35:00.057 +05:30 [ERR] Failed to send email via SMTP
MailKit.Net.Smtp.SmtpProtocolException: The SMTP server has unexpectedly disconnected: Authentication failed: The provided authorization grant is invalid, expired, or revoked
   at MailKit.Net.Smtp.SmtpStream.ReadAheadAsync(CancellationToken cancellationToken)
   at MailKit.Net.Smtp.SmtpStream.ReadResponseAsync(CancellationToken cancellationToken)
   at MailKit.Net.Smtp.SmtpStream.SendCommandAsync(String command, CancellationToken cancellationToken)
   at MailKit.Net.Smtp.SmtpClient.SendCommandInternalAsync(String command, CancellationToken cancellationToken)
   at MailKit.Net.Smtp.SmtpClient.AuthenticateAsync(Encoding encoding, ICredentials credentials, CancellationToken cancellationToken)
   at EmailWorkerService.EmailConsumerService.SendEmail(EmailNotification email) in D:\estudy2\AI_Generated\estudy\api\EmailWorkerService\EmailConsumerService.cs:line 165
2026-01-03 00:35:00.112 +05:30 [ERR] Error processing message
MailKit.Net.Smtp.SmtpProtocolException: The SMTP server has unexpectedly disconnected: Authentication failed: The provided authorization grant is invalid, expired, or revoked
   at MailKit.Net.Smtp.SmtpStream.ReadAheadAsync(CancellationToken cancellationToken)
   at MailKit.Net.Smtp.SmtpStream.ReadResponseAsync(CancellationToken cancellationToken)
   at MailKit.Net.Smtp.SmtpStream.SendCommandAsync(String command, CancellationToken cancellationToken)
   at MailKit.Net.Smtp.SmtpClient.SendCommandInternalAsync(String command, CancellationToken cancellationToken)
   at MailKit.Net.Smtp.SmtpClient.AuthenticateAsync(Encoding encoding, ICredentials credentials, CancellationToken cancellationToken)
   at EmailWorkerService.EmailConsumerService.SendEmail(EmailNotification email) in D:\estudy2\AI_Generated\estudy\api\EmailWorkerService\EmailConsumerService.cs:line 165
   at EmailWorkerService.EmailConsumerService.<ExecuteAsync>b__6_0(Object model, BasicDeliverEventArgs ea) in D:\estudy2\AI_Generated\estudy\api\EmailWorkerService\EmailConsumerService.cs:line 97
2026-01-03 00:35:00.112 +05:30 [INF] Received message: {"To":"vishal_varshney@hotmail.com","Subject":"Password reset request","Body":"Click the link to reset your password: \u003Ca href=\u0022https://localhost:5001/api/Auth/reset?token=46cd811230fe41f897e99f87cdb7e439\u0022\u003Ehttps://localhost:5001/api/Auth/reset?token=46cd811230fe41f897e99f87cdb7e439\u003C/a\u003E"}
2026-01-03 00:35:01.376 +05:30 [ERR] Failed to send email via SMTP
MailKit.Net.Smtp.SmtpProtocolException: The SMTP server has unexpectedly disconnected: Authentication failed: The provided authorization grant is invalid, expired, or revoked
   at MailKit.Net.Smtp.SmtpStream.ReadAheadAsync(CancellationToken cancellationToken)
   at MailKit.Net.Smtp.SmtpStream.ReadResponseAsync(CancellationToken cancellationToken)
   at MailKit.Net.Smtp.SmtpStream.SendCommandAsync(String command, CancellationToken cancellationToken)
   at MailKit.Net.Smtp.SmtpClient.SendCommandInternalAsync(String command, CancellationToken cancellationToken)
   at MailKit.Net.Smtp.SmtpClient.AuthenticateAsync(Encoding encoding, ICredentials credentials, CancellationToken cancellationToken)
   at EmailWorkerService.EmailConsumerService.SendEmail(EmailNotification email) in D:\estudy2\AI_Generated\estudy\api\EmailWorkerService\EmailConsumerService.cs:line 165
2026-01-03 00:35:01.431 +05:30 [ERR] Error processing message
MailKit.Net.Smtp.SmtpProtocolException: The SMTP server has unexpectedly disconnected: Authentication failed: The provided authorization grant is invalid, expired, or revoked
   at MailKit.Net.Smtp.SmtpStream.ReadAheadAsync(CancellationToken cancellationToken)
   at MailKit.Net.Smtp.SmtpStream.ReadResponseAsync(CancellationToken cancellationToken)
   at MailKit.Net.Smtp.SmtpStream.SendCommandAsync(String command, CancellationToken cancellationToken)
   at MailKit.Net.Smtp.SmtpClient.SendCommandInternalAsync(String command, CancellationToken cancellationToken)
   at MailKit.Net.Smtp.SmtpClient.AuthenticateAsync(Encoding encoding, ICredentials credentials, CancellationToken cancellationToken)
   at EmailWorkerService.EmailConsumerService.SendEmail(EmailNotification email) in D:\estudy2\AI_Generated\estudy\api\EmailWorkerService\EmailConsumerService.cs:line 165
   at EmailWorkerService.EmailConsumerService.<ExecuteAsync>b__6_0(Object model, BasicDeliverEventArgs ea) in D:\estudy2\AI_Generated\estudy\api\EmailWorkerService\EmailConsumerService.cs:line 97
2026-01-03 00:35:01.431 +05:30 [INF] Received message: {"To":"vishal_varshney@hotmail.com","Subject":"Password reset request","Body":"Click the link to reset your password: \u003Ca href=\u0022https://localhost:5001/api/Auth/reset?token=ff17e79b693944598d7091ca80b9e795\u0022\u003Ehttps://localhost:5001/api/Auth/reset?token=ff17e79b693944598d7091ca80b9e795\u003C/a\u003E"}
2026-01-03 00:35:02.854 +05:30 [ERR] Failed to send email via SMTP
MailKit.Net.Smtp.SmtpProtocolException: The SMTP server has unexpectedly disconnected: Authentication failed: The provided authorization grant is invalid, expired, or revoked
   at MailKit.Net.Smtp.SmtpStream.ReadAheadAsync(CancellationToken cancellationToken)
   at MailKit.Net.Smtp.SmtpStream.ReadResponseAsync(CancellationToken cancellationToken)
   at MailKit.Net.Smtp.SmtpStream.SendCommandAsync(String command, CancellationToken cancellationToken)
   at MailKit.Net.Smtp.SmtpClient.SendCommandInternalAsync(String command, CancellationToken cancellationToken)
   at MailKit.Net.Smtp.SmtpClient.AuthenticateAsync(Encoding encoding, ICredentials credentials, CancellationToken cancellationToken)
   at EmailWorkerService.EmailConsumerService.SendEmail(EmailNotification email) in D:\estudy2\AI_Generated\estudy\api\EmailWorkerService\EmailConsumerService.cs:line 165
2026-01-03 00:35:02.915 +05:30 [ERR] Error processing message
MailKit.Net.Smtp.SmtpProtocolException: The SMTP server has unexpectedly disconnected: Authentication failed: The provided authorization grant is invalid, expired, or revoked
   at MailKit.Net.Smtp.SmtpStream.ReadAheadAsync(CancellationToken cancellationToken)
   at MailKit.Net.Smtp.SmtpStream.ReadResponseAsync(CancellationToken cancellationToken)
   at MailKit.Net.Smtp.SmtpStream.SendCommandAsync(String command, CancellationToken cancellationToken)
   at MailKit.Net.Smtp.SmtpClient.SendCommandInternalAsync(String command, CancellationToken cancellationToken)
   at MailKit.Net.Smtp.SmtpClient.AuthenticateAsync(Encoding encoding, ICredentials credentials, CancellationToken cancellationToken)
   at EmailWorkerService.EmailConsumerService.SendEmail(EmailNotification email) in D:\estudy2\AI_Generated\estudy\api\EmailWorkerService\EmailConsumerService.cs:line 165
   at EmailWorkerService.EmailConsumerService.<ExecuteAsync>b__6_0(Object model, BasicDeliverEventArgs ea) in D:\estudy2\AI_Generated\estudy\api\EmailWorkerService\EmailConsumerService.cs:line 97
2026-01-03 00:35:02.916 +05:30 [INF] Received message: {"To":"vishal_varshney@hotmail.com","Subject":"Password reset request","Body":"Click the link to reset your password: \u003Ca href=\u0022https://localhost:5001/api/Auth/reset?token=96aeb82bec604da2a58662c6d40f4635\u0022\u003Ehttps://localhost:5001/api/Auth/reset?token=96aeb82bec604da2a58662c6d40f4635\u003C/a\u003E"}
2026-01-03 00:35:04.309 +05:30 [ERR] Failed to send email via SMTP
MailKit.Net.Smtp.SmtpProtocolException: The SMTP server has unexpectedly disconnected: Authentication failed: The provided authorization grant is invalid, expired, or revoked
   at MailKit.Net.Smtp.SmtpStream.ReadAheadAsync(CancellationToken cancellationToken)
   at MailKit.Net.Smtp.SmtpStream.ReadResponseAsync(CancellationToken cancellationToken)
   at MailKit.Net.Smtp.SmtpStream.SendCommandAsync(String command, CancellationToken cancellationToken)
   at MailKit.Net.Smtp.SmtpClient.SendCommandInternalAsync(String command, CancellationToken cancellationToken)
   at MailKit.Net.Smtp.SmtpClient.AuthenticateAsync(Encoding encoding, ICredentials credentials, CancellationToken cancellationToken)
   at EmailWorkerService.EmailConsumerService.SendEmail(EmailNotification email) in D:\estudy2\AI_Generated\estudy\api\EmailWorkerService\EmailConsumerService.cs:line 165
2026-01-03 00:35:04.367 +05:30 [ERR] Error processing message
MailKit.Net.Smtp.SmtpProtocolException: The SMTP server has unexpectedly disconnected: Authentication failed: The provided authorization grant is invalid, expired, or revoked
   at MailKit.Net.Smtp.SmtpStream.ReadAheadAsync(CancellationToken cancellationToken)
   at MailKit.Net.Smtp.SmtpStream.ReadResponseAsync(CancellationToken cancellationToken)
   at MailKit.Net.Smtp.SmtpStream.SendCommandAsync(String command, CancellationToken cancellationToken)
   at MailKit.Net.Smtp.SmtpClient.SendCommandInternalAsync(String command, CancellationToken cancellationToken)
   at MailKit.Net.Smtp.SmtpClient.AuthenticateAsync(Encoding encoding, ICredentials credentials, CancellationToken cancellationToken)
   at EmailWorkerService.EmailConsumerService.SendEmail(EmailNotification email) in D:\estudy2\AI_Generated\estudy\api\EmailWorkerService\EmailConsumerService.cs:line 165
   at EmailWorkerService.EmailConsumerService.<ExecuteAsync>b__6_0(Object model, BasicDeliverEventArgs ea) in D:\estudy2\AI_Generated\estudy\api\EmailWorkerService\EmailConsumerService.cs:line 97
2026-01-03 00:35:04.368 +05:30 [INF] Received message: {"To":"vishal_varshney@hotmail.com","Subject":"Password reset request","Body":"Click the link to reset your password: \u003Ca href=\u0022https://localhost:5001/api/Auth/reset?token=46cd811230fe41f897e99f87cdb7e439\u0022\u003Ehttps://localhost:5001/api/Auth/reset?token=46cd811230fe41f897e99f87cdb7e439\u003C/a\u003E"}
2026-01-03 00:35:05.759 +05:30 [ERR] Failed to send email via SMTP
MailKit.Net.Smtp.SmtpProtocolException: The SMTP server has unexpectedly disconnected: Authentication failed: The provided authorization grant is invalid, expired, or revoked
   at MailKit.Net.Smtp.SmtpStream.ReadAheadAsync(CancellationToken cancellationToken)
   at MailKit.Net.Smtp.SmtpStream.ReadResponseAsync(CancellationToken cancellationToken)
   at MailKit.Net.Smtp.SmtpStream.SendCommandAsync(String command, CancellationToken cancellationToken)
   at MailKit.Net.Smtp.SmtpClient.SendCommandInternalAsync(String command, CancellationToken cancellationToken)
   at MailKit.Net.Smtp.SmtpClient.AuthenticateAsync(Encoding encoding, ICredentials credentials, CancellationToken cancellationToken)
   at EmailWorkerService.EmailConsumerService.SendEmail(EmailNotification email) in D:\estudy2\AI_Generated\estudy\api\EmailWorkerService\EmailConsumerService.cs:line 165
2026-01-03 00:35:05.834 +05:30 [ERR] Error processing message
MailKit.Net.Smtp.SmtpProtocolException: The SMTP server has unexpectedly disconnected: Authentication failed: The provided authorization grant is invalid, expired, or revoked
   at MailKit.Net.Smtp.SmtpStream.ReadAheadAsync(CancellationToken cancellationToken)
   at MailKit.Net.Smtp.SmtpStream.ReadResponseAsync(CancellationToken cancellationToken)
   at MailKit.Net.Smtp.SmtpStream.SendCommandAsync(String command, CancellationToken cancellationToken)
   at MailKit.Net.Smtp.SmtpClient.SendCommandInternalAsync(String command, CancellationToken cancellationToken)
   at MailKit.Net.Smtp.SmtpClient.AuthenticateAsync(Encoding encoding, ICredentials credentials, CancellationToken cancellationToken)
   at EmailWorkerService.EmailConsumerService.SendEmail(EmailNotification email) in D:\estudy2\AI_Generated\estudy\api\EmailWorkerService\EmailConsumerService.cs:line 165
   at EmailWorkerService.EmailConsumerService.<ExecuteAsync>b__6_0(Object model, BasicDeliverEventArgs ea) in D:\estudy2\AI_Generated\estudy\api\EmailWorkerService\EmailConsumerService.cs:line 97
2026-01-03 00:35:05.834 +05:30 [INF] Received message: {"To":"vishal_varshney@hotmail.com","Subject":"Password reset request","Body":"Click the link to reset your password: \u003Ca href=\u0022https://localhost:5001/api/Auth/reset?token=ff17e79b693944598d7091ca80b9e795\u0022\u003Ehttps://localhost:5001/api/Auth/reset?token=ff17e79b693944598d7091ca80b9e795\u003C/a\u003E"}
2026-01-03 00:35:07.234 +05:30 [ERR] Failed to send email via SMTP
MailKit.Net.Smtp.SmtpProtocolException: The SMTP server has unexpectedly disconnected: Authentication failed: The provided authorization grant is invalid, expired, or revoked
   at MailKit.Net.Smtp.SmtpStream.ReadAheadAsync(CancellationToken cancellationToken)
   at MailKit.Net.Smtp.SmtpStream.ReadResponseAsync(CancellationToken cancellationToken)
   at MailKit.Net.Smtp.SmtpStream.SendCommandAsync(String command, CancellationToken cancellationToken)
   at MailKit.Net.Smtp.SmtpClient.SendCommandInternalAsync(String command, CancellationToken cancellationToken)
   at MailKit.Net.Smtp.SmtpClient.AuthenticateAsync(Encoding encoding, ICredentials credentials, CancellationToken cancellationToken)
   at EmailWorkerService.EmailConsumerService.SendEmail(EmailNotification email) in D:\estudy2\AI_Generated\estudy\api\EmailWorkerService\EmailConsumerService.cs:line 165
2026-01-03 00:35:07.293 +05:30 [ERR] Error processing message
MailKit.Net.Smtp.SmtpProtocolException: The SMTP server has unexpectedly disconnected: Authentication failed: The provided authorization grant is invalid, expired, or revoked
   at MailKit.Net.Smtp.SmtpStream.ReadAheadAsync(CancellationToken cancellationToken)
   at MailKit.Net.Smtp.SmtpStream.ReadResponseAsync(CancellationToken cancellationToken)
   at MailKit.Net.Smtp.SmtpStream.SendCommandAsync(String command, CancellationToken cancellationToken)
   at MailKit.Net.Smtp.SmtpClient.SendCommandInternalAsync(String command, CancellationToken cancellationToken)
   at MailKit.Net.Smtp.SmtpClient.AuthenticateAsync(Encoding encoding, ICredentials credentials, CancellationToken cancellationToken)
   at EmailWorkerService.EmailConsumerService.SendEmail(EmailNotification email) in D:\estudy2\AI_Generated\estudy\api\EmailWorkerService\EmailConsumerService.cs:line 165
   at EmailWorkerService.EmailConsumerService.<ExecuteAsync>b__6_0(Object model, BasicDeliverEventArgs ea) in D:\estudy2\AI_Generated\estudy\api\EmailWorkerService\EmailConsumerService.cs:line 97
2026-01-03 00:35:07.293 +05:30 [INF] Received message: {"To":"vishal_varshney@hotmail.com","Subject":"Password reset request","Body":"Click the link to reset your password: \u003Ca href=\u0022https://localhost:5001/api/Auth/reset?token=96aeb82bec604da2a58662c6d40f4635\u0022\u003Ehttps://localhost:5001/api/Auth/reset?token=96aeb82bec604da2a58662c6d40f4635\u003C/a\u003E"}
2026-01-03 00:35:08.718 +05:30 [ERR] Failed to send email via SMTP
MailKit.Net.Smtp.SmtpProtocolException: The SMTP server has unexpectedly disconnected: Authentication failed: The provided authorization grant is invalid, expired, or revoked
   at MailKit.Net.Smtp.SmtpStream.ReadAheadAsync(CancellationToken cancellationToken)
   at MailKit.Net.Smtp.SmtpStream.ReadResponseAsync(CancellationToken cancellationToken)
   at MailKit.Net.Smtp.SmtpStream.SendCommandAsync(String command, CancellationToken cancellationToken)
   at MailKit.Net.Smtp.SmtpClient.SendCommandInternalAsync(String command, CancellationToken cancellationToken)
   at MailKit.Net.Smtp.SmtpClient.AuthenticateAsync(Encoding encoding, ICredentials credentials, CancellationToken cancellationToken)
   at EmailWorkerService.EmailConsumerService.SendEmail(EmailNotification email) in D:\estudy2\AI_Generated\estudy\api\EmailWorkerService\EmailConsumerService.cs:line 165
2026-01-03 00:35:08.768 +05:30 [ERR] Error processing message
MailKit.Net.Smtp.SmtpProtocolException: The SMTP server has unexpectedly disconnected: Authentication failed: The provided authorization grant is invalid, expired, or revoked
   at MailKit.Net.Smtp.SmtpStream.ReadAheadAsync(CancellationToken cancellationToken)
   at MailKit.Net.Smtp.SmtpStream.ReadResponseAsync(CancellationToken cancellationToken)
   at MailKit.Net.Smtp.SmtpStream.SendCommandAsync(String command, CancellationToken cancellationToken)
   at MailKit.Net.Smtp.SmtpClient.SendCommandInternalAsync(String command, CancellationToken cancellationToken)
   at MailKit.Net.Smtp.SmtpClient.AuthenticateAsync(Encoding encoding, ICredentials credentials, CancellationToken cancellationToken)
   at EmailWorkerService.EmailConsumerService.SendEmail(EmailNotification email) in D:\estudy2\AI_Generated\estudy\api\EmailWorkerService\EmailConsumerService.cs:line 165
   at EmailWorkerService.EmailConsumerService.<ExecuteAsync>b__6_0(Object model, BasicDeliverEventArgs ea) in D:\estudy2\AI_Generated\estudy\api\EmailWorkerService\EmailConsumerService.cs:line 97
2026-01-03 00:35:08.769 +05:30 [INF] Received message: {"To":"vishal_varshney@hotmail.com","Subject":"Password reset request","Body":"Click the link to reset your password: \u003Ca href=\u0022https://localhost:5001/api/Auth/reset?token=46cd811230fe41f897e99f87cdb7e439\u0022\u003Ehttps://localhost:5001/api/Auth/reset?token=46cd811230fe41f897e99f87cdb7e439\u003C/a\u003E"}
2026-01-03 00:35:10.226 +05:30 [ERR] Failed to send email via SMTP
MailKit.Net.Smtp.SmtpProtocolException: The SMTP server has unexpectedly disconnected: Authentication failed: The provided authorization grant is invalid, expired, or revoked
   at MailKit.Net.Smtp.SmtpStream.ReadAheadAsync(CancellationToken cancellationToken)
   at MailKit.Net.Smtp.SmtpStream.ReadResponseAsync(CancellationToken cancellationToken)
   at MailKit.Net.Smtp.SmtpStream.SendCommandAsync(String command, CancellationToken cancellationToken)
   at MailKit.Net.Smtp.SmtpClient.SendCommandInternalAsync(String command, CancellationToken cancellationToken)
   at MailKit.Net.Smtp.SmtpClient.AuthenticateAsync(Encoding encoding, ICredentials credentials, CancellationToken cancellationToken)
   at EmailWorkerService.EmailConsumerService.SendEmail(EmailNotification email) in D:\estudy2\AI_Generated\estudy\api\EmailWorkerService\EmailConsumerService.cs:line 165
2026-01-03 00:35:10.274 +05:30 [ERR] Error processing message
MailKit.Net.Smtp.SmtpProtocolException: The SMTP server has unexpectedly disconnected: Authentication failed: The provided authorization grant is invalid, expired, or revoked
   at MailKit.Net.Smtp.SmtpStream.ReadAheadAsync(CancellationToken cancellationToken)
   at MailKit.Net.Smtp.SmtpStream.ReadResponseAsync(CancellationToken cancellationToken)
   at MailKit.Net.Smtp.SmtpStream.SendCommandAsync(String command, CancellationToken cancellationToken)
   at MailKit.Net.Smtp.SmtpClient.SendCommandInternalAsync(String command, CancellationToken cancellationToken)
   at MailKit.Net.Smtp.SmtpClient.AuthenticateAsync(Encoding encoding, ICredentials credentials, CancellationToken cancellationToken)
   at EmailWorkerService.EmailConsumerService.SendEmail(EmailNotification email) in D:\estudy2\AI_Generated\estudy\api\EmailWorkerService\EmailConsumerService.cs:line 165
   at EmailWorkerService.EmailConsumerService.<ExecuteAsync>b__6_0(Object model, BasicDeliverEventArgs ea) in D:\estudy2\AI_Generated\estudy\api\EmailWorkerService\EmailConsumerService.cs:line 97
2026-01-03 00:35:10.275 +05:30 [INF] Received message: {"To":"vishal_varshney@hotmail.com","Subject":"Password reset request","Body":"Click the link to reset your password: \u003Ca href=\u0022https://localhost:5001/api/Auth/reset?token=ff17e79b693944598d7091ca80b9e795\u0022\u003Ehttps://localhost:5001/api/Auth/reset?token=ff17e79b693944598d7091ca80b9e795\u003C/a\u003E"}
2026-01-03 00:35:11.740 +05:30 [ERR] Failed to send email via SMTP
MailKit.Net.Smtp.SmtpProtocolException: The SMTP server has unexpectedly disconnected: Authentication failed: The provided authorization grant is invalid, expired, or revoked
   at MailKit.Net.Smtp.SmtpStream.ReadAheadAsync(CancellationToken cancellationToken)
   at MailKit.Net.Smtp.SmtpStream.ReadResponseAsync(CancellationToken cancellationToken)
   at MailKit.Net.Smtp.SmtpStream.SendCommandAsync(String command, CancellationToken cancellationToken)
   at MailKit.Net.Smtp.SmtpClient.SendCommandInternalAsync(String command, CancellationToken cancellationToken)
   at MailKit.Net.Smtp.SmtpClient.AuthenticateAsync(Encoding encoding, ICredentials credentials, CancellationToken cancellationToken)
   at EmailWorkerService.EmailConsumerService.SendEmail(EmailNotification email) in D:\estudy2\AI_Generated\estudy\api\EmailWorkerService\EmailConsumerService.cs:line 165
2026-01-03 00:35:11.799 +05:30 [ERR] Error processing message
MailKit.Net.Smtp.SmtpProtocolException: The SMTP server has unexpectedly disconnected: Authentication failed: The provided authorization grant is invalid, expired, or revoked
   at MailKit.Net.Smtp.SmtpStream.ReadAheadAsync(CancellationToken cancellationToken)
   at MailKit.Net.Smtp.SmtpStream.ReadResponseAsync(CancellationToken cancellationToken)
   at MailKit.Net.Smtp.SmtpStream.SendCommandAsync(String command, CancellationToken cancellationToken)
   at MailKit.Net.Smtp.SmtpClient.SendCommandInternalAsync(String command, CancellationToken cancellationToken)
   at MailKit.Net.Smtp.SmtpClient.AuthenticateAsync(Encoding encoding, ICredentials credentials, CancellationToken cancellationToken)
   at EmailWorkerService.EmailConsumerService.SendEmail(EmailNotification email) in D:\estudy2\AI_Generated\estudy\api\EmailWorkerService\EmailConsumerService.cs:line 165
   at EmailWorkerService.EmailConsumerService.<ExecuteAsync>b__6_0(Object model, BasicDeliverEventArgs ea) in D:\estudy2\AI_Generated\estudy\api\EmailWorkerService\EmailConsumerService.cs:line 97
2026-01-03 00:35:11.800 +05:30 [INF] Received message: {"To":"vishal_varshney@hotmail.com","Subject":"Password reset request","Body":"Click the link to reset your password: \u003Ca href=\u0022https://localhost:5001/api/Auth/reset?token=96aeb82bec604da2a58662c6d40f4635\u0022\u003Ehttps://localhost:5001/api/Auth/reset?token=96aeb82bec604da2a58662c6d40f4635\u003C/a\u003E"}
2026-01-03 00:35:13.159 +05:30 [ERR] Failed to send email via SMTP
MailKit.Net.Smtp.SmtpProtocolException: The SMTP server has unexpectedly disconnected: Authentication failed: The provided authorization grant is invalid, expired, or revoked
   at MailKit.Net.Smtp.SmtpStream.ReadAheadAsync(CancellationToken cancellationToken)
   at MailKit.Net.Smtp.SmtpStream.ReadResponseAsync(CancellationToken cancellationToken)
   at MailKit.Net.Smtp.SmtpStream.SendCommandAsync(String command, CancellationToken cancellationToken)
   at MailKit.Net.Smtp.SmtpClient.SendCommandInternalAsync(String command, CancellationToken cancellationToken)
   at MailKit.Net.Smtp.SmtpClient.AuthenticateAsync(Encoding encoding, ICredentials credentials, CancellationToken cancellationToken)
   at EmailWorkerService.EmailConsumerService.SendEmail(EmailNotification email) in D:\estudy2\AI_Generated\estudy\api\EmailWorkerService\EmailConsumerService.cs:line 165
2026-01-03 00:35:13.233 +05:30 [ERR] Error processing message
MailKit.Net.Smtp.SmtpProtocolException: The SMTP server has unexpectedly disconnected: Authentication failed: The provided authorization grant is invalid, expired, or revoked
   at MailKit.Net.Smtp.SmtpStream.ReadAheadAsync(CancellationToken cancellationToken)
   at MailKit.Net.Smtp.SmtpStream.ReadResponseAsync(CancellationToken cancellationToken)
   at MailKit.Net.Smtp.SmtpStream.SendCommandAsync(String command, CancellationToken cancellationToken)
   at MailKit.Net.Smtp.SmtpClient.SendCommandInternalAsync(String command, CancellationToken cancellationToken)
   at MailKit.Net.Smtp.SmtpClient.AuthenticateAsync(Encoding encoding, ICredentials credentials, CancellationToken cancellationToken)
   at EmailWorkerService.EmailConsumerService.SendEmail(EmailNotification email) in D:\estudy2\AI_Generated\estudy\api\EmailWorkerService\EmailConsumerService.cs:line 165
   at EmailWorkerService.EmailConsumerService.<ExecuteAsync>b__6_0(Object model, BasicDeliverEventArgs ea) in D:\estudy2\AI_Generated\estudy\api\EmailWorkerService\EmailConsumerService.cs:line 97
2026-01-03 00:35:13.233 +05:30 [INF] Received message: {"To":"vishal_varshney@hotmail.com","Subject":"Password reset request","Body":"Click the link to reset your password: \u003Ca href=\u0022https://localhost:5001/api/Auth/reset?token=46cd811230fe41f897e99f87cdb7e439\u0022\u003Ehttps://localhost:5001/api/Auth/reset?token=46cd811230fe41f897e99f87cdb7e439\u003C/a\u003E"}
2026-01-03 00:35:14.582 +05:30 [ERR] Failed to send email via SMTP
MailKit.Net.Smtp.SmtpProtocolException: The SMTP server has unexpectedly disconnected: Authentication failed: The provided authorization grant is invalid, expired, or revoked
   at MailKit.Net.Smtp.SmtpStream.ReadAheadAsync(CancellationToken cancellationToken)
   at MailKit.Net.Smtp.SmtpStream.ReadResponseAsync(CancellationToken cancellationToken)
   at MailKit.Net.Smtp.SmtpStream.SendCommandAsync(String command, CancellationToken cancellationToken)
   at MailKit.Net.Smtp.SmtpClient.SendCommandInternalAsync(String command, CancellationToken cancellationToken)
   at MailKit.Net.Smtp.SmtpClient.AuthenticateAsync(Encoding encoding, ICredentials credentials, CancellationToken cancellationToken)
   at EmailWorkerService.EmailConsumerService.SendEmail(EmailNotification email) in D:\estudy2\AI_Generated\estudy\api\EmailWorkerService\EmailConsumerService.cs:line 165
2026-01-03 00:35:14.648 +05:30 [ERR] Error processing message
MailKit.Net.Smtp.SmtpProtocolException: The SMTP server has unexpectedly disconnected: Authentication failed: The provided authorization grant is invalid, expired, or revoked
   at MailKit.Net.Smtp.SmtpStream.ReadAheadAsync(CancellationToken cancellationToken)
   at MailKit.Net.Smtp.SmtpStream.ReadResponseAsync(CancellationToken cancellationToken)
   at MailKit.Net.Smtp.SmtpStream.SendCommandAsync(String command, CancellationToken cancellationToken)
   at MailKit.Net.Smtp.SmtpClient.SendCommandInternalAsync(String command, CancellationToken cancellationToken)
   at MailKit.Net.Smtp.SmtpClient.AuthenticateAsync(Encoding encoding, ICredentials credentials, CancellationToken cancellationToken)
   at EmailWorkerService.EmailConsumerService.SendEmail(EmailNotification email) in D:\estudy2\AI_Generated\estudy\api\EmailWorkerService\EmailConsumerService.cs:line 165
   at EmailWorkerService.EmailConsumerService.<ExecuteAsync>b__6_0(Object model, BasicDeliverEventArgs ea) in D:\estudy2\AI_Generated\estudy\api\EmailWorkerService\EmailConsumerService.cs:line 97
2026-01-03 00:35:14.648 +05:30 [INF] Received message: {"To":"vishal_varshney@hotmail.com","Subject":"Password reset request","Body":"Click the link to reset your password: \u003Ca href=\u0022https://localhost:5001/api/Auth/reset?token=ff17e79b693944598d7091ca80b9e795\u0022\u003Ehttps://localhost:5001/api/Auth/reset?token=ff17e79b693944598d7091ca80b9e795\u003C/a\u003E"}
2026-01-03 00:35:16.003 +05:30 [ERR] Failed to send email via SMTP
MailKit.Net.Smtp.SmtpProtocolException: The SMTP server has unexpectedly disconnected: Authentication failed: The provided authorization grant is invalid, expired, or revoked
   at MailKit.Net.Smtp.SmtpStream.ReadAheadAsync(CancellationToken cancellationToken)
   at MailKit.Net.Smtp.SmtpStream.ReadResponseAsync(CancellationToken cancellationToken)
   at MailKit.Net.Smtp.SmtpStream.SendCommandAsync(String command, CancellationToken cancellationToken)
   at MailKit.Net.Smtp.SmtpClient.SendCommandInternalAsync(String command, CancellationToken cancellationToken)
   at MailKit.Net.Smtp.SmtpClient.AuthenticateAsync(Encoding encoding, ICredentials credentials, CancellationToken cancellationToken)
   at EmailWorkerService.EmailConsumerService.SendEmail(EmailNotification email) in D:\estudy2\AI_Generated\estudy\api\EmailWorkerService\EmailConsumerService.cs:line 165
2026-01-03 00:35:16.071 +05:30 [ERR] Error processing message
MailKit.Net.Smtp.SmtpProtocolException: The SMTP server has unexpectedly disconnected: Authentication failed: The provided authorization grant is invalid, expired, or revoked
   at MailKit.Net.Smtp.SmtpStream.ReadAheadAsync(CancellationToken cancellationToken)
   at MailKit.Net.Smtp.SmtpStream.ReadResponseAsync(CancellationToken cancellationToken)
   at MailKit.Net.Smtp.SmtpStream.SendCommandAsync(String command, CancellationToken cancellationToken)
   at MailKit.Net.Smtp.SmtpClient.SendCommandInternalAsync(String command, CancellationToken cancellationToken)
   at MailKit.Net.Smtp.SmtpClient.AuthenticateAsync(Encoding encoding, ICredentials credentials, CancellationToken cancellationToken)
   at EmailWorkerService.EmailConsumerService.SendEmail(EmailNotification email) in D:\estudy2\AI_Generated\estudy\api\EmailWorkerService\EmailConsumerService.cs:line 165
   at EmailWorkerService.EmailConsumerService.<ExecuteAsync>b__6_0(Object model, BasicDeliverEventArgs ea) in D:\estudy2\AI_Generated\estudy\api\EmailWorkerService\EmailConsumerService.cs:line 97
2026-01-03 00:35:16.071 +05:30 [INF] Received message: {"To":"vishal_varshney@hotmail.com","Subject":"Password reset request","Body":"Click the link to reset your password: \u003Ca href=\u0022https://localhost:5001/api/Auth/reset?token=96aeb82bec604da2a58662c6d40f4635\u0022\u003Ehttps://localhost:5001/api/Auth/reset?token=96aeb82bec604da2a58662c6d40f4635\u003C/a\u003E"}
2026-01-03 00:35:17.432 +05:30 [ERR] Failed to send email via SMTP
MailKit.Net.Smtp.SmtpProtocolException: The SMTP server has unexpectedly disconnected: Authentication failed: The provided authorization grant is invalid, expired, or revoked
   at MailKit.Net.Smtp.SmtpStream.ReadAheadAsync(CancellationToken cancellationToken)
   at MailKit.Net.Smtp.SmtpStream.ReadResponseAsync(CancellationToken cancellationToken)
   at MailKit.Net.Smtp.SmtpStream.SendCommandAsync(String command, CancellationToken cancellationToken)
   at MailKit.Net.Smtp.SmtpClient.SendCommandInternalAsync(String command, CancellationToken cancellationToken)
   at MailKit.Net.Smtp.SmtpClient.AuthenticateAsync(Encoding encoding, ICredentials credentials, CancellationToken cancellationToken)
   at EmailWorkerService.EmailConsumerService.SendEmail(EmailNotification email) in D:\estudy2\AI_Generated\estudy\api\EmailWorkerService\EmailConsumerService.cs:line 165
2026-01-03 00:35:17.506 +05:30 [ERR] Error processing message
MailKit.Net.Smtp.SmtpProtocolException: The SMTP server has unexpectedly disconnected: Authentication failed: The provided authorization grant is invalid, expired, or revoked
   at MailKit.Net.Smtp.SmtpStream.ReadAheadAsync(CancellationToken cancellationToken)
   at MailKit.Net.Smtp.SmtpStream.ReadResponseAsync(CancellationToken cancellationToken)
   at MailKit.Net.Smtp.SmtpStream.SendCommandAsync(String command, CancellationToken cancellationToken)
   at MailKit.Net.Smtp.SmtpClient.SendCommandInternalAsync(String command, CancellationToken cancellationToken)
   at MailKit.Net.Smtp.SmtpClient.AuthenticateAsync(Encoding encoding, ICredentials credentials, CancellationToken cancellationToken)
   at EmailWorkerService.EmailConsumerService.SendEmail(EmailNotification email) in D:\estudy2\AI_Generated\estudy\api\EmailWorkerService\EmailConsumerService.cs:line 165
   at EmailWorkerService.EmailConsumerService.<ExecuteAsync>b__6_0(Object model, BasicDeliverEventArgs ea) in D:\estudy2\AI_Generated\estudy\api\EmailWorkerService\EmailConsumerService.cs:line 97
2026-01-03 00:35:17.506 +05:30 [INF] Received message: {"To":"vishal_varshney@hotmail.com","Subject":"Password reset request","Body":"Click the link to reset your password: \u003Ca href=\u0022https://localhost:5001/api/Auth/reset?token=46cd811230fe41f897e99f87cdb7e439\u0022\u003Ehttps://localhost:5001/api/Auth/reset?token=46cd811230fe41f897e99f87cdb7e439\u003C/a\u003E"}
2026-01-03 00:35:18.982 +05:30 [ERR] Failed to send email via SMTP
MailKit.Net.Smtp.SmtpProtocolException: The SMTP server has unexpectedly disconnected: Authentication failed: The provided authorization grant is invalid, expired, or revoked
   at MailKit.Net.Smtp.SmtpStream.ReadAheadAsync(CancellationToken cancellationToken)
   at MailKit.Net.Smtp.SmtpStream.ReadResponseAsync(CancellationToken cancellationToken)
   at MailKit.Net.Smtp.SmtpStream.SendCommandAsync(String command, CancellationToken cancellationToken)
   at MailKit.Net.Smtp.SmtpClient.SendCommandInternalAsync(String command, CancellationToken cancellationToken)
   at MailKit.Net.Smtp.SmtpClient.AuthenticateAsync(Encoding encoding, ICredentials credentials, CancellationToken cancellationToken)
   at EmailWorkerService.EmailConsumerService.SendEmail(EmailNotification email) in D:\estudy2\AI_Generated\estudy\api\EmailWorkerService\EmailConsumerService.cs:line 165
2026-01-03 00:35:19.032 +05:30 [ERR] Error processing message
MailKit.Net.Smtp.SmtpProtocolException: The SMTP server has unexpectedly disconnected: Authentication failed: The provided authorization grant is invalid, expired, or revoked
   at MailKit.Net.Smtp.SmtpStream.ReadAheadAsync(CancellationToken cancellationToken)
   at MailKit.Net.Smtp.SmtpStream.ReadResponseAsync(CancellationToken cancellationToken)
   at MailKit.Net.Smtp.SmtpStream.SendCommandAsync(String command, CancellationToken cancellationToken)
   at MailKit.Net.Smtp.SmtpClient.SendCommandInternalAsync(String command, CancellationToken cancellationToken)
   at MailKit.Net.Smtp.SmtpClient.AuthenticateAsync(Encoding encoding, ICredentials credentials, CancellationToken cancellationToken)
   at EmailWorkerService.EmailConsumerService.SendEmail(EmailNotification email) in D:\estudy2\AI_Generated\estudy\api\EmailWorkerService\EmailConsumerService.cs:line 165
   at EmailWorkerService.EmailConsumerService.<ExecuteAsync>b__6_0(Object model, BasicDeliverEventArgs ea) in D:\estudy2\AI_Generated\estudy\api\EmailWorkerService\EmailConsumerService.cs:line 97
2026-01-03 00:35:19.032 +05:30 [INF] Received message: {"To":"vishal_varshney@hotmail.com","Subject":"Password reset request","Body":"Click the link to reset your password: \u003Ca href=\u0022https://localhost:5001/api/Auth/reset?token=ff17e79b693944598d7091ca80b9e795\u0022\u003Ehttps://localhost:5001/api/Auth/reset?token=ff17e79b693944598d7091ca80b9e795\u003C/a\u003E"}
2026-01-03 00:35:20.570 +05:30 [ERR] Failed to send email via SMTP
MailKit.Net.Smtp.SmtpProtocolException: The SMTP server has unexpectedly disconnected: Authentication failed: The provided authorization grant is invalid, expired, or revoked
   at MailKit.Net.Smtp.SmtpStream.ReadAheadAsync(CancellationToken cancellationToken)
   at MailKit.Net.Smtp.SmtpStream.ReadResponseAsync(CancellationToken cancellationToken)
   at MailKit.Net.Smtp.SmtpStream.SendCommandAsync(String command, CancellationToken cancellationToken)
   at MailKit.Net.Smtp.SmtpClient.SendCommandInternalAsync(String command, CancellationToken cancellationToken)
   at MailKit.Net.Smtp.SmtpClient.AuthenticateAsync(Encoding encoding, ICredentials credentials, CancellationToken cancellationToken)
   at EmailWorkerService.EmailConsumerService.SendEmail(EmailNotification email) in D:\estudy2\AI_Generated\estudy\api\EmailWorkerService\EmailConsumerService.cs:line 165
2026-01-03 00:35:20.630 +05:30 [ERR] Error processing message
MailKit.Net.Smtp.SmtpProtocolException: The SMTP server has unexpectedly disconnected: Authentication failed: The provided authorization grant is invalid, expired, or revoked
   at MailKit.Net.Smtp.SmtpStream.ReadAheadAsync(CancellationToken cancellationToken)
   at MailKit.Net.Smtp.SmtpStream.ReadResponseAsync(CancellationToken cancellationToken)
   at MailKit.Net.Smtp.SmtpStream.SendCommandAsync(String command, CancellationToken cancellationToken)
   at MailKit.Net.Smtp.SmtpClient.SendCommandInternalAsync(String command, CancellationToken cancellationToken)
   at MailKit.Net.Smtp.SmtpClient.AuthenticateAsync(Encoding encoding, ICredentials credentials, CancellationToken cancellationToken)
   at EmailWorkerService.EmailConsumerService.SendEmail(EmailNotification email) in D:\estudy2\AI_Generated\estudy\api\EmailWorkerService\EmailConsumerService.cs:line 165
   at EmailWorkerService.EmailConsumerService.<ExecuteAsync>b__6_0(Object model, BasicDeliverEventArgs ea) in D:\estudy2\AI_Generated\estudy\api\EmailWorkerService\EmailConsumerService.cs:line 97
2026-01-03 00:35:20.630 +05:30 [INF] Received message: {"To":"vishal_varshney@hotmail.com","Subject":"Password reset request","Body":"Click the link to reset your password: \u003Ca href=\u0022https://localhost:5001/api/Auth/reset?token=96aeb82bec604da2a58662c6d40f4635\u0022\u003Ehttps://localhost:5001/api/Auth/reset?token=96aeb82bec604da2a58662c6d40f4635\u003C/a\u003E"}
2026-01-03 00:35:21.986 +05:30 [ERR] Failed to send email via SMTP
MailKit.Net.Smtp.SmtpProtocolException: The SMTP server has unexpectedly disconnected: Authentication failed: The provided authorization grant is invalid, expired, or revoked
   at MailKit.Net.Smtp.SmtpStream.ReadAheadAsync(CancellationToken cancellationToken)
   at MailKit.Net.Smtp.SmtpStream.ReadResponseAsync(CancellationToken cancellationToken)
   at MailKit.Net.Smtp.SmtpStream.SendCommandAsync(String command, CancellationToken cancellationToken)
   at MailKit.Net.Smtp.SmtpClient.SendCommandInternalAsync(String command, CancellationToken cancellationToken)
   at MailKit.Net.Smtp.SmtpClient.AuthenticateAsync(Encoding encoding, ICredentials credentials, CancellationToken cancellationToken)
   at EmailWorkerService.EmailConsumerService.SendEmail(EmailNotification email) in D:\estudy2\AI_Generated\estudy\api\EmailWorkerService\EmailConsumerService.cs:line 165
2026-01-03 00:35:22.039 +05:30 [ERR] Error processing message
MailKit.Net.Smtp.SmtpProtocolException: The SMTP server has unexpectedly disconnected: Authentication failed: The provided authorization grant is invalid, expired, or revoked
   at MailKit.Net.Smtp.SmtpStream.ReadAheadAsync(CancellationToken cancellationToken)
   at MailKit.Net.Smtp.SmtpStream.ReadResponseAsync(CancellationToken cancellationToken)
   at MailKit.Net.Smtp.SmtpStream.SendCommandAsync(String command, CancellationToken cancellationToken)
   at MailKit.Net.Smtp.SmtpClient.SendCommandInternalAsync(String command, CancellationToken cancellationToken)
   at MailKit.Net.Smtp.SmtpClient.AuthenticateAsync(Encoding encoding, ICredentials credentials, CancellationToken cancellationToken)
   at EmailWorkerService.EmailConsumerService.SendEmail(EmailNotification email) in D:\estudy2\AI_Generated\estudy\api\EmailWorkerService\EmailConsumerService.cs:line 165
   at EmailWorkerService.EmailConsumerService.<ExecuteAsync>b__6_0(Object model, BasicDeliverEventArgs ea) in D:\estudy2\AI_Generated\estudy\api\EmailWorkerService\EmailConsumerService.cs:line 97
2026-01-03 00:35:22.040 +05:30 [INF] Received message: {"To":"vishal_varshney@hotmail.com","Subject":"Password reset request","Body":"Click the link to reset your password: \u003Ca href=\u0022https://localhost:5001/api/Auth/reset?token=46cd811230fe41f897e99f87cdb7e439\u0022\u003Ehttps://localhost:5001/api/Auth/reset?token=46cd811230fe41f897e99f87cdb7e439\u003C/a\u003E"}
2026-01-03 00:35:23.370 +05:30 [ERR] Failed to send email via SMTP
MailKit.Net.Smtp.SmtpProtocolException: The SMTP server has unexpectedly disconnected: Authentication failed: The provided authorization grant is invalid, expired, or revoked
   at MailKit.Net.Smtp.SmtpStream.ReadAheadAsync(CancellationToken cancellationToken)
   at MailKit.Net.Smtp.SmtpStream.ReadResponseAsync(CancellationToken cancellationToken)
   at MailKit.Net.Smtp.SmtpStream.SendCommandAsync(String command, CancellationToken cancellationToken)
   at MailKit.Net.Smtp.SmtpClient.SendCommandInternalAsync(String command, CancellationToken cancellationToken)
   at MailKit.Net.Smtp.SmtpClient.AuthenticateAsync(Encoding encoding, ICredentials credentials, CancellationToken cancellationToken)
   at EmailWorkerService.EmailConsumerService.SendEmail(EmailNotification email) in D:\estudy2\AI_Generated\estudy\api\EmailWorkerService\EmailConsumerService.cs:line 165
2026-01-03 00:35:23.419 +05:30 [ERR] Error processing message
MailKit.Net.Smtp.SmtpProtocolException: The SMTP server has unexpectedly disconnected: Authentication failed: The provided authorization grant is invalid, expired, or revoked
   at MailKit.Net.Smtp.SmtpStream.ReadAheadAsync(CancellationToken cancellationToken)
   at MailKit.Net.Smtp.SmtpStream.ReadResponseAsync(CancellationToken cancellationToken)
   at MailKit.Net.Smtp.SmtpStream.SendCommandAsync(String command, CancellationToken cancellationToken)
   at MailKit.Net.Smtp.SmtpClient.SendCommandInternalAsync(String command, CancellationToken cancellationToken)
   at MailKit.Net.Smtp.SmtpClient.AuthenticateAsync(Encoding encoding, ICredentials credentials, CancellationToken cancellationToken)
   at EmailWorkerService.EmailConsumerService.SendEmail(EmailNotification email) in D:\estudy2\AI_Generated\estudy\api\EmailWorkerService\EmailConsumerService.cs:line 165
   at EmailWorkerService.EmailConsumerService.<ExecuteAsync>b__6_0(Object model, BasicDeliverEventArgs ea) in D:\estudy2\AI_Generated\estudy\api\EmailWorkerService\EmailConsumerService.cs:line 97
2026-01-03 00:35:23.419 +05:30 [INF] Received message: {"To":"vishal_varshney@hotmail.com","Subject":"Password reset request","Body":"Click the link to reset your password: \u003Ca href=\u0022https://localhost:5001/api/Auth/reset?token=ff17e79b693944598d7091ca80b9e795\u0022\u003Ehttps://localhost:5001/api/Auth/reset?token=ff17e79b693944598d7091ca80b9e795\u003C/a\u003E"}
2026-01-03 00:35:24.775 +05:30 [ERR] Failed to send email via SMTP
MailKit.Net.Smtp.SmtpProtocolException: The SMTP server has unexpectedly disconnected: Authentication failed: The provided authorization grant is invalid, expired, or revoked
   at MailKit.Net.Smtp.SmtpStream.ReadAheadAsync(CancellationToken cancellationToken)
   at MailKit.Net.Smtp.SmtpStream.ReadResponseAsync(CancellationToken cancellationToken)
   at MailKit.Net.Smtp.SmtpStream.SendCommandAsync(String command, CancellationToken cancellationToken)
   at MailKit.Net.Smtp.SmtpClient.SendCommandInternalAsync(String command, CancellationToken cancellationToken)
   at MailKit.Net.Smtp.SmtpClient.AuthenticateAsync(Encoding encoding, ICredentials credentials, CancellationToken cancellationToken)
   at EmailWorkerService.EmailConsumerService.SendEmail(EmailNotification email) in D:\estudy2\AI_Generated\estudy\api\EmailWorkerService\EmailConsumerService.cs:line 165
2026-01-03 00:35:24.826 +05:30 [ERR] Error processing message
MailKit.Net.Smtp.SmtpProtocolException: The SMTP server has unexpectedly disconnected: Authentication failed: The provided authorization grant is invalid, expired, or revoked
   at MailKit.Net.Smtp.SmtpStream.ReadAheadAsync(CancellationToken cancellationToken)
   at MailKit.Net.Smtp.SmtpStream.ReadResponseAsync(CancellationToken cancellationToken)
   at MailKit.Net.Smtp.SmtpStream.SendCommandAsync(String command, CancellationToken cancellationToken)
   at MailKit.Net.Smtp.SmtpClient.SendCommandInternalAsync(String command, CancellationToken cancellationToken)
   at MailKit.Net.Smtp.SmtpClient.AuthenticateAsync(Encoding encoding, ICredentials credentials, CancellationToken cancellationToken)
   at EmailWorkerService.EmailConsumerService.SendEmail(EmailNotification email) in D:\estudy2\AI_Generated\estudy\api\EmailWorkerService\EmailConsumerService.cs:line 165
   at EmailWorkerService.EmailConsumerService.<ExecuteAsync>b__6_0(Object model, BasicDeliverEventArgs ea) in D:\estudy2\AI_Generated\estudy\api\EmailWorkerService\EmailConsumerService.cs:line 97
2026-01-03 00:35:24.826 +05:30 [INF] Received message: {"To":"vishal_varshney@hotmail.com","Subject":"Password reset request","Body":"Click the link to reset your password: \u003Ca href=\u0022https://localhost:5001/api/Auth/reset?token=96aeb82bec604da2a58662c6d40f4635\u0022\u003Ehttps://localhost:5001/api/Auth/reset?token=96aeb82bec604da2a58662c6d40f4635\u003C/a\u003E"}
2026-01-03 00:35:26.212 +05:30 [ERR] Failed to send email via SMTP
MailKit.Net.Smtp.SmtpProtocolException: The SMTP server has unexpectedly disconnected: Authentication failed: The provided authorization grant is invalid, expired, or revoked
   at MailKit.Net.Smtp.SmtpStream.ReadAheadAsync(CancellationToken cancellationToken)
   at MailKit.Net.Smtp.SmtpStream.ReadResponseAsync(CancellationToken cancellationToken)
   at MailKit.Net.Smtp.SmtpStream.SendCommandAsync(String command, CancellationToken cancellationToken)
   at MailKit.Net.Smtp.SmtpClient.SendCommandInternalAsync(String command, CancellationToken cancellationToken)
   at MailKit.Net.Smtp.SmtpClient.AuthenticateAsync(Encoding encoding, ICredentials credentials, CancellationToken cancellationToken)
   at EmailWorkerService.EmailConsumerService.SendEmail(EmailNotification email) in D:\estudy2\AI_Generated\estudy\api\EmailWorkerService\EmailConsumerService.cs:line 165
2026-01-03 00:35:26.261 +05:30 [ERR] Error processing message
MailKit.Net.Smtp.SmtpProtocolException: The SMTP server has unexpectedly disconnected: Authentication failed: The provided authorization grant is invalid, expired, or revoked
   at MailKit.Net.Smtp.SmtpStream.ReadAheadAsync(CancellationToken cancellationToken)
   at MailKit.Net.Smtp.SmtpStream.ReadResponseAsync(CancellationToken cancellationToken)
   at MailKit.Net.Smtp.SmtpStream.SendCommandAsync(String command, CancellationToken cancellationToken)
   at MailKit.Net.Smtp.SmtpClient.SendCommandInternalAsync(String command, CancellationToken cancellationToken)
   at MailKit.Net.Smtp.SmtpClient.AuthenticateAsync(Encoding encoding, ICredentials credentials, CancellationToken cancellationToken)
   at EmailWorkerService.EmailConsumerService.SendEmail(EmailNotification email) in D:\estudy2\AI_Generated\estudy\api\EmailWorkerService\EmailConsumerService.cs:line 165
   at EmailWorkerService.EmailConsumerService.<ExecuteAsync>b__6_0(Object model, BasicDeliverEventArgs ea) in D:\estudy2\AI_Generated\estudy\api\EmailWorkerService\EmailConsumerService.cs:line 97
2026-01-03 00:35:26.261 +05:30 [INF] Received message: {"To":"vishal_varshney@hotmail.com","Subject":"Password reset request","Body":"Click the link to reset your password: \u003Ca href=\u0022https://localhost:5001/api/Auth/reset?token=46cd811230fe41f897e99f87cdb7e439\u0022\u003Ehttps://localhost:5001/api/Auth/reset?token=46cd811230fe41f897e99f87cdb7e439\u003C/a\u003E"}
2026-01-03 00:35:27.636 +05:30 [ERR] Failed to send email via SMTP
MailKit.Net.Smtp.SmtpProtocolException: The SMTP server has unexpectedly disconnected: Authentication failed: The provided authorization grant is invalid, expired, or revoked
   at MailKit.Net.Smtp.SmtpStream.ReadAheadAsync(CancellationToken cancellationToken)
   at MailKit.Net.Smtp.SmtpStream.ReadResponseAsync(CancellationToken cancellationToken)
   at MailKit.Net.Smtp.SmtpStream.SendCommandAsync(String command, CancellationToken cancellationToken)
   at MailKit.Net.Smtp.SmtpClient.SendCommandInternalAsync(String command, CancellationToken cancellationToken)
   at MailKit.Net.Smtp.SmtpClient.AuthenticateAsync(Encoding encoding, ICredentials credentials, CancellationToken cancellationToken)
   at EmailWorkerService.EmailConsumerService.SendEmail(EmailNotification email) in D:\estudy2\AI_Generated\estudy\api\EmailWorkerService\EmailConsumerService.cs:line 165
2026-01-03 00:35:27.687 +05:30 [ERR] Error processing message
MailKit.Net.Smtp.SmtpProtocolException: The SMTP server has unexpectedly disconnected: Authentication failed: The provided authorization grant is invalid, expired, or revoked
   at MailKit.Net.Smtp.SmtpStream.ReadAheadAsync(CancellationToken cancellationToken)
   at MailKit.Net.Smtp.SmtpStream.ReadResponseAsync(CancellationToken cancellationToken)
   at MailKit.Net.Smtp.SmtpStream.SendCommandAsync(String command, CancellationToken cancellationToken)
   at MailKit.Net.Smtp.SmtpClient.SendCommandInternalAsync(String command, CancellationToken cancellationToken)
   at MailKit.Net.Smtp.SmtpClient.AuthenticateAsync(Encoding encoding, ICredentials credentials, CancellationToken cancellationToken)
   at EmailWorkerService.EmailConsumerService.SendEmail(EmailNotification email) in D:\estudy2\AI_Generated\estudy\api\EmailWorkerService\EmailConsumerService.cs:line 165
   at EmailWorkerService.EmailConsumerService.<ExecuteAsync>b__6_0(Object model, BasicDeliverEventArgs ea) in D:\estudy2\AI_Generated\estudy\api\EmailWorkerService\EmailConsumerService.cs:line 97
2026-01-03 00:35:27.687 +05:30 [INF] Received message: {"To":"vishal_varshney@hotmail.com","Subject":"Password reset request","Body":"Click the link to reset your password: \u003Ca href=\u0022https://localhost:5001/api/Auth/reset?token=ff17e79b693944598d7091ca80b9e795\u0022\u003Ehttps://localhost:5001/api/Auth/reset?token=ff17e79b693944598d7091ca80b9e795\u003C/a\u003E"}
2026-01-03 00:35:29.054 +05:30 [ERR] Failed to send email via SMTP
MailKit.Net.Smtp.SmtpProtocolException: The SMTP server has unexpectedly disconnected: Authentication failed: The provided authorization grant is invalid, expired, or revoked
   at MailKit.Net.Smtp.SmtpStream.ReadAheadAsync(CancellationToken cancellationToken)
   at MailKit.Net.Smtp.SmtpStream.ReadResponseAsync(CancellationToken cancellationToken)
   at MailKit.Net.Smtp.SmtpStream.SendCommandAsync(String command, CancellationToken cancellationToken)
   at MailKit.Net.Smtp.SmtpClient.SendCommandInternalAsync(String command, CancellationToken cancellationToken)
   at MailKit.Net.Smtp.SmtpClient.AuthenticateAsync(Encoding encoding, ICredentials credentials, CancellationToken cancellationToken)
   at EmailWorkerService.EmailConsumerService.SendEmail(EmailNotification email) in D:\estudy2\AI_Generated\estudy\api\EmailWorkerService\EmailConsumerService.cs:line 165
2026-01-03 00:35:29.101 +05:30 [ERR] Error processing message
MailKit.Net.Smtp.SmtpProtocolException: The SMTP server has unexpectedly disconnected: Authentication failed: The provided authorization grant is invalid, expired, or revoked
   at MailKit.Net.Smtp.SmtpStream.ReadAheadAsync(CancellationToken cancellationToken)
   at MailKit.Net.Smtp.SmtpStream.ReadResponseAsync(CancellationToken cancellationToken)
   at MailKit.Net.Smtp.SmtpStream.SendCommandAsync(String command, CancellationToken cancellationToken)
   at MailKit.Net.Smtp.SmtpClient.SendCommandInternalAsync(String command, CancellationToken cancellationToken)
   at MailKit.Net.Smtp.SmtpClient.AuthenticateAsync(Encoding encoding, ICredentials credentials, CancellationToken cancellationToken)
   at EmailWorkerService.EmailConsumerService.SendEmail(EmailNotification email) in D:\estudy2\AI_Generated\estudy\api\EmailWorkerService\EmailConsumerService.cs:line 165
   at EmailWorkerService.EmailConsumerService.<ExecuteAsync>b__6_0(Object model, BasicDeliverEventArgs ea) in D:\estudy2\AI_Generated\estudy\api\EmailWorkerService\EmailConsumerService.cs:line 97
2026-01-03 00:35:29.101 +05:30 [INF] Received message: {"To":"vishal_varshney@hotmail.com","Subject":"Password reset request","Body":"Click the link to reset your password: \u003Ca href=\u0022https://localhost:5001/api/Auth/reset?token=96aeb82bec604da2a58662c6d40f4635\u0022\u003Ehttps://localhost:5001/api/Auth/reset?token=96aeb82bec604da2a58662c6d40f4635\u003C/a\u003E"}
2026-01-03 00:35:30.456 +05:30 [ERR] Failed to send email via SMTP
MailKit.Net.Smtp.SmtpProtocolException: The SMTP server has unexpectedly disconnected: Authentication failed: The provided authorization grant is invalid, expired, or revoked
   at MailKit.Net.Smtp.SmtpStream.ReadAheadAsync(CancellationToken cancellationToken)
   at MailKit.Net.Smtp.SmtpStream.ReadResponseAsync(CancellationToken cancellationToken)
   at MailKit.Net.Smtp.SmtpStream.SendCommandAsync(String command, CancellationToken cancellationToken)
   at MailKit.Net.Smtp.SmtpClient.SendCommandInternalAsync(String command, CancellationToken cancellationToken)
   at MailKit.Net.Smtp.SmtpClient.AuthenticateAsync(Encoding encoding, ICredentials credentials, CancellationToken cancellationToken)
   at EmailWorkerService.EmailConsumerService.SendEmail(EmailNotification email) in D:\estudy2\AI_Generated\estudy\api\EmailWorkerService\EmailConsumerService.cs:line 165
2026-01-03 00:35:30.503 +05:30 [ERR] Error processing message
MailKit.Net.Smtp.SmtpProtocolException: The SMTP server has unexpectedly disconnected: Authentication failed: The provided authorization grant is invalid, expired, or revoked
   at MailKit.Net.Smtp.SmtpStream.ReadAheadAsync(CancellationToken cancellationToken)
   at MailKit.Net.Smtp.SmtpStream.ReadResponseAsync(CancellationToken cancellationToken)
   at MailKit.Net.Smtp.SmtpStream.SendCommandAsync(String command, CancellationToken cancellationToken)
   at MailKit.Net.Smtp.SmtpClient.SendCommandInternalAsync(String command, CancellationToken cancellationToken)
   at MailKit.Net.Smtp.SmtpClient.AuthenticateAsync(Encoding encoding, ICredentials credentials, CancellationToken cancellationToken)
   at EmailWorkerService.EmailConsumerService.SendEmail(EmailNotification email) in D:\estudy2\AI_Generated\estudy\api\EmailWorkerService\EmailConsumerService.cs:line 165
   at EmailWorkerService.EmailConsumerService.<ExecuteAsync>b__6_0(Object model, BasicDeliverEventArgs ea) in D:\estudy2\AI_Generated\estudy\api\EmailWorkerService\EmailConsumerService.cs:line 97
2026-01-03 00:35:30.504 +05:30 [INF] Received message: {"To":"vishal_varshney@hotmail.com","Subject":"Password reset request","Body":"Click the link to reset your password: \u003Ca href=\u0022https://localhost:5001/api/Auth/reset?token=46cd811230fe41f897e99f87cdb7e439\u0022\u003Ehttps://localhost:5001/api/Auth/reset?token=46cd811230fe41f897e99f87cdb7e439\u003C/a\u003E"}
2026-01-03 00:35:31.811 +05:30 [ERR] Failed to send email via SMTP
MailKit.Net.Smtp.SmtpProtocolException: The SMTP server has unexpectedly disconnected: Authentication failed: The provided authorization grant is invalid, expired, or revoked
   at MailKit.Net.Smtp.SmtpStream.ReadAheadAsync(CancellationToken cancellationToken)
   at MailKit.Net.Smtp.SmtpStream.ReadResponseAsync(CancellationToken cancellationToken)
   at MailKit.Net.Smtp.SmtpStream.SendCommandAsync(String command, CancellationToken cancellationToken)
   at MailKit.Net.Smtp.SmtpClient.SendCommandInternalAsync(String command, CancellationToken cancellationToken)
   at MailKit.Net.Smtp.SmtpClient.AuthenticateAsync(Encoding encoding, ICredentials credentials, CancellationToken cancellationToken)
   at EmailWorkerService.EmailConsumerService.SendEmail(EmailNotification email) in D:\estudy2\AI_Generated\estudy\api\EmailWorkerService\EmailConsumerService.cs:line 165
2026-01-03 00:35:31.858 +05:30 [ERR] Error processing message
MailKit.Net.Smtp.SmtpProtocolException: The SMTP server has unexpectedly disconnected: Authentication failed: The provided authorization grant is invalid, expired, or revoked
   at MailKit.Net.Smtp.SmtpStream.ReadAheadAsync(CancellationToken cancellationToken)
   at MailKit.Net.Smtp.SmtpStream.ReadResponseAsync(CancellationToken cancellationToken)
   at MailKit.Net.Smtp.SmtpStream.SendCommandAsync(String command, CancellationToken cancellationToken)
   at MailKit.Net.Smtp.SmtpClient.SendCommandInternalAsync(String command, CancellationToken cancellationToken)
   at MailKit.Net.Smtp.SmtpClient.AuthenticateAsync(Encoding encoding, ICredentials credentials, CancellationToken cancellationToken)
   at EmailWorkerService.EmailConsumerService.SendEmail(EmailNotification email) in D:\estudy2\AI_Generated\estudy\api\EmailWorkerService\EmailConsumerService.cs:line 165
   at EmailWorkerService.EmailConsumerService.<ExecuteAsync>b__6_0(Object model, BasicDeliverEventArgs ea) in D:\estudy2\AI_Generated\estudy\api\EmailWorkerService\EmailConsumerService.cs:line 97
2026-01-03 00:35:31.858 +05:30 [INF] Received message: {"To":"vishal_varshney@hotmail.com","Subject":"Password reset request","Body":"Click the link to reset your password: \u003Ca href=\u0022https://localhost:5001/api/Auth/reset?token=ff17e79b693944598d7091ca80b9e795\u0022\u003Ehttps://localhost:5001/api/Auth/reset?token=ff17e79b693944598d7091ca80b9e795\u003C/a\u003E"}
2026-01-03 00:35:33.314 +05:30 [ERR] Failed to send email via SMTP
MailKit.Net.Smtp.SmtpProtocolException: The SMTP server has unexpectedly disconnected: Authentication failed: The provided authorization grant is invalid, expired, or revoked
   at MailKit.Net.Smtp.SmtpStream.ReadAheadAsync(CancellationToken cancellationToken)
   at MailKit.Net.Smtp.SmtpStream.ReadResponseAsync(CancellationToken cancellationToken)
   at MailKit.Net.Smtp.SmtpStream.SendCommandAsync(String command, CancellationToken cancellationToken)
   at MailKit.Net.Smtp.SmtpClient.SendCommandInternalAsync(String command, CancellationToken cancellationToken)
   at MailKit.Net.Smtp.SmtpClient.AuthenticateAsync(Encoding encoding, ICredentials credentials, CancellationToken cancellationToken)
   at EmailWorkerService.EmailConsumerService.SendEmail(EmailNotification email) in D:\estudy2\AI_Generated\estudy\api\EmailWorkerService\EmailConsumerService.cs:line 165
2026-01-03 00:35:33.363 +05:30 [ERR] Error processing message
MailKit.Net.Smtp.SmtpProtocolException: The SMTP server has unexpectedly disconnected: Authentication failed: The provided authorization grant is invalid, expired, or revoked
   at MailKit.Net.Smtp.SmtpStream.ReadAheadAsync(CancellationToken cancellationToken)
   at MailKit.Net.Smtp.SmtpStream.ReadResponseAsync(CancellationToken cancellationToken)
   at MailKit.Net.Smtp.SmtpStream.SendCommandAsync(String command, CancellationToken cancellationToken)
   at MailKit.Net.Smtp.SmtpClient.SendCommandInternalAsync(String command, CancellationToken cancellationToken)
   at MailKit.Net.Smtp.SmtpClient.AuthenticateAsync(Encoding encoding, ICredentials credentials, CancellationToken cancellationToken)
   at EmailWorkerService.EmailConsumerService.SendEmail(EmailNotification email) in D:\estudy2\AI_Generated\estudy\api\EmailWorkerService\EmailConsumerService.cs:line 165
   at EmailWorkerService.EmailConsumerService.<ExecuteAsync>b__6_0(Object model, BasicDeliverEventArgs ea) in D:\estudy2\AI_Generated\estudy\api\EmailWorkerService\EmailConsumerService.cs:line 97
2026-01-03 00:35:33.364 +05:30 [INF] Received message: {"To":"vishal_varshney@hotmail.com","Subject":"Password reset request","Body":"Click the link to reset your password: \u003Ca href=\u0022https://localhost:5001/api/Auth/reset?token=96aeb82bec604da2a58662c6d40f4635\u0022\u003Ehttps://localhost:5001/api/Auth/reset?token=96aeb82bec604da2a58662c6d40f4635\u003C/a\u003E"}
2026-01-03 00:35:34.744 +05:30 [ERR] Failed to send email via SMTP
MailKit.Net.Smtp.SmtpProtocolException: The SMTP server has unexpectedly disconnected: Authentication failed: The provided authorization grant is invalid, expired, or revoked
   at MailKit.Net.Smtp.SmtpStream.ReadAheadAsync(CancellationToken cancellationToken)
   at MailKit.Net.Smtp.SmtpStream.ReadResponseAsync(CancellationToken cancellationToken)
   at MailKit.Net.Smtp.SmtpStream.SendCommandAsync(String command, CancellationToken cancellationToken)
   at MailKit.Net.Smtp.SmtpClient.SendCommandInternalAsync(String command, CancellationToken cancellationToken)
   at MailKit.Net.Smtp.SmtpClient.AuthenticateAsync(Encoding encoding, ICredentials credentials, CancellationToken cancellationToken)
   at EmailWorkerService.EmailConsumerService.SendEmail(EmailNotification email) in D:\estudy2\AI_Generated\estudy\api\EmailWorkerService\EmailConsumerService.cs:line 165
2026-01-03 00:35:34.792 +05:30 [ERR] Error processing message
MailKit.Net.Smtp.SmtpProtocolException: The SMTP server has unexpectedly disconnected: Authentication failed: The provided authorization grant is invalid, expired, or revoked
   at MailKit.Net.Smtp.SmtpStream.ReadAheadAsync(CancellationToken cancellationToken)
   at MailKit.Net.Smtp.SmtpStream.ReadResponseAsync(CancellationToken cancellationToken)
   at MailKit.Net.Smtp.SmtpStream.SendCommandAsync(String command, CancellationToken cancellationToken)
   at MailKit.Net.Smtp.SmtpClient.SendCommandInternalAsync(String command, CancellationToken cancellationToken)
   at MailKit.Net.Smtp.SmtpClient.AuthenticateAsync(Encoding encoding, ICredentials credentials, CancellationToken cancellationToken)
   at EmailWorkerService.EmailConsumerService.SendEmail(EmailNotification email) in D:\estudy2\AI_Generated\estudy\api\EmailWorkerService\EmailConsumerService.cs:line 165
   at EmailWorkerService.EmailConsumerService.<ExecuteAsync>b__6_0(Object model, BasicDeliverEventArgs ea) in D:\estudy2\AI_Generated\estudy\api\EmailWorkerService\EmailConsumerService.cs:line 97
2026-01-03 00:35:34.792 +05:30 [INF] Received message: {"To":"vishal_varshney@hotmail.com","Subject":"Password reset request","Body":"Click the link to reset your password: \u003Ca href=\u0022https://localhost:5001/api/Auth/reset?token=46cd811230fe41f897e99f87cdb7e439\u0022\u003Ehttps://localhost:5001/api/Auth/reset?token=46cd811230fe41f897e99f87cdb7e439\u003C/a\u003E"}
2026-01-03 00:35:36.204 +05:30 [ERR] Failed to send email via SMTP
MailKit.Net.Smtp.SmtpProtocolException: The SMTP server has unexpectedly disconnected: Authentication failed: The provided authorization grant is invalid, expired, or revoked
   at MailKit.Net.Smtp.SmtpStream.ReadAheadAsync(CancellationToken cancellationToken)
   at MailKit.Net.Smtp.SmtpStream.ReadResponseAsync(CancellationToken cancellationToken)
   at MailKit.Net.Smtp.SmtpStream.SendCommandAsync(String command, CancellationToken cancellationToken)
   at MailKit.Net.Smtp.SmtpClient.SendCommandInternalAsync(String command, CancellationToken cancellationToken)
   at MailKit.Net.Smtp.SmtpClient.AuthenticateAsync(Encoding encoding, ICredentials credentials, CancellationToken cancellationToken)
   at EmailWorkerService.EmailConsumerService.SendEmail(EmailNotification email) in D:\estudy2\AI_Generated\estudy\api\EmailWorkerService\EmailConsumerService.cs:line 165
2026-01-03 00:35:36.262 +05:30 [ERR] Error processing message
MailKit.Net.Smtp.SmtpProtocolException: The SMTP server has unexpectedly disconnected: Authentication failed: The provided authorization grant is invalid, expired, or revoked
   at MailKit.Net.Smtp.SmtpStream.ReadAheadAsync(CancellationToken cancellationToken)
   at MailKit.Net.Smtp.SmtpStream.ReadResponseAsync(CancellationToken cancellationToken)
   at MailKit.Net.Smtp.SmtpStream.SendCommandAsync(String command, CancellationToken cancellationToken)
   at MailKit.Net.Smtp.SmtpClient.SendCommandInternalAsync(String command, CancellationToken cancellationToken)
   at MailKit.Net.Smtp.SmtpClient.AuthenticateAsync(Encoding encoding, ICredentials credentials, CancellationToken cancellationToken)
   at EmailWorkerService.EmailConsumerService.SendEmail(EmailNotification email) in D:\estudy2\AI_Generated\estudy\api\EmailWorkerService\EmailConsumerService.cs:line 165
   at EmailWorkerService.EmailConsumerService.<ExecuteAsync>b__6_0(Object model, BasicDeliverEventArgs ea) in D:\estudy2\AI_Generated\estudy\api\EmailWorkerService\EmailConsumerService.cs:line 97
2026-01-03 00:35:36.262 +05:30 [INF] Received message: {"To":"vishal_varshney@hotmail.com","Subject":"Password reset request","Body":"Click the link to reset your password: \u003Ca href=\u0022https://localhost:5001/api/Auth/reset?token=ff17e79b693944598d7091ca80b9e795\u0022\u003Ehttps://localhost:5001/api/Auth/reset?token=ff17e79b693944598d7091ca80b9e795\u003C/a\u003E"}
2026-01-03 00:35:37.599 +05:30 [ERR] Failed to send email via SMTP
MailKit.Net.Smtp.SmtpProtocolException: The SMTP server has unexpectedly disconnected: Authentication failed: The provided authorization grant is invalid, expired, or revoked
   at MailKit.Net.Smtp.SmtpStream.ReadAheadAsync(CancellationToken cancellationToken)
   at MailKit.Net.Smtp.SmtpStream.ReadResponseAsync(CancellationToken cancellationToken)
   at MailKit.Net.Smtp.SmtpStream.SendCommandAsync(String command, CancellationToken cancellationToken)
   at MailKit.Net.Smtp.SmtpClient.SendCommandInternalAsync(String command, CancellationToken cancellationToken)
   at MailKit.Net.Smtp.SmtpClient.AuthenticateAsync(Encoding encoding, ICredentials credentials, CancellationToken cancellationToken)
   at EmailWorkerService.EmailConsumerService.SendEmail(EmailNotification email) in D:\estudy2\AI_Generated\estudy\api\EmailWorkerService\EmailConsumerService.cs:line 165
2026-01-03 00:35:37.651 +05:30 [ERR] Error processing message
MailKit.Net.Smtp.SmtpProtocolException: The SMTP server has unexpectedly disconnected: Authentication failed: The provided authorization grant is invalid, expired, or revoked
   at MailKit.Net.Smtp.SmtpStream.ReadAheadAsync(CancellationToken cancellationToken)
   at MailKit.Net.Smtp.SmtpStream.ReadResponseAsync(CancellationToken cancellationToken)
   at MailKit.Net.Smtp.SmtpStream.SendCommandAsync(String command, CancellationToken cancellationToken)
   at MailKit.Net.Smtp.SmtpClient.SendCommandInternalAsync(String command, CancellationToken cancellationToken)
   at MailKit.Net.Smtp.SmtpClient.AuthenticateAsync(Encoding encoding, ICredentials credentials, CancellationToken cancellationToken)
   at EmailWorkerService.EmailConsumerService.SendEmail(EmailNotification email) in D:\estudy2\AI_Generated\estudy\api\EmailWorkerService\EmailConsumerService.cs:line 165
   at EmailWorkerService.EmailConsumerService.<ExecuteAsync>b__6_0(Object model, BasicDeliverEventArgs ea) in D:\estudy2\AI_Generated\estudy\api\EmailWorkerService\EmailConsumerService.cs:line 97
2026-01-03 00:35:37.652 +05:30 [INF] Received message: {"To":"vishal_varshney@hotmail.com","Subject":"Password reset request","Body":"Click the link to reset your password: \u003Ca href=\u0022https://localhost:5001/api/Auth/reset?token=96aeb82bec604da2a58662c6d40f4635\u0022\u003Ehttps://localhost:5001/api/Auth/reset?token=96aeb82bec604da2a58662c6d40f4635\u003C/a\u003E"}
2026-01-03 00:35:38.956 +05:30 [ERR] Failed to send email via SMTP
MailKit.Net.Smtp.SmtpProtocolException: The SMTP server has unexpectedly disconnected: Authentication failed: The provided authorization grant is invalid, expired, or revoked
   at MailKit.Net.Smtp.SmtpStream.ReadAheadAsync(CancellationToken cancellationToken)
   at MailKit.Net.Smtp.SmtpStream.ReadResponseAsync(CancellationToken cancellationToken)
   at MailKit.Net.Smtp.SmtpStream.SendCommandAsync(String command, CancellationToken cancellationToken)
   at MailKit.Net.Smtp.SmtpClient.SendCommandInternalAsync(String command, CancellationToken cancellationToken)
   at MailKit.Net.Smtp.SmtpClient.AuthenticateAsync(Encoding encoding, ICredentials credentials, CancellationToken cancellationToken)
   at EmailWorkerService.EmailConsumerService.SendEmail(EmailNotification email) in D:\estudy2\AI_Generated\estudy\api\EmailWorkerService\EmailConsumerService.cs:line 165
2026-01-03 00:35:39.035 +05:30 [ERR] Error processing message
MailKit.Net.Smtp.SmtpProtocolException: The SMTP server has unexpectedly disconnected: Authentication failed: The provided authorization grant is invalid, expired, or revoked
   at MailKit.Net.Smtp.SmtpStream.ReadAheadAsync(CancellationToken cancellationToken)
   at MailKit.Net.Smtp.SmtpStream.ReadResponseAsync(CancellationToken cancellationToken)
   at MailKit.Net.Smtp.SmtpStream.SendCommandAsync(String command, CancellationToken cancellationToken)
   at MailKit.Net.Smtp.SmtpClient.SendCommandInternalAsync(String command, CancellationToken cancellationToken)
   at MailKit.Net.Smtp.SmtpClient.AuthenticateAsync(Encoding encoding, ICredentials credentials, CancellationToken cancellationToken)
   at EmailWorkerService.EmailConsumerService.SendEmail(EmailNotification email) in D:\estudy2\AI_Generated\estudy\api\EmailWorkerService\EmailConsumerService.cs:line 165
   at EmailWorkerService.EmailConsumerService.<ExecuteAsync>b__6_0(Object model, BasicDeliverEventArgs ea) in D:\estudy2\AI_Generated\estudy\api\EmailWorkerService\EmailConsumerService.cs:line 97
2026-01-03 00:35:39.035 +05:30 [INF] Received message: {"To":"vishal_varshney@hotmail.com","Subject":"Password reset request","Body":"Click the link to reset your password: \u003Ca href=\u0022https://localhost:5001/api/Auth/reset?token=46cd811230fe41f897e99f87cdb7e439\u0022\u003Ehttps://localhost:5001/api/Auth/reset?token=46cd811230fe41f897e99f87cdb7e439\u003C/a\u003E"}
2026-01-03 00:35:40.468 +05:30 [ERR] Failed to send email via SMTP
MailKit.Net.Smtp.SmtpProtocolException: The SMTP server has unexpectedly disconnected: Authentication failed: The provided authorization grant is invalid, expired, or revoked
   at MailKit.Net.Smtp.SmtpStream.ReadAheadAsync(CancellationToken cancellationToken)
   at MailKit.Net.Smtp.SmtpStream.ReadResponseAsync(CancellationToken cancellationToken)
   at MailKit.Net.Smtp.SmtpStream.SendCommandAsync(String command, CancellationToken cancellationToken)
   at MailKit.Net.Smtp.SmtpClient.SendCommandInternalAsync(String command, CancellationToken cancellationToken)
   at MailKit.Net.Smtp.SmtpClient.AuthenticateAsync(Encoding encoding, ICredentials credentials, CancellationToken cancellationToken)
   at EmailWorkerService.EmailConsumerService.SendEmail(EmailNotification email) in D:\estudy2\AI_Generated\estudy\api\EmailWorkerService\EmailConsumerService.cs:line 165
2026-01-03 00:35:40.517 +05:30 [ERR] Error processing message
MailKit.Net.Smtp.SmtpProtocolException: The SMTP server has unexpectedly disconnected: Authentication failed: The provided authorization grant is invalid, expired, or revoked
   at MailKit.Net.Smtp.SmtpStream.ReadAheadAsync(CancellationToken cancellationToken)
   at MailKit.Net.Smtp.SmtpStream.ReadResponseAsync(CancellationToken cancellationToken)
   at MailKit.Net.Smtp.SmtpStream.SendCommandAsync(String command, CancellationToken cancellationToken)
   at MailKit.Net.Smtp.SmtpClient.SendCommandInternalAsync(String command, CancellationToken cancellationToken)
   at MailKit.Net.Smtp.SmtpClient.AuthenticateAsync(Encoding encoding, ICredentials credentials, CancellationToken cancellationToken)
   at EmailWorkerService.EmailConsumerService.SendEmail(EmailNotification email) in D:\estudy2\AI_Generated\estudy\api\EmailWorkerService\EmailConsumerService.cs:line 165
   at EmailWorkerService.EmailConsumerService.<ExecuteAsync>b__6_0(Object model, BasicDeliverEventArgs ea) in D:\estudy2\AI_Generated\estudy\api\EmailWorkerService\EmailConsumerService.cs:line 97
2026-01-03 00:35:40.517 +05:30 [INF] Received message: {"To":"vishal_varshney@hotmail.com","Subject":"Password reset request","Body":"Click the link to reset your password: \u003Ca href=\u0022https://localhost:5001/api/Auth/reset?token=ff17e79b693944598d7091ca80b9e795\u0022\u003Ehttps://localhost:5001/api/Auth/reset?token=ff17e79b693944598d7091ca80b9e795\u003C/a\u003E"}
2026-01-03 00:35:41.884 +05:30 [ERR] Failed to send email via SMTP
MailKit.Net.Smtp.SmtpProtocolException: The SMTP server has unexpectedly disconnected: Authentication failed: The provided authorization grant is invalid, expired, or revoked
   at MailKit.Net.Smtp.SmtpStream.ReadAheadAsync(CancellationToken cancellationToken)
   at MailKit.Net.Smtp.SmtpStream.ReadResponseAsync(CancellationToken cancellationToken)
   at MailKit.Net.Smtp.SmtpStream.SendCommandAsync(String command, CancellationToken cancellationToken)
   at MailKit.Net.Smtp.SmtpClient.SendCommandInternalAsync(String command, CancellationToken cancellationToken)
   at MailKit.Net.Smtp.SmtpClient.AuthenticateAsync(Encoding encoding, ICredentials credentials, CancellationToken cancellationToken)
   at EmailWorkerService.EmailConsumerService.SendEmail(EmailNotification email) in D:\estudy2\AI_Generated\estudy\api\EmailWorkerService\EmailConsumerService.cs:line 165
2026-01-03 00:35:41.938 +05:30 [ERR] Error processing message
MailKit.Net.Smtp.SmtpProtocolException: The SMTP server has unexpectedly disconnected: Authentication failed: The provided authorization grant is invalid, expired, or revoked
   at MailKit.Net.Smtp.SmtpStream.ReadAheadAsync(CancellationToken cancellationToken)
   at MailKit.Net.Smtp.SmtpStream.ReadResponseAsync(CancellationToken cancellationToken)
   at MailKit.Net.Smtp.SmtpStream.SendCommandAsync(String command, CancellationToken cancellationToken)
   at MailKit.Net.Smtp.SmtpClient.SendCommandInternalAsync(String command, CancellationToken cancellationToken)
   at MailKit.Net.Smtp.SmtpClient.AuthenticateAsync(Encoding encoding, ICredentials credentials, CancellationToken cancellationToken)
   at EmailWorkerService.EmailConsumerService.SendEmail(EmailNotification email) in D:\estudy2\AI_Generated\estudy\api\EmailWorkerService\EmailConsumerService.cs:line 165
   at EmailWorkerService.EmailConsumerService.<ExecuteAsync>b__6_0(Object model, BasicDeliverEventArgs ea) in D:\estudy2\AI_Generated\estudy\api\EmailWorkerService\EmailConsumerService.cs:line 97
2026-01-03 00:35:41.938 +05:30 [INF] Received message: {"To":"vishal_varshney@hotmail.com","Subject":"Password reset request","Body":"Click the link to reset your password: \u003Ca href=\u0022https://localhost:5001/api/Auth/reset?token=96aeb82bec604da2a58662c6d40f4635\u0022\u003Ehttps://localhost:5001/api/Auth/reset?token=96aeb82bec604da2a58662c6d40f4635\u003C/a\u003E"}
2026-01-03 00:35:43.464 +05:30 [ERR] Failed to send email via SMTP
MailKit.Net.Smtp.SmtpProtocolException: The SMTP server has unexpectedly disconnected: Authentication failed: The provided authorization grant is invalid, expired, or revoked
   at MailKit.Net.Smtp.SmtpStream.ReadAheadAsync(CancellationToken cancellationToken)
   at MailKit.Net.Smtp.SmtpStream.ReadResponseAsync(CancellationToken cancellationToken)
   at MailKit.Net.Smtp.SmtpStream.SendCommandAsync(String command, CancellationToken cancellationToken)
   at MailKit.Net.Smtp.SmtpClient.SendCommandInternalAsync(String command, CancellationToken cancellationToken)
   at MailKit.Net.Smtp.SmtpClient.AuthenticateAsync(Encoding encoding, ICredentials credentials, CancellationToken cancellationToken)
   at EmailWorkerService.EmailConsumerService.SendEmail(EmailNotification email) in D:\estudy2\AI_Generated\estudy\api\EmailWorkerService\EmailConsumerService.cs:line 165
2026-01-03 00:35:43.515 +05:30 [ERR] Error processing message
MailKit.Net.Smtp.SmtpProtocolException: The SMTP server has unexpectedly disconnected: Authentication failed: The provided authorization grant is invalid, expired, or revoked
   at MailKit.Net.Smtp.SmtpStream.ReadAheadAsync(CancellationToken cancellationToken)
   at MailKit.Net.Smtp.SmtpStream.ReadResponseAsync(CancellationToken cancellationToken)
   at MailKit.Net.Smtp.SmtpStream.SendCommandAsync(String command, CancellationToken cancellationToken)
   at MailKit.Net.Smtp.SmtpClient.SendCommandInternalAsync(String command, CancellationToken cancellationToken)
   at MailKit.Net.Smtp.SmtpClient.AuthenticateAsync(Encoding encoding, ICredentials credentials, CancellationToken cancellationToken)
   at EmailWorkerService.EmailConsumerService.SendEmail(EmailNotification email) in D:\estudy2\AI_Generated\estudy\api\EmailWorkerService\EmailConsumerService.cs:line 165
   at EmailWorkerService.EmailConsumerService.<ExecuteAsync>b__6_0(Object model, BasicDeliverEventArgs ea) in D:\estudy2\AI_Generated\estudy\api\EmailWorkerService\EmailConsumerService.cs:line 97
2026-01-03 00:35:43.516 +05:30 [INF] Received message: {"To":"vishal_varshney@hotmail.com","Subject":"Password reset request","Body":"Click the link to reset your password: \u003Ca href=\u0022https://localhost:5001/api/Auth/reset?token=46cd811230fe41f897e99f87cdb7e439\u0022\u003Ehttps://localhost:5001/api/Auth/reset?token=46cd811230fe41f897e99f87cdb7e439\u003C/a\u003E"}
2026-01-03 00:35:44.855 +05:30 [ERR] Failed to send email via SMTP
MailKit.Net.Smtp.SmtpProtocolException: The SMTP server has unexpectedly disconnected: Authentication failed: The provided authorization grant is invalid, expired, or revoked
   at MailKit.Net.Smtp.SmtpStream.ReadAheadAsync(CancellationToken cancellationToken)
   at MailKit.Net.Smtp.SmtpStream.ReadResponseAsync(CancellationToken cancellationToken)
   at MailKit.Net.Smtp.SmtpStream.SendCommandAsync(String command, CancellationToken cancellationToken)
   at MailKit.Net.Smtp.SmtpClient.SendCommandInternalAsync(String command, CancellationToken cancellationToken)
   at MailKit.Net.Smtp.SmtpClient.AuthenticateAsync(Encoding encoding, ICredentials credentials, CancellationToken cancellationToken)
   at EmailWorkerService.EmailConsumerService.SendEmail(EmailNotification email) in D:\estudy2\AI_Generated\estudy\api\EmailWorkerService\EmailConsumerService.cs:line 165
2026-01-03 00:35:44.905 +05:30 [ERR] Error processing message
MailKit.Net.Smtp.SmtpProtocolException: The SMTP server has unexpectedly disconnected: Authentication failed: The provided authorization grant is invalid, expired, or revoked
   at MailKit.Net.Smtp.SmtpStream.ReadAheadAsync(CancellationToken cancellationToken)
   at MailKit.Net.Smtp.SmtpStream.ReadResponseAsync(CancellationToken cancellationToken)
   at MailKit.Net.Smtp.SmtpStream.SendCommandAsync(String command, CancellationToken cancellationToken)
   at MailKit.Net.Smtp.SmtpClient.SendCommandInternalAsync(String command, CancellationToken cancellationToken)
   at MailKit.Net.Smtp.SmtpClient.AuthenticateAsync(Encoding encoding, ICredentials credentials, CancellationToken cancellationToken)
   at EmailWorkerService.EmailConsumerService.SendEmail(EmailNotification email) in D:\estudy2\AI_Generated\estudy\api\EmailWorkerService\EmailConsumerService.cs:line 165
   at EmailWorkerService.EmailConsumerService.<ExecuteAsync>b__6_0(Object model, BasicDeliverEventArgs ea) in D:\estudy2\AI_Generated\estudy\api\EmailWorkerService\EmailConsumerService.cs:line 97
2026-01-03 00:35:44.906 +05:30 [INF] Received message: {"To":"vishal_varshney@hotmail.com","Subject":"Password reset request","Body":"Click the link to reset your password: \u003Ca href=\u0022https://localhost:5001/api/Auth/reset?token=ff17e79b693944598d7091ca80b9e795\u0022\u003Ehttps://localhost:5001/api/Auth/reset?token=ff17e79b693944598d7091ca80b9e795\u003C/a\u003E"}
2026-01-03 00:35:46.226 +05:30 [ERR] Failed to send email via SMTP
MailKit.Net.Smtp.SmtpProtocolException: The SMTP server has unexpectedly disconnected: Authentication failed: The provided authorization grant is invalid, expired, or revoked
   at MailKit.Net.Smtp.SmtpStream.ReadAheadAsync(CancellationToken cancellationToken)
   at MailKit.Net.Smtp.SmtpStream.ReadResponseAsync(CancellationToken cancellationToken)
   at MailKit.Net.Smtp.SmtpStream.SendCommandAsync(String command, CancellationToken cancellationToken)
   at MailKit.Net.Smtp.SmtpClient.SendCommandInternalAsync(String command, CancellationToken cancellationToken)
   at MailKit.Net.Smtp.SmtpClient.AuthenticateAsync(Encoding encoding, ICredentials credentials, CancellationToken cancellationToken)
   at EmailWorkerService.EmailConsumerService.SendEmail(EmailNotification email) in D:\estudy2\AI_Generated\estudy\api\EmailWorkerService\EmailConsumerService.cs:line 165
2026-01-03 00:35:46.274 +05:30 [ERR] Error processing message
MailKit.Net.Smtp.SmtpProtocolException: The SMTP server has unexpectedly disconnected: Authentication failed: The provided authorization grant is invalid, expired, or revoked
   at MailKit.Net.Smtp.SmtpStream.ReadAheadAsync(CancellationToken cancellationToken)
   at MailKit.Net.Smtp.SmtpStream.ReadResponseAsync(CancellationToken cancellationToken)
   at MailKit.Net.Smtp.SmtpStream.SendCommandAsync(String command, CancellationToken cancellationToken)
   at MailKit.Net.Smtp.SmtpClient.SendCommandInternalAsync(String command, CancellationToken cancellationToken)
   at MailKit.Net.Smtp.SmtpClient.AuthenticateAsync(Encoding encoding, ICredentials credentials, CancellationToken cancellationToken)
   at EmailWorkerService.EmailConsumerService.SendEmail(EmailNotification email) in D:\estudy2\AI_Generated\estudy\api\EmailWorkerService\EmailConsumerService.cs:line 165
   at EmailWorkerService.EmailConsumerService.<ExecuteAsync>b__6_0(Object model, BasicDeliverEventArgs ea) in D:\estudy2\AI_Generated\estudy\api\EmailWorkerService\EmailConsumerService.cs:line 97
2026-01-03 00:35:46.274 +05:30 [INF] Received message: {"To":"vishal_varshney@hotmail.com","Subject":"Password reset request","Body":"Click the link to reset your password: \u003Ca href=\u0022https://localhost:5001/api/Auth/reset?token=96aeb82bec604da2a58662c6d40f4635\u0022\u003Ehttps://localhost:5001/api/Auth/reset?token=96aeb82bec604da2a58662c6d40f4635\u003C/a\u003E"}
2026-01-03 00:35:47.747 +05:30 [ERR] Failed to send email via SMTP
MailKit.Net.Smtp.SmtpProtocolException: The SMTP server has unexpectedly disconnected: Authentication failed: The provided authorization grant is invalid, expired, or revoked
   at MailKit.Net.Smtp.SmtpStream.ReadAheadAsync(CancellationToken cancellationToken)
   at MailKit.Net.Smtp.SmtpStream.ReadResponseAsync(CancellationToken cancellationToken)
   at MailKit.Net.Smtp.SmtpStream.SendCommandAsync(String command, CancellationToken cancellationToken)
   at MailKit.Net.Smtp.SmtpClient.SendCommandInternalAsync(String command, CancellationToken cancellationToken)
   at MailKit.Net.Smtp.SmtpClient.AuthenticateAsync(Encoding encoding, ICredentials credentials, CancellationToken cancellationToken)
   at EmailWorkerService.EmailConsumerService.SendEmail(EmailNotification email) in D:\estudy2\AI_Generated\estudy\api\EmailWorkerService\EmailConsumerService.cs:line 165
2026-01-03 00:35:47.814 +05:30 [ERR] Error processing message
MailKit.Net.Smtp.SmtpProtocolException: The SMTP server has unexpectedly disconnected: Authentication failed: The provided authorization grant is invalid, expired, or revoked
   at MailKit.Net.Smtp.SmtpStream.ReadAheadAsync(CancellationToken cancellationToken)
   at MailKit.Net.Smtp.SmtpStream.ReadResponseAsync(CancellationToken cancellationToken)
   at MailKit.Net.Smtp.SmtpStream.SendCommandAsync(String command, CancellationToken cancellationToken)
   at MailKit.Net.Smtp.SmtpClient.SendCommandInternalAsync(String command, CancellationToken cancellationToken)
   at MailKit.Net.Smtp.SmtpClient.AuthenticateAsync(Encoding encoding, ICredentials credentials, CancellationToken cancellationToken)
   at EmailWorkerService.EmailConsumerService.SendEmail(EmailNotification email) in D:\estudy2\AI_Generated\estudy\api\EmailWorkerService\EmailConsumerService.cs:line 165
   at EmailWorkerService.EmailConsumerService.<ExecuteAsync>b__6_0(Object model, BasicDeliverEventArgs ea) in D:\estudy2\AI_Generated\estudy\api\EmailWorkerService\EmailConsumerService.cs:line 97
2026-01-03 00:35:47.814 +05:30 [INF] Received message: {"To":"vishal_varshney@hotmail.com","Subject":"Password reset request","Body":"Click the link to reset your password: \u003Ca href=\u0022https://localhost:5001/api/Auth/reset?token=46cd811230fe41f897e99f87cdb7e439\u0022\u003Ehttps://localhost:5001/api/Auth/reset?token=46cd811230fe41f897e99f87cdb7e439\u003C/a\u003E"}
2026-01-03 00:35:49.396 +05:30 [ERR] Failed to send email via SMTP
MailKit.Net.Smtp.SmtpProtocolException: The SMTP server has unexpectedly disconnected: Authentication failed: The provided authorization grant is invalid, expired, or revoked
   at MailKit.Net.Smtp.SmtpStream.ReadAheadAsync(CancellationToken cancellationToken)
   at MailKit.Net.Smtp.SmtpStream.ReadResponseAsync(CancellationToken cancellationToken)
   at MailKit.Net.Smtp.SmtpStream.SendCommandAsync(String command, CancellationToken cancellationToken)
   at MailKit.Net.Smtp.SmtpClient.SendCommandInternalAsync(String command, CancellationToken cancellationToken)
   at MailKit.Net.Smtp.SmtpClient.AuthenticateAsync(Encoding encoding, ICredentials credentials, CancellationToken cancellationToken)
   at EmailWorkerService.EmailConsumerService.SendEmail(EmailNotification email) in D:\estudy2\AI_Generated\estudy\api\EmailWorkerService\EmailConsumerService.cs:line 165
2026-01-03 00:35:49.472 +05:30 [ERR] Error processing message
MailKit.Net.Smtp.SmtpProtocolException: The SMTP server has unexpectedly disconnected: Authentication failed: The provided authorization grant is invalid, expired, or revoked
   at MailKit.Net.Smtp.SmtpStream.ReadAheadAsync(CancellationToken cancellationToken)
   at MailKit.Net.Smtp.SmtpStream.ReadResponseAsync(CancellationToken cancellationToken)
   at MailKit.Net.Smtp.SmtpStream.SendCommandAsync(String command, CancellationToken cancellationToken)
   at MailKit.Net.Smtp.SmtpClient.SendCommandInternalAsync(String command, CancellationToken cancellationToken)
   at MailKit.Net.Smtp.SmtpClient.AuthenticateAsync(Encoding encoding, ICredentials credentials, CancellationToken cancellationToken)
   at EmailWorkerService.EmailConsumerService.SendEmail(EmailNotification email) in D:\estudy2\AI_Generated\estudy\api\EmailWorkerService\EmailConsumerService.cs:line 165
   at EmailWorkerService.EmailConsumerService.<ExecuteAsync>b__6_0(Object model, BasicDeliverEventArgs ea) in D:\estudy2\AI_Generated\estudy\api\EmailWorkerService\EmailConsumerService.cs:line 97
2026-01-03 00:35:49.473 +05:30 [INF] Received message: {"To":"vishal_varshney@hotmail.com","Subject":"Password reset request","Body":"Click the link to reset your password: \u003Ca href=\u0022https://localhost:5001/api/Auth/reset?token=ff17e79b693944598d7091ca80b9e795\u0022\u003Ehttps://localhost:5001/api/Auth/reset?token=ff17e79b693944598d7091ca80b9e795\u003C/a\u003E"}
2026-01-03 00:35:50.875 +05:30 [ERR] Failed to send email via SMTP
MailKit.Net.Smtp.SmtpProtocolException: The SMTP server has unexpectedly disconnected: Authentication failed: The provided authorization grant is invalid, expired, or revoked
   at MailKit.Net.Smtp.SmtpStream.ReadAheadAsync(CancellationToken cancellationToken)
   at MailKit.Net.Smtp.SmtpStream.ReadResponseAsync(CancellationToken cancellationToken)
   at MailKit.Net.Smtp.SmtpStream.SendCommandAsync(String command, CancellationToken cancellationToken)
   at MailKit.Net.Smtp.SmtpClient.SendCommandInternalAsync(String command, CancellationToken cancellationToken)
   at MailKit.Net.Smtp.SmtpClient.AuthenticateAsync(Encoding encoding, ICredentials credentials, CancellationToken cancellationToken)
   at EmailWorkerService.EmailConsumerService.SendEmail(EmailNotification email) in D:\estudy2\AI_Generated\estudy\api\EmailWorkerService\EmailConsumerService.cs:line 165
2026-01-03 00:35:50.942 +05:30 [ERR] Error processing message
MailKit.Net.Smtp.SmtpProtocolException: The SMTP server has unexpectedly disconnected: Authentication failed: The provided authorization grant is invalid, expired, or revoked
   at MailKit.Net.Smtp.SmtpStream.ReadAheadAsync(CancellationToken cancellationToken)
   at MailKit.Net.Smtp.SmtpStream.ReadResponseAsync(CancellationToken cancellationToken)
   at MailKit.Net.Smtp.SmtpStream.SendCommandAsync(String command, CancellationToken cancellationToken)
   at MailKit.Net.Smtp.SmtpClient.SendCommandInternalAsync(String command, CancellationToken cancellationToken)
   at MailKit.Net.Smtp.SmtpClient.AuthenticateAsync(Encoding encoding, ICredentials credentials, CancellationToken cancellationToken)
   at EmailWorkerService.EmailConsumerService.SendEmail(EmailNotification email) in D:\estudy2\AI_Generated\estudy\api\EmailWorkerService\EmailConsumerService.cs:line 165
   at EmailWorkerService.EmailConsumerService.<ExecuteAsync>b__6_0(Object model, BasicDeliverEventArgs ea) in D:\estudy2\AI_Generated\estudy\api\EmailWorkerService\EmailConsumerService.cs:line 97
2026-01-03 00:35:50.942 +05:30 [INF] Received message: {"To":"vishal_varshney@hotmail.com","Subject":"Password reset request","Body":"Click the link to reset your password: \u003Ca href=\u0022https://localhost:5001/api/Auth/reset?token=96aeb82bec604da2a58662c6d40f4635\u0022\u003Ehttps://localhost:5001/api/Auth/reset?token=96aeb82bec604da2a58662c6d40f4635\u003C/a\u003E"}
2026-01-03 00:35:52.265 +05:30 [ERR] Failed to send email via SMTP
MailKit.Net.Smtp.SmtpProtocolException: The SMTP server has unexpectedly disconnected: Authentication failed: The provided authorization grant is invalid, expired, or revoked
   at MailKit.Net.Smtp.SmtpStream.ReadAheadAsync(CancellationToken cancellationToken)
   at MailKit.Net.Smtp.SmtpStream.ReadResponseAsync(CancellationToken cancellationToken)
   at MailKit.Net.Smtp.SmtpStream.SendCommandAsync(String command, CancellationToken cancellationToken)
   at MailKit.Net.Smtp.SmtpClient.SendCommandInternalAsync(String command, CancellationToken cancellationToken)
   at MailKit.Net.Smtp.SmtpClient.AuthenticateAsync(Encoding encoding, ICredentials credentials, CancellationToken cancellationToken)
   at EmailWorkerService.EmailConsumerService.SendEmail(EmailNotification email) in D:\estudy2\AI_Generated\estudy\api\EmailWorkerService\EmailConsumerService.cs:line 165
2026-01-03 00:35:52.316 +05:30 [ERR] Error processing message
MailKit.Net.Smtp.SmtpProtocolException: The SMTP server has unexpectedly disconnected: Authentication failed: The provided authorization grant is invalid, expired, or revoked
   at MailKit.Net.Smtp.SmtpStream.ReadAheadAsync(CancellationToken cancellationToken)
   at MailKit.Net.Smtp.SmtpStream.ReadResponseAsync(CancellationToken cancellationToken)
   at MailKit.Net.Smtp.SmtpStream.SendCommandAsync(String command, CancellationToken cancellationToken)
   at MailKit.Net.Smtp.SmtpClient.SendCommandInternalAsync(String command, CancellationToken cancellationToken)
   at MailKit.Net.Smtp.SmtpClient.AuthenticateAsync(Encoding encoding, ICredentials credentials, CancellationToken cancellationToken)
   at EmailWorkerService.EmailConsumerService.SendEmail(EmailNotification email) in D:\estudy2\AI_Generated\estudy\api\EmailWorkerService\EmailConsumerService.cs:line 165
   at EmailWorkerService.EmailConsumerService.<ExecuteAsync>b__6_0(Object model, BasicDeliverEventArgs ea) in D:\estudy2\AI_Generated\estudy\api\EmailWorkerService\EmailConsumerService.cs:line 97
2026-01-03 00:35:52.316 +05:30 [INF] Received message: {"To":"vishal_varshney@hotmail.com","Subject":"Password reset request","Body":"Click the link to reset your password: \u003Ca href=\u0022https://localhost:5001/api/Auth/reset?token=46cd811230fe41f897e99f87cdb7e439\u0022\u003Ehttps://localhost:5001/api/Auth/reset?token=46cd811230fe41f897e99f87cdb7e439\u003C/a\u003E"}
2026-01-03 00:35:53.617 +05:30 [ERR] Failed to send email via SMTP
MailKit.Net.Smtp.SmtpProtocolException: The SMTP server has unexpectedly disconnected: Authentication failed: The provided authorization grant is invalid, expired, or revoked
   at MailKit.Net.Smtp.SmtpStream.ReadAheadAsync(CancellationToken cancellationToken)
   at MailKit.Net.Smtp.SmtpStream.ReadResponseAsync(CancellationToken cancellationToken)
   at MailKit.Net.Smtp.SmtpStream.SendCommandAsync(String command, CancellationToken cancellationToken)
   at MailKit.Net.Smtp.SmtpClient.SendCommandInternalAsync(String command, CancellationToken cancellationToken)
   at MailKit.Net.Smtp.SmtpClient.AuthenticateAsync(Encoding encoding, ICredentials credentials, CancellationToken cancellationToken)
   at EmailWorkerService.EmailConsumerService.SendEmail(EmailNotification email) in D:\estudy2\AI_Generated\estudy\api\EmailWorkerService\EmailConsumerService.cs:line 165
2026-01-03 00:35:53.671 +05:30 [ERR] Error processing message
MailKit.Net.Smtp.SmtpProtocolException: The SMTP server has unexpectedly disconnected: Authentication failed: The provided authorization grant is invalid, expired, or revoked
   at MailKit.Net.Smtp.SmtpStream.ReadAheadAsync(CancellationToken cancellationToken)
   at MailKit.Net.Smtp.SmtpStream.ReadResponseAsync(CancellationToken cancellationToken)
   at MailKit.Net.Smtp.SmtpStream.SendCommandAsync(String command, CancellationToken cancellationToken)
   at MailKit.Net.Smtp.SmtpClient.SendCommandInternalAsync(String command, CancellationToken cancellationToken)
   at MailKit.Net.Smtp.SmtpClient.AuthenticateAsync(Encoding encoding, ICredentials credentials, CancellationToken cancellationToken)
   at EmailWorkerService.EmailConsumerService.SendEmail(EmailNotification email) in D:\estudy2\AI_Generated\estudy\api\EmailWorkerService\EmailConsumerService.cs:line 165
   at EmailWorkerService.EmailConsumerService.<ExecuteAsync>b__6_0(Object model, BasicDeliverEventArgs ea) in D:\estudy2\AI_Generated\estudy\api\EmailWorkerService\EmailConsumerService.cs:line 97
2026-01-03 00:35:53.671 +05:30 [INF] Received message: {"To":"vishal_varshney@hotmail.com","Subject":"Password reset request","Body":"Click the link to reset your password: \u003Ca href=\u0022https://localhost:5001/api/Auth/reset?token=ff17e79b693944598d7091ca80b9e795\u0022\u003Ehttps://localhost:5001/api/Auth/reset?token=ff17e79b693944598d7091ca80b9e795\u003C/a\u003E"}
2026-01-03 00:35:55.056 +05:30 [ERR] Failed to send email via SMTP
MailKit.Net.Smtp.SmtpProtocolException: The SMTP server has unexpectedly disconnected: Authentication failed: The provided authorization grant is invalid, expired, or revoked
   at MailKit.Net.Smtp.SmtpStream.ReadAheadAsync(CancellationToken cancellationToken)
   at MailKit.Net.Smtp.SmtpStream.ReadResponseAsync(CancellationToken cancellationToken)
   at MailKit.Net.Smtp.SmtpStream.SendCommandAsync(String command, CancellationToken cancellationToken)
   at MailKit.Net.Smtp.SmtpClient.SendCommandInternalAsync(String command, CancellationToken cancellationToken)
   at MailKit.Net.Smtp.SmtpClient.AuthenticateAsync(Encoding encoding, ICredentials credentials, CancellationToken cancellationToken)
   at EmailWorkerService.EmailConsumerService.SendEmail(EmailNotification email) in D:\estudy2\AI_Generated\estudy\api\EmailWorkerService\EmailConsumerService.cs:line 165
2026-01-03 00:35:55.106 +05:30 [ERR] Error processing message
MailKit.Net.Smtp.SmtpProtocolException: The SMTP server has unexpectedly disconnected: Authentication failed: The provided authorization grant is invalid, expired, or revoked
   at MailKit.Net.Smtp.SmtpStream.ReadAheadAsync(CancellationToken cancellationToken)
   at MailKit.Net.Smtp.SmtpStream.ReadResponseAsync(CancellationToken cancellationToken)
   at MailKit.Net.Smtp.SmtpStream.SendCommandAsync(String command, CancellationToken cancellationToken)
   at MailKit.Net.Smtp.SmtpClient.SendCommandInternalAsync(String command, CancellationToken cancellationToken)
   at MailKit.Net.Smtp.SmtpClient.AuthenticateAsync(Encoding encoding, ICredentials credentials, CancellationToken cancellationToken)
   at EmailWorkerService.EmailConsumerService.SendEmail(EmailNotification email) in D:\estudy2\AI_Generated\estudy\api\EmailWorkerService\EmailConsumerService.cs:line 165
   at EmailWorkerService.EmailConsumerService.<ExecuteAsync>b__6_0(Object model, BasicDeliverEventArgs ea) in D:\estudy2\AI_Generated\estudy\api\EmailWorkerService\EmailConsumerService.cs:line 97
2026-01-03 00:35:55.107 +05:30 [INF] Received message: {"To":"vishal_varshney@hotmail.com","Subject":"Password reset request","Body":"Click the link to reset your password: \u003Ca href=\u0022https://localhost:5001/api/Auth/reset?token=96aeb82bec604da2a58662c6d40f4635\u0022\u003Ehttps://localhost:5001/api/Auth/reset?token=96aeb82bec604da2a58662c6d40f4635\u003C/a\u003E"}
2026-01-03 00:35:56.450 +05:30 [ERR] Failed to send email via SMTP
MailKit.Net.Smtp.SmtpProtocolException: The SMTP server has unexpectedly disconnected: Authentication failed: The provided authorization grant is invalid, expired, or revoked
   at MailKit.Net.Smtp.SmtpStream.ReadAheadAsync(CancellationToken cancellationToken)
   at MailKit.Net.Smtp.SmtpStream.ReadResponseAsync(CancellationToken cancellationToken)
   at MailKit.Net.Smtp.SmtpStream.SendCommandAsync(String command, CancellationToken cancellationToken)
   at MailKit.Net.Smtp.SmtpClient.SendCommandInternalAsync(String command, CancellationToken cancellationToken)
   at MailKit.Net.Smtp.SmtpClient.AuthenticateAsync(Encoding encoding, ICredentials credentials, CancellationToken cancellationToken)
   at EmailWorkerService.EmailConsumerService.SendEmail(EmailNotification email) in D:\estudy2\AI_Generated\estudy\api\EmailWorkerService\EmailConsumerService.cs:line 165
2026-01-03 00:35:56.519 +05:30 [ERR] Error processing message
MailKit.Net.Smtp.SmtpProtocolException: The SMTP server has unexpectedly disconnected: Authentication failed: The provided authorization grant is invalid, expired, or revoked
   at MailKit.Net.Smtp.SmtpStream.ReadAheadAsync(CancellationToken cancellationToken)
   at MailKit.Net.Smtp.SmtpStream.ReadResponseAsync(CancellationToken cancellationToken)
   at MailKit.Net.Smtp.SmtpStream.SendCommandAsync(String command, CancellationToken cancellationToken)
   at MailKit.Net.Smtp.SmtpClient.SendCommandInternalAsync(String command, CancellationToken cancellationToken)
   at MailKit.Net.Smtp.SmtpClient.AuthenticateAsync(Encoding encoding, ICredentials credentials, CancellationToken cancellationToken)
   at EmailWorkerService.EmailConsumerService.SendEmail(EmailNotification email) in D:\estudy2\AI_Generated\estudy\api\EmailWorkerService\EmailConsumerService.cs:line 165
   at EmailWorkerService.EmailConsumerService.<ExecuteAsync>b__6_0(Object model, BasicDeliverEventArgs ea) in D:\estudy2\AI_Generated\estudy\api\EmailWorkerService\EmailConsumerService.cs:line 97
2026-01-03 00:35:56.520 +05:30 [INF] Received message: {"To":"vishal_varshney@hotmail.com","Subject":"Password reset request","Body":"Click the link to reset your password: \u003Ca href=\u0022https://localhost:5001/api/Auth/reset?token=46cd811230fe41f897e99f87cdb7e439\u0022\u003Ehttps://localhost:5001/api/Auth/reset?token=46cd811230fe41f897e99f87cdb7e439\u003C/a\u003E"}
2026-01-03 00:35:57.938 +05:30 [ERR] Failed to send email via SMTP
MailKit.Net.Smtp.SmtpProtocolException: The SMTP server has unexpectedly disconnected: Authentication failed: The provided authorization grant is invalid, expired, or revoked
   at MailKit.Net.Smtp.SmtpStream.ReadAheadAsync(CancellationToken cancellationToken)
   at MailKit.Net.Smtp.SmtpStream.ReadResponseAsync(CancellationToken cancellationToken)
   at MailKit.Net.Smtp.SmtpStream.SendCommandAsync(String command, CancellationToken cancellationToken)
   at MailKit.Net.Smtp.SmtpClient.SendCommandInternalAsync(String command, CancellationToken cancellationToken)
   at MailKit.Net.Smtp.SmtpClient.AuthenticateAsync(Encoding encoding, ICredentials credentials, CancellationToken cancellationToken)
   at EmailWorkerService.EmailConsumerService.SendEmail(EmailNotification email) in D:\estudy2\AI_Generated\estudy\api\EmailWorkerService\EmailConsumerService.cs:line 165
2026-01-03 00:35:57.992 +05:30 [ERR] Error processing message
MailKit.Net.Smtp.SmtpProtocolException: The SMTP server has unexpectedly disconnected: Authentication failed: The provided authorization grant is invalid, expired, or revoked
   at MailKit.Net.Smtp.SmtpStream.ReadAheadAsync(CancellationToken cancellationToken)
   at MailKit.Net.Smtp.SmtpStream.ReadResponseAsync(CancellationToken cancellationToken)
   at MailKit.Net.Smtp.SmtpStream.SendCommandAsync(String command, CancellationToken cancellationToken)
   at MailKit.Net.Smtp.SmtpClient.SendCommandInternalAsync(String command, CancellationToken cancellationToken)
   at MailKit.Net.Smtp.SmtpClient.AuthenticateAsync(Encoding encoding, ICredentials credentials, CancellationToken cancellationToken)
   at EmailWorkerService.EmailConsumerService.SendEmail(EmailNotification email) in D:\estudy2\AI_Generated\estudy\api\EmailWorkerService\EmailConsumerService.cs:line 165
   at EmailWorkerService.EmailConsumerService.<ExecuteAsync>b__6_0(Object model, BasicDeliverEventArgs ea) in D:\estudy2\AI_Generated\estudy\api\EmailWorkerService\EmailConsumerService.cs:line 97
2026-01-03 00:35:57.992 +05:30 [INF] Received message: {"To":"vishal_varshney@hotmail.com","Subject":"Password reset request","Body":"Click the link to reset your password: \u003Ca href=\u0022https://localhost:5001/api/Auth/reset?token=ff17e79b693944598d7091ca80b9e795\u0022\u003Ehttps://localhost:5001/api/Auth/reset?token=ff17e79b693944598d7091ca80b9e795\u003C/a\u003E"}
2026-01-03 00:35:59.360 +05:30 [ERR] Failed to send email via SMTP
MailKit.Net.Smtp.SmtpProtocolException: The SMTP server has unexpectedly disconnected: Authentication failed: The provided authorization grant is invalid, expired, or revoked
   at MailKit.Net.Smtp.SmtpStream.ReadAheadAsync(CancellationToken cancellationToken)
   at MailKit.Net.Smtp.SmtpStream.ReadResponseAsync(CancellationToken cancellationToken)
   at MailKit.Net.Smtp.SmtpStream.SendCommandAsync(String command, CancellationToken cancellationToken)
   at MailKit.Net.Smtp.SmtpClient.SendCommandInternalAsync(String command, CancellationToken cancellationToken)
   at MailKit.Net.Smtp.SmtpClient.AuthenticateAsync(Encoding encoding, ICredentials credentials, CancellationToken cancellationToken)
   at EmailWorkerService.EmailConsumerService.SendEmail(EmailNotification email) in D:\estudy2\AI_Generated\estudy\api\EmailWorkerService\EmailConsumerService.cs:line 165
2026-01-03 00:35:59.437 +05:30 [ERR] Error processing message
MailKit.Net.Smtp.SmtpProtocolException: The SMTP server has unexpectedly disconnected: Authentication failed: The provided authorization grant is invalid, expired, or revoked
   at MailKit.Net.Smtp.SmtpStream.ReadAheadAsync(CancellationToken cancellationToken)
   at MailKit.Net.Smtp.SmtpStream.ReadResponseAsync(CancellationToken cancellationToken)
   at MailKit.Net.Smtp.SmtpStream.SendCommandAsync(String command, CancellationToken cancellationToken)
   at MailKit.Net.Smtp.SmtpClient.SendCommandInternalAsync(String command, CancellationToken cancellationToken)
   at MailKit.Net.Smtp.SmtpClient.AuthenticateAsync(Encoding encoding, ICredentials credentials, CancellationToken cancellationToken)
   at EmailWorkerService.EmailConsumerService.SendEmail(EmailNotification email) in D:\estudy2\AI_Generated\estudy\api\EmailWorkerService\EmailConsumerService.cs:line 165
   at EmailWorkerService.EmailConsumerService.<ExecuteAsync>b__6_0(Object model, BasicDeliverEventArgs ea) in D:\estudy2\AI_Generated\estudy\api\EmailWorkerService\EmailConsumerService.cs:line 97
2026-01-03 00:35:59.437 +05:30 [INF] Received message: {"To":"vishal_varshney@hotmail.com","Subject":"Password reset request","Body":"Click the link to reset your password: \u003Ca href=\u0022https://localhost:5001/api/Auth/reset?token=96aeb82bec604da2a58662c6d40f4635\u0022\u003Ehttps://localhost:5001/api/Auth/reset?token=96aeb82bec604da2a58662c6d40f4635\u003C/a\u003E"}
2026-01-03 00:36:01.001 +05:30 [ERR] Failed to send email via SMTP
MailKit.Net.Smtp.SmtpProtocolException: The SMTP server has unexpectedly disconnected: Authentication failed: The provided authorization grant is invalid, expired, or revoked
   at MailKit.Net.Smtp.SmtpStream.ReadAheadAsync(CancellationToken cancellationToken)
   at MailKit.Net.Smtp.SmtpStream.ReadResponseAsync(CancellationToken cancellationToken)
   at MailKit.Net.Smtp.SmtpStream.SendCommandAsync(String command, CancellationToken cancellationToken)
   at MailKit.Net.Smtp.SmtpClient.SendCommandInternalAsync(String command, CancellationToken cancellationToken)
   at MailKit.Net.Smtp.SmtpClient.AuthenticateAsync(Encoding encoding, ICredentials credentials, CancellationToken cancellationToken)
   at EmailWorkerService.EmailConsumerService.SendEmail(EmailNotification email) in D:\estudy2\AI_Generated\estudy\api\EmailWorkerService\EmailConsumerService.cs:line 165
2026-01-03 00:36:01.052 +05:30 [ERR] Error processing message
MailKit.Net.Smtp.SmtpProtocolException: The SMTP server has unexpectedly disconnected: Authentication failed: The provided authorization grant is invalid, expired, or revoked
   at MailKit.Net.Smtp.SmtpStream.ReadAheadAsync(CancellationToken cancellationToken)
   at MailKit.Net.Smtp.SmtpStream.ReadResponseAsync(CancellationToken cancellationToken)
   at MailKit.Net.Smtp.SmtpStream.SendCommandAsync(String command, CancellationToken cancellationToken)
   at MailKit.Net.Smtp.SmtpClient.SendCommandInternalAsync(String command, CancellationToken cancellationToken)
   at MailKit.Net.Smtp.SmtpClient.AuthenticateAsync(Encoding encoding, ICredentials credentials, CancellationToken cancellationToken)
   at EmailWorkerService.EmailConsumerService.SendEmail(EmailNotification email) in D:\estudy2\AI_Generated\estudy\api\EmailWorkerService\EmailConsumerService.cs:line 165
   at EmailWorkerService.EmailConsumerService.<ExecuteAsync>b__6_0(Object model, BasicDeliverEventArgs ea) in D:\estudy2\AI_Generated\estudy\api\EmailWorkerService\EmailConsumerService.cs:line 97
2026-01-03 00:36:01.053 +05:30 [INF] Received message: {"To":"vishal_varshney@hotmail.com","Subject":"Password reset request","Body":"Click the link to reset your password: \u003Ca href=\u0022https://localhost:5001/api/Auth/reset?token=46cd811230fe41f897e99f87cdb7e439\u0022\u003Ehttps://localhost:5001/api/Auth/reset?token=46cd811230fe41f897e99f87cdb7e439\u003C/a\u003E"}
2026-01-03 00:36:02.385 +05:30 [ERR] Failed to send email via SMTP
MailKit.Net.Smtp.SmtpProtocolException: The SMTP server has unexpectedly disconnected: Authentication failed: The provided authorization grant is invalid, expired, or revoked
   at MailKit.Net.Smtp.SmtpStream.ReadAheadAsync(CancellationToken cancellationToken)
   at MailKit.Net.Smtp.SmtpStream.ReadResponseAsync(CancellationToken cancellationToken)
   at MailKit.Net.Smtp.SmtpStream.SendCommandAsync(String command, CancellationToken cancellationToken)
   at MailKit.Net.Smtp.SmtpClient.SendCommandInternalAsync(String command, CancellationToken cancellationToken)
   at MailKit.Net.Smtp.SmtpClient.AuthenticateAsync(Encoding encoding, ICredentials credentials, CancellationToken cancellationToken)
   at EmailWorkerService.EmailConsumerService.SendEmail(EmailNotification email) in D:\estudy2\AI_Generated\estudy\api\EmailWorkerService\EmailConsumerService.cs:line 165
2026-01-03 00:36:02.436 +05:30 [ERR] Error processing message
MailKit.Net.Smtp.SmtpProtocolException: The SMTP server has unexpectedly disconnected: Authentication failed: The provided authorization grant is invalid, expired, or revoked
   at MailKit.Net.Smtp.SmtpStream.ReadAheadAsync(CancellationToken cancellationToken)
   at MailKit.Net.Smtp.SmtpStream.ReadResponseAsync(CancellationToken cancellationToken)
   at MailKit.Net.Smtp.SmtpStream.SendCommandAsync(String command, CancellationToken cancellationToken)
   at MailKit.Net.Smtp.SmtpClient.SendCommandInternalAsync(String command, CancellationToken cancellationToken)
   at MailKit.Net.Smtp.SmtpClient.AuthenticateAsync(Encoding encoding, ICredentials credentials, CancellationToken cancellationToken)
   at EmailWorkerService.EmailConsumerService.SendEmail(EmailNotification email) in D:\estudy2\AI_Generated\estudy\api\EmailWorkerService\EmailConsumerService.cs:line 165
   at EmailWorkerService.EmailConsumerService.<ExecuteAsync>b__6_0(Object model, BasicDeliverEventArgs ea) in D:\estudy2\AI_Generated\estudy\api\EmailWorkerService\EmailConsumerService.cs:line 97
2026-01-03 00:36:02.436 +05:30 [INF] Received message: {"To":"vishal_varshney@hotmail.com","Subject":"Password reset request","Body":"Click the link to reset your password: \u003Ca href=\u0022https://localhost:5001/api/Auth/reset?token=ff17e79b693944598d7091ca80b9e795\u0022\u003Ehttps://localhost:5001/api/Auth/reset?token=ff17e79b693944598d7091ca80b9e795\u003C/a\u003E"}
2026-01-03 00:36:11.246 +05:30 [ERR] Failed to send email via SMTP
MailKit.Net.Smtp.SmtpProtocolException: The SMTP server has unexpectedly disconnected: Authentication failed: The provided authorization grant is invalid, expired, or revoked
   at MailKit.Net.Smtp.SmtpStream.ReadAheadAsync(CancellationToken cancellationToken)
   at MailKit.Net.Smtp.SmtpStream.ReadResponseAsync(CancellationToken cancellationToken)
   at MailKit.Net.Smtp.SmtpStream.SendCommandAsync(String command, CancellationToken cancellationToken)
   at MailKit.Net.Smtp.SmtpClient.SendCommandInternalAsync(String command, CancellationToken cancellationToken)
   at MailKit.Net.Smtp.SmtpClient.AuthenticateAsync(Encoding encoding, ICredentials credentials, CancellationToken cancellationToken)
   at EmailWorkerService.EmailConsumerService.SendEmail(EmailNotification email) in D:\estudy2\AI_Generated\estudy\api\EmailWorkerService\EmailConsumerService.cs:line 165
2026-01-03 00:36:12.531 +05:30 [ERR] Error processing message
MailKit.Net.Smtp.SmtpProtocolException: The SMTP server has unexpectedly disconnected: Authentication failed: The provided authorization grant is invalid, expired, or revoked
   at MailKit.Net.Smtp.SmtpStream.ReadAheadAsync(CancellationToken cancellationToken)
   at MailKit.Net.Smtp.SmtpStream.ReadResponseAsync(CancellationToken cancellationToken)
   at MailKit.Net.Smtp.SmtpStream.SendCommandAsync(String command, CancellationToken cancellationToken)
   at MailKit.Net.Smtp.SmtpClient.SendCommandInternalAsync(String command, CancellationToken cancellationToken)
   at MailKit.Net.Smtp.SmtpClient.AuthenticateAsync(Encoding encoding, ICredentials credentials, CancellationToken cancellationToken)
   at EmailWorkerService.EmailConsumerService.SendEmail(EmailNotification email) in D:\estudy2\AI_Generated\estudy\api\EmailWorkerService\EmailConsumerService.cs:line 165
   at EmailWorkerService.EmailConsumerService.<ExecuteAsync>b__6_0(Object model, BasicDeliverEventArgs ea) in D:\estudy2\AI_Generated\estudy\api\EmailWorkerService\EmailConsumerService.cs:line 97
2026-01-03 00:36:12.531 +05:30 [INF] Received message: {"To":"vishal_varshney@hotmail.com","Subject":"Password reset request","Body":"Click the link to reset your password: \u003Ca href=\u0022https://localhost:5001/api/Auth/reset?token=96aeb82bec604da2a58662c6d40f4635\u0022\u003Ehttps://localhost:5001/api/Auth/reset?token=96aeb82bec604da2a58662c6d40f4635\u003C/a\u003E"}
2026-01-03 00:36:19.550 +05:30 [ERR] Failed to send email via SMTP
MailKit.Net.Smtp.SmtpProtocolException: The SMTP server has unexpectedly disconnected: Authentication failed: The provided authorization grant is invalid, expired, or revoked
   at MailKit.Net.Smtp.SmtpStream.ReadAheadAsync(CancellationToken cancellationToken)
   at MailKit.Net.Smtp.SmtpStream.ReadResponseAsync(CancellationToken cancellationToken)
   at MailKit.Net.Smtp.SmtpStream.SendCommandAsync(String command, CancellationToken cancellationToken)
   at MailKit.Net.Smtp.SmtpClient.SendCommandInternalAsync(String command, CancellationToken cancellationToken)
   at MailKit.Net.Smtp.SmtpClient.AuthenticateAsync(Encoding encoding, ICredentials credentials, CancellationToken cancellationToken)
   at EmailWorkerService.EmailConsumerService.SendEmail(EmailNotification email) in D:\estudy2\AI_Generated\estudy\api\EmailWorkerService\EmailConsumerService.cs:line 165
2026-01-03 00:36:19.635 +05:30 [ERR] Error processing message
MailKit.Net.Smtp.SmtpProtocolException: The SMTP server has unexpectedly disconnected: Authentication failed: The provided authorization grant is invalid, expired, or revoked
   at MailKit.Net.Smtp.SmtpStream.ReadAheadAsync(CancellationToken cancellationToken)
   at MailKit.Net.Smtp.SmtpStream.ReadResponseAsync(CancellationToken cancellationToken)
   at MailKit.Net.Smtp.SmtpStream.SendCommandAsync(String command, CancellationToken cancellationToken)
   at MailKit.Net.Smtp.SmtpClient.SendCommandInternalAsync(String command, CancellationToken cancellationToken)
   at MailKit.Net.Smtp.SmtpClient.AuthenticateAsync(Encoding encoding, ICredentials credentials, CancellationToken cancellationToken)
   at EmailWorkerService.EmailConsumerService.SendEmail(EmailNotification email) in D:\estudy2\AI_Generated\estudy\api\EmailWorkerService\EmailConsumerService.cs:line 165
   at EmailWorkerService.EmailConsumerService.<ExecuteAsync>b__6_0(Object model, BasicDeliverEventArgs ea) in D:\estudy2\AI_Generated\estudy\api\EmailWorkerService\EmailConsumerService.cs:line 97
2026-01-03 00:36:19.636 +05:30 [INF] Received message: {"To":"vishal_varshney@hotmail.com","Subject":"Password reset request","Body":"Click the link to reset your password: \u003Ca href=\u0022https://localhost:5001/api/Auth/reset?token=46cd811230fe41f897e99f87cdb7e439\u0022\u003Ehttps://localhost:5001/api/Auth/reset?token=46cd811230fe41f897e99f87cdb7e439\u003C/a\u003E"}
2026-01-03 00:36:21.306 +05:30 [ERR] Failed to send email via SMTP
MailKit.Net.Smtp.SmtpProtocolException: The SMTP server has unexpectedly disconnected: Authentication failed: The provided authorization grant is invalid, expired, or revoked
   at MailKit.Net.Smtp.SmtpStream.ReadAheadAsync(CancellationToken cancellationToken)
   at MailKit.Net.Smtp.SmtpStream.ReadResponseAsync(CancellationToken cancellationToken)
   at MailKit.Net.Smtp.SmtpStream.SendCommandAsync(String command, CancellationToken cancellationToken)
   at MailKit.Net.Smtp.SmtpClient.SendCommandInternalAsync(String command, CancellationToken cancellationToken)
   at MailKit.Net.Smtp.SmtpClient.AuthenticateAsync(Encoding encoding, ICredentials credentials, CancellationToken cancellationToken)
   at EmailWorkerService.EmailConsumerService.SendEmail(EmailNotification email) in D:\estudy2\AI_Generated\estudy\api\EmailWorkerService\EmailConsumerService.cs:line 165
2026-01-03 00:36:21.359 +05:30 [ERR] Error processing message
MailKit.Net.Smtp.SmtpProtocolException: The SMTP server has unexpectedly disconnected: Authentication failed: The provided authorization grant is invalid, expired, or revoked
   at MailKit.Net.Smtp.SmtpStream.ReadAheadAsync(CancellationToken cancellationToken)
   at MailKit.Net.Smtp.SmtpStream.ReadResponseAsync(CancellationToken cancellationToken)
   at MailKit.Net.Smtp.SmtpStream.SendCommandAsync(String command, CancellationToken cancellationToken)
   at MailKit.Net.Smtp.SmtpClient.SendCommandInternalAsync(String command, CancellationToken cancellationToken)
   at MailKit.Net.Smtp.SmtpClient.AuthenticateAsync(Encoding encoding, ICredentials credentials, CancellationToken cancellationToken)
   at EmailWorkerService.EmailConsumerService.SendEmail(EmailNotification email) in D:\estudy2\AI_Generated\estudy\api\EmailWorkerService\EmailConsumerService.cs:line 165
   at EmailWorkerService.EmailConsumerService.<ExecuteAsync>b__6_0(Object model, BasicDeliverEventArgs ea) in D:\estudy2\AI_Generated\estudy\api\EmailWorkerService\EmailConsumerService.cs:line 97
2026-01-03 00:36:21.359 +05:30 [INF] Received message: {"To":"vishal_varshney@hotmail.com","Subject":"Password reset request","Body":"Click the link to reset your password: \u003Ca href=\u0022https://localhost:5001/api/Auth/reset?token=ff17e79b693944598d7091ca80b9e795\u0022\u003Ehttps://localhost:5001/api/Auth/reset?token=ff17e79b693944598d7091ca80b9e795\u003C/a\u003E"}
2026-01-03 00:36:22.266 +05:30 [ERR] Failed to send email via SMTP
MailKit.Net.Smtp.SmtpProtocolException: The SMTP server has unexpectedly disconnected: Authentication failed: The provided authorization grant is invalid, expired, or revoked
   at MailKit.Net.Smtp.SmtpStream.ReadAheadAsync(CancellationToken cancellationToken)
   at MailKit.Net.Smtp.SmtpStream.ReadResponseAsync(CancellationToken cancellationToken)
   at MailKit.Net.Smtp.SmtpStream.SendCommandAsync(String command, CancellationToken cancellationToken)
   at MailKit.Net.Smtp.SmtpClient.SendCommandInternalAsync(String command, CancellationToken cancellationToken)
   at MailKit.Net.Smtp.SmtpClient.AuthenticateAsync(Encoding encoding, ICredentials credentials, CancellationToken cancellationToken)
   at EmailWorkerService.EmailConsumerService.SendEmail(EmailNotification email) in D:\estudy2\AI_Generated\estudy\api\EmailWorkerService\EmailConsumerService.cs:line 165
2026-01-03 00:36:22.318 +05:30 [ERR] Error processing message
MailKit.Net.Smtp.SmtpProtocolException: The SMTP server has unexpectedly disconnected: Authentication failed: The provided authorization grant is invalid, expired, or revoked
   at MailKit.Net.Smtp.SmtpStream.ReadAheadAsync(CancellationToken cancellationToken)
   at MailKit.Net.Smtp.SmtpStream.ReadResponseAsync(CancellationToken cancellationToken)
   at MailKit.Net.Smtp.SmtpStream.SendCommandAsync(String command, CancellationToken cancellationToken)
   at MailKit.Net.Smtp.SmtpClient.SendCommandInternalAsync(String command, CancellationToken cancellationToken)
   at MailKit.Net.Smtp.SmtpClient.AuthenticateAsync(Encoding encoding, ICredentials credentials, CancellationToken cancellationToken)
   at EmailWorkerService.EmailConsumerService.SendEmail(EmailNotification email) in D:\estudy2\AI_Generated\estudy\api\EmailWorkerService\EmailConsumerService.cs:line 165
   at EmailWorkerService.EmailConsumerService.<ExecuteAsync>b__6_0(Object model, BasicDeliverEventArgs ea) in D:\estudy2\AI_Generated\estudy\api\EmailWorkerService\EmailConsumerService.cs:line 97
2026-01-03 00:36:22.318 +05:30 [INF] Received message: {"To":"vishal_varshney@hotmail.com","Subject":"Password reset request","Body":"Click the link to reset your password: \u003Ca href=\u0022https://localhost:5001/api/Auth/reset?token=07042d3fbd43402fa0b11e7beee578d5\u0022\u003Ehttps://localhost:5001/api/Auth/reset?token=07042d3fbd43402fa0b11e7beee578d5\u003C/a\u003E"}
2026-01-03 00:36:23.281 +05:30 [ERR] Failed to send email via SMTP
MailKit.Net.Smtp.SmtpProtocolException: The SMTP server has unexpectedly disconnected: Authentication failed: The provided authorization grant is invalid, expired, or revoked
   at MailKit.Net.Smtp.SmtpStream.ReadAheadAsync(CancellationToken cancellationToken)
   at MailKit.Net.Smtp.SmtpStream.ReadResponseAsync(CancellationToken cancellationToken)
   at MailKit.Net.Smtp.SmtpStream.SendCommandAsync(String command, CancellationToken cancellationToken)
   at MailKit.Net.Smtp.SmtpClient.SendCommandInternalAsync(String command, CancellationToken cancellationToken)
   at MailKit.Net.Smtp.SmtpClient.AuthenticateAsync(Encoding encoding, ICredentials credentials, CancellationToken cancellationToken)
   at EmailWorkerService.EmailConsumerService.SendEmail(EmailNotification email) in D:\estudy2\AI_Generated\estudy\api\EmailWorkerService\EmailConsumerService.cs:line 165
2026-01-03 00:36:23.337 +05:30 [ERR] Error processing message
MailKit.Net.Smtp.SmtpProtocolException: The SMTP server has unexpectedly disconnected: Authentication failed: The provided authorization grant is invalid, expired, or revoked
   at MailKit.Net.Smtp.SmtpStream.ReadAheadAsync(CancellationToken cancellationToken)
   at MailKit.Net.Smtp.SmtpStream.ReadResponseAsync(CancellationToken cancellationToken)
   at MailKit.Net.Smtp.SmtpStream.SendCommandAsync(String command, CancellationToken cancellationToken)
   at MailKit.Net.Smtp.SmtpClient.SendCommandInternalAsync(String command, CancellationToken cancellationToken)
   at MailKit.Net.Smtp.SmtpClient.AuthenticateAsync(Encoding encoding, ICredentials credentials, CancellationToken cancellationToken)
   at EmailWorkerService.EmailConsumerService.SendEmail(EmailNotification email) in D:\estudy2\AI_Generated\estudy\api\EmailWorkerService\EmailConsumerService.cs:line 165
   at EmailWorkerService.EmailConsumerService.<ExecuteAsync>b__6_0(Object model, BasicDeliverEventArgs ea) in D:\estudy2\AI_Generated\estudy\api\EmailWorkerService\EmailConsumerService.cs:line 97
2026-01-03 00:36:23.337 +05:30 [INF] Received message: {"To":"vishal_varshney@hotmail.com","Subject":"Password reset request","Body":"Click the link to reset your password: \u003Ca href=\u0022https://localhost:5001/api/Auth/reset?token=96aeb82bec604da2a58662c6d40f4635\u0022\u003Ehttps://localhost:5001/api/Auth/reset?token=96aeb82bec604da2a58662c6d40f4635\u003C/a\u003E"}
2026-01-03 00:36:24.314 +05:30 [ERR] Failed to send email via SMTP
MailKit.Net.Smtp.SmtpProtocolException: The SMTP server has unexpectedly disconnected: Authentication failed: The provided authorization grant is invalid, expired, or revoked
   at MailKit.Net.Smtp.SmtpStream.ReadAheadAsync(CancellationToken cancellationToken)
   at MailKit.Net.Smtp.SmtpStream.ReadResponseAsync(CancellationToken cancellationToken)
   at MailKit.Net.Smtp.SmtpStream.SendCommandAsync(String command, CancellationToken cancellationToken)
   at MailKit.Net.Smtp.SmtpClient.SendCommandInternalAsync(String command, CancellationToken cancellationToken)
   at MailKit.Net.Smtp.SmtpClient.AuthenticateAsync(Encoding encoding, ICredentials credentials, CancellationToken cancellationToken)
   at EmailWorkerService.EmailConsumerService.SendEmail(EmailNotification email) in D:\estudy2\AI_Generated\estudy\api\EmailWorkerService\EmailConsumerService.cs:line 165
2026-01-03 00:36:24.370 +05:30 [ERR] Error processing message
MailKit.Net.Smtp.SmtpProtocolException: The SMTP server has unexpectedly disconnected: Authentication failed: The provided authorization grant is invalid, expired, or revoked
   at MailKit.Net.Smtp.SmtpStream.ReadAheadAsync(CancellationToken cancellationToken)
   at MailKit.Net.Smtp.SmtpStream.ReadResponseAsync(CancellationToken cancellationToken)
   at MailKit.Net.Smtp.SmtpStream.SendCommandAsync(String command, CancellationToken cancellationToken)
   at MailKit.Net.Smtp.SmtpClient.SendCommandInternalAsync(String command, CancellationToken cancellationToken)
   at MailKit.Net.Smtp.SmtpClient.AuthenticateAsync(Encoding encoding, ICredentials credentials, CancellationToken cancellationToken)
   at EmailWorkerService.EmailConsumerService.SendEmail(EmailNotification email) in D:\estudy2\AI_Generated\estudy\api\EmailWorkerService\EmailConsumerService.cs:line 165
   at EmailWorkerService.EmailConsumerService.<ExecuteAsync>b__6_0(Object model, BasicDeliverEventArgs ea) in D:\estudy2\AI_Generated\estudy\api\EmailWorkerService\EmailConsumerService.cs:line 97
2026-01-03 00:36:24.371 +05:30 [INF] Received message: {"To":"vishal_varshney@hotmail.com","Subject":"Password reset request","Body":"Click the link to reset your password: \u003Ca href=\u0022https://localhost:5001/api/Auth/reset?token=46cd811230fe41f897e99f87cdb7e439\u0022\u003Ehttps://localhost:5001/api/Auth/reset?token=46cd811230fe41f897e99f87cdb7e439\u003C/a\u003E"}
2026-01-03 00:36:25.590 +05:30 [ERR] Failed to send email via SMTP
MailKit.Net.Smtp.SmtpProtocolException: The SMTP server has unexpectedly disconnected: Authentication failed: The provided authorization grant is invalid, expired, or revoked
   at MailKit.Net.Smtp.SmtpStream.ReadAheadAsync(CancellationToken cancellationToken)
   at MailKit.Net.Smtp.SmtpStream.ReadResponseAsync(CancellationToken cancellationToken)
   at MailKit.Net.Smtp.SmtpStream.SendCommandAsync(String command, CancellationToken cancellationToken)
   at MailKit.Net.Smtp.SmtpClient.SendCommandInternalAsync(String command, CancellationToken cancellationToken)
   at MailKit.Net.Smtp.SmtpClient.AuthenticateAsync(Encoding encoding, ICredentials credentials, CancellationToken cancellationToken)
   at EmailWorkerService.EmailConsumerService.SendEmail(EmailNotification email) in D:\estudy2\AI_Generated\estudy\api\EmailWorkerService\EmailConsumerService.cs:line 165
2026-01-03 00:36:25.647 +05:30 [ERR] Error processing message
MailKit.Net.Smtp.SmtpProtocolException: The SMTP server has unexpectedly disconnected: Authentication failed: The provided authorization grant is invalid, expired, or revoked
   at MailKit.Net.Smtp.SmtpStream.ReadAheadAsync(CancellationToken cancellationToken)
   at MailKit.Net.Smtp.SmtpStream.ReadResponseAsync(CancellationToken cancellationToken)
   at MailKit.Net.Smtp.SmtpStream.SendCommandAsync(String command, CancellationToken cancellationToken)
   at MailKit.Net.Smtp.SmtpClient.SendCommandInternalAsync(String command, CancellationToken cancellationToken)
   at MailKit.Net.Smtp.SmtpClient.AuthenticateAsync(Encoding encoding, ICredentials credentials, CancellationToken cancellationToken)
   at EmailWorkerService.EmailConsumerService.SendEmail(EmailNotification email) in D:\estudy2\AI_Generated\estudy\api\EmailWorkerService\EmailConsumerService.cs:line 165
   at EmailWorkerService.EmailConsumerService.<ExecuteAsync>b__6_0(Object model, BasicDeliverEventArgs ea) in D:\estudy2\AI_Generated\estudy\api\EmailWorkerService\EmailConsumerService.cs:line 97
2026-01-03 00:36:25.648 +05:30 [INF] Received message: {"To":"vishal_varshney@hotmail.com","Subject":"Password reset request","Body":"Click the link to reset your password: \u003Ca href=\u0022https://localhost:5001/api/Auth/reset?token=ff17e79b693944598d7091ca80b9e795\u0022\u003Ehttps://localhost:5001/api/Auth/reset?token=ff17e79b693944598d7091ca80b9e795\u003C/a\u003E"}
2026-01-03 00:36:26.500 +05:30 [ERR] Failed to send email via SMTP
MailKit.Net.Smtp.SmtpProtocolException: The SMTP server has unexpectedly disconnected: Authentication failed: The provided authorization grant is invalid, expired, or revoked
   at MailKit.Net.Smtp.SmtpStream.ReadAheadAsync(CancellationToken cancellationToken)
   at MailKit.Net.Smtp.SmtpStream.ReadResponseAsync(CancellationToken cancellationToken)
   at MailKit.Net.Smtp.SmtpStream.SendCommandAsync(String command, CancellationToken cancellationToken)
   at MailKit.Net.Smtp.SmtpClient.SendCommandInternalAsync(String command, CancellationToken cancellationToken)
   at MailKit.Net.Smtp.SmtpClient.AuthenticateAsync(Encoding encoding, ICredentials credentials, CancellationToken cancellationToken)
   at EmailWorkerService.EmailConsumerService.SendEmail(EmailNotification email) in D:\estudy2\AI_Generated\estudy\api\EmailWorkerService\EmailConsumerService.cs:line 165
2026-01-03 00:36:26.556 +05:30 [ERR] Error processing message
MailKit.Net.Smtp.SmtpProtocolException: The SMTP server has unexpectedly disconnected: Authentication failed: The provided authorization grant is invalid, expired, or revoked
   at MailKit.Net.Smtp.SmtpStream.ReadAheadAsync(CancellationToken cancellationToken)
   at MailKit.Net.Smtp.SmtpStream.ReadResponseAsync(CancellationToken cancellationToken)
   at MailKit.Net.Smtp.SmtpStream.SendCommandAsync(String command, CancellationToken cancellationToken)
   at MailKit.Net.Smtp.SmtpClient.SendCommandInternalAsync(String command, CancellationToken cancellationToken)
   at MailKit.Net.Smtp.SmtpClient.AuthenticateAsync(Encoding encoding, ICredentials credentials, CancellationToken cancellationToken)
   at EmailWorkerService.EmailConsumerService.SendEmail(EmailNotification email) in D:\estudy2\AI_Generated\estudy\api\EmailWorkerService\EmailConsumerService.cs:line 165
   at EmailWorkerService.EmailConsumerService.<ExecuteAsync>b__6_0(Object model, BasicDeliverEventArgs ea) in D:\estudy2\AI_Generated\estudy\api\EmailWorkerService\EmailConsumerService.cs:line 97
2026-01-03 00:36:26.556 +05:30 [INF] Received message: {"To":"vishal_varshney@hotmail.com","Subject":"Password reset request","Body":"Click the link to reset your password: \u003Ca href=\u0022https://localhost:5001/api/Auth/reset?token=07042d3fbd43402fa0b11e7beee578d5\u0022\u003Ehttps://localhost:5001/api/Auth/reset?token=07042d3fbd43402fa0b11e7beee578d5\u003C/a\u003E"}
2026-01-03 00:36:27.687 +05:30 [ERR] Failed to send email via SMTP
MailKit.Net.Smtp.SmtpProtocolException: The SMTP server has unexpectedly disconnected: Authentication failed: The provided authorization grant is invalid, expired, or revoked
   at MailKit.Net.Smtp.SmtpStream.ReadAheadAsync(CancellationToken cancellationToken)
   at MailKit.Net.Smtp.SmtpStream.ReadResponseAsync(CancellationToken cancellationToken)
   at MailKit.Net.Smtp.SmtpStream.SendCommandAsync(String command, CancellationToken cancellationToken)
   at MailKit.Net.Smtp.SmtpClient.SendCommandInternalAsync(String command, CancellationToken cancellationToken)
   at MailKit.Net.Smtp.SmtpClient.AuthenticateAsync(Encoding encoding, ICredentials credentials, CancellationToken cancellationToken)
   at EmailWorkerService.EmailConsumerService.SendEmail(EmailNotification email) in D:\estudy2\AI_Generated\estudy\api\EmailWorkerService\EmailConsumerService.cs:line 165
2026-01-03 00:36:27.739 +05:30 [ERR] Error processing message
MailKit.Net.Smtp.SmtpProtocolException: The SMTP server has unexpectedly disconnected: Authentication failed: The provided authorization grant is invalid, expired, or revoked
   at MailKit.Net.Smtp.SmtpStream.ReadAheadAsync(CancellationToken cancellationToken)
   at MailKit.Net.Smtp.SmtpStream.ReadResponseAsync(CancellationToken cancellationToken)
   at MailKit.Net.Smtp.SmtpStream.SendCommandAsync(String command, CancellationToken cancellationToken)
   at MailKit.Net.Smtp.SmtpClient.SendCommandInternalAsync(String command, CancellationToken cancellationToken)
   at MailKit.Net.Smtp.SmtpClient.AuthenticateAsync(Encoding encoding, ICredentials credentials, CancellationToken cancellationToken)
   at EmailWorkerService.EmailConsumerService.SendEmail(EmailNotification email) in D:\estudy2\AI_Generated\estudy\api\EmailWorkerService\EmailConsumerService.cs:line 165
   at EmailWorkerService.EmailConsumerService.<ExecuteAsync>b__6_0(Object model, BasicDeliverEventArgs ea) in D:\estudy2\AI_Generated\estudy\api\EmailWorkerService\EmailConsumerService.cs:line 97
2026-01-03 00:36:27.740 +05:30 [INF] Received message: {"To":"vishal_varshney@hotmail.com","Subject":"Password reset request","Body":"Click the link to reset your password: \u003Ca href=\u0022https://localhost:5001/api/Auth/reset?token=96aeb82bec604da2a58662c6d40f4635\u0022\u003Ehttps://localhost:5001/api/Auth/reset?token=96aeb82bec604da2a58662c6d40f4635\u003C/a\u003E"}
2026-01-03 00:36:28.738 +05:30 [ERR] Failed to send email via SMTP
MailKit.Net.Smtp.SmtpProtocolException: The SMTP server has unexpectedly disconnected: Authentication failed: The provided authorization grant is invalid, expired, or revoked
   at MailKit.Net.Smtp.SmtpStream.ReadAheadAsync(CancellationToken cancellationToken)
   at MailKit.Net.Smtp.SmtpStream.ReadResponseAsync(CancellationToken cancellationToken)
   at MailKit.Net.Smtp.SmtpStream.SendCommandAsync(String command, CancellationToken cancellationToken)
   at MailKit.Net.Smtp.SmtpClient.SendCommandInternalAsync(String command, CancellationToken cancellationToken)
   at MailKit.Net.Smtp.SmtpClient.AuthenticateAsync(Encoding encoding, ICredentials credentials, CancellationToken cancellationToken)
   at EmailWorkerService.EmailConsumerService.SendEmail(EmailNotification email) in D:\estudy2\AI_Generated\estudy\api\EmailWorkerService\EmailConsumerService.cs:line 165
2026-01-03 00:36:28.796 +05:30 [ERR] Error processing message
MailKit.Net.Smtp.SmtpProtocolException: The SMTP server has unexpectedly disconnected: Authentication failed: The provided authorization grant is invalid, expired, or revoked
   at MailKit.Net.Smtp.SmtpStream.ReadAheadAsync(CancellationToken cancellationToken)
   at MailKit.Net.Smtp.SmtpStream.ReadResponseAsync(CancellationToken cancellationToken)
   at MailKit.Net.Smtp.SmtpStream.SendCommandAsync(String command, CancellationToken cancellationToken)
   at MailKit.Net.Smtp.SmtpClient.SendCommandInternalAsync(String command, CancellationToken cancellationToken)
   at MailKit.Net.Smtp.SmtpClient.AuthenticateAsync(Encoding encoding, ICredentials credentials, CancellationToken cancellationToken)
   at EmailWorkerService.EmailConsumerService.SendEmail(EmailNotification email) in D:\estudy2\AI_Generated\estudy\api\EmailWorkerService\EmailConsumerService.cs:line 165
   at EmailWorkerService.EmailConsumerService.<ExecuteAsync>b__6_0(Object model, BasicDeliverEventArgs ea) in D:\estudy2\AI_Generated\estudy\api\EmailWorkerService\EmailConsumerService.cs:line 97
2026-01-03 00:36:28.797 +05:30 [INF] Received message: {"To":"vishal_varshney@hotmail.com","Subject":"Password reset request","Body":"Click the link to reset your password: \u003Ca href=\u0022https://localhost:5001/api/Auth/reset?token=46cd811230fe41f897e99f87cdb7e439\u0022\u003Ehttps://localhost:5001/api/Auth/reset?token=46cd811230fe41f897e99f87cdb7e439\u003C/a\u003E"}
2026-01-03 00:36:29.714 +05:30 [ERR] Failed to send email via SMTP
MailKit.Net.Smtp.SmtpProtocolException: The SMTP server has unexpectedly disconnected: Authentication failed: The provided authorization grant is invalid, expired, or revoked
   at MailKit.Net.Smtp.SmtpStream.ReadAheadAsync(CancellationToken cancellationToken)
   at MailKit.Net.Smtp.SmtpStream.ReadResponseAsync(CancellationToken cancellationToken)
   at MailKit.Net.Smtp.SmtpStream.SendCommandAsync(String command, CancellationToken cancellationToken)
   at MailKit.Net.Smtp.SmtpClient.SendCommandInternalAsync(String command, CancellationToken cancellationToken)
   at MailKit.Net.Smtp.SmtpClient.AuthenticateAsync(Encoding encoding, ICredentials credentials, CancellationToken cancellationToken)
   at EmailWorkerService.EmailConsumerService.SendEmail(EmailNotification email) in D:\estudy2\AI_Generated\estudy\api\EmailWorkerService\EmailConsumerService.cs:line 165
2026-01-03 00:36:29.774 +05:30 [ERR] Error processing message
MailKit.Net.Smtp.SmtpProtocolException: The SMTP server has unexpectedly disconnected: Authentication failed: The provided authorization grant is invalid, expired, or revoked
   at MailKit.Net.Smtp.SmtpStream.ReadAheadAsync(CancellationToken cancellationToken)
   at MailKit.Net.Smtp.SmtpStream.ReadResponseAsync(CancellationToken cancellationToken)
   at MailKit.Net.Smtp.SmtpStream.SendCommandAsync(String command, CancellationToken cancellationToken)
   at MailKit.Net.Smtp.SmtpClient.SendCommandInternalAsync(String command, CancellationToken cancellationToken)
   at MailKit.Net.Smtp.SmtpClient.AuthenticateAsync(Encoding encoding, ICredentials credentials, CancellationToken cancellationToken)
   at EmailWorkerService.EmailConsumerService.SendEmail(EmailNotification email) in D:\estudy2\AI_Generated\estudy\api\EmailWorkerService\EmailConsumerService.cs:line 165
   at EmailWorkerService.EmailConsumerService.<ExecuteAsync>b__6_0(Object model, BasicDeliverEventArgs ea) in D:\estudy2\AI_Generated\estudy\api\EmailWorkerService\EmailConsumerService.cs:line 97
2026-01-03 00:36:29.775 +05:30 [INF] Received message: {"To":"vishal_varshney@hotmail.com","Subject":"Password reset request","Body":"Click the link to reset your password: \u003Ca href=\u0022https://localhost:5001/api/Auth/reset?token=ff17e79b693944598d7091ca80b9e795\u0022\u003Ehttps://localhost:5001/api/Auth/reset?token=ff17e79b693944598d7091ca80b9e795\u003C/a\u003E"}
2026-01-03 00:36:30.630 +05:30 [ERR] Failed to send email via SMTP
MailKit.Net.Smtp.SmtpProtocolException: The SMTP server has unexpectedly disconnected: Authentication failed: The provided authorization grant is invalid, expired, or revoked
   at MailKit.Net.Smtp.SmtpStream.ReadAheadAsync(CancellationToken cancellationToken)
   at MailKit.Net.Smtp.SmtpStream.ReadResponseAsync(CancellationToken cancellationToken)
   at MailKit.Net.Smtp.SmtpStream.SendCommandAsync(String command, CancellationToken cancellationToken)
   at MailKit.Net.Smtp.SmtpClient.SendCommandInternalAsync(String command, CancellationToken cancellationToken)
   at MailKit.Net.Smtp.SmtpClient.AuthenticateAsync(Encoding encoding, ICredentials credentials, CancellationToken cancellationToken)
   at EmailWorkerService.EmailConsumerService.SendEmail(EmailNotification email) in D:\estudy2\AI_Generated\estudy\api\EmailWorkerService\EmailConsumerService.cs:line 165
2026-01-03 00:36:30.687 +05:30 [ERR] Error processing message
MailKit.Net.Smtp.SmtpProtocolException: The SMTP server has unexpectedly disconnected: Authentication failed: The provided authorization grant is invalid, expired, or revoked
   at MailKit.Net.Smtp.SmtpStream.ReadAheadAsync(CancellationToken cancellationToken)
   at MailKit.Net.Smtp.SmtpStream.ReadResponseAsync(CancellationToken cancellationToken)
   at MailKit.Net.Smtp.SmtpStream.SendCommandAsync(String command, CancellationToken cancellationToken)
   at MailKit.Net.Smtp.SmtpClient.SendCommandInternalAsync(String command, CancellationToken cancellationToken)
   at MailKit.Net.Smtp.SmtpClient.AuthenticateAsync(Encoding encoding, ICredentials credentials, CancellationToken cancellationToken)
   at EmailWorkerService.EmailConsumerService.SendEmail(EmailNotification email) in D:\estudy2\AI_Generated\estudy\api\EmailWorkerService\EmailConsumerService.cs:line 165
   at EmailWorkerService.EmailConsumerService.<ExecuteAsync>b__6_0(Object model, BasicDeliverEventArgs ea) in D:\estudy2\AI_Generated\estudy\api\EmailWorkerService\EmailConsumerService.cs:line 97
2026-01-03 00:36:30.688 +05:30 [INF] Received message: {"To":"vishal_varshney@hotmail.com","Subject":"Password reset request","Body":"Click the link to reset your password: \u003Ca href=\u0022https://localhost:5001/api/Auth/reset?token=07042d3fbd43402fa0b11e7beee578d5\u0022\u003Ehttps://localhost:5001/api/Auth/reset?token=07042d3fbd43402fa0b11e7beee578d5\u003C/a\u003E"}
2026-01-03 00:36:31.601 +05:30 [ERR] Failed to send email via SMTP
MailKit.Net.Smtp.SmtpProtocolException: The SMTP server has unexpectedly disconnected: Authentication failed: The provided authorization grant is invalid, expired, or revoked
   at MailKit.Net.Smtp.SmtpStream.ReadAheadAsync(CancellationToken cancellationToken)
   at MailKit.Net.Smtp.SmtpStream.ReadResponseAsync(CancellationToken cancellationToken)
   at MailKit.Net.Smtp.SmtpStream.SendCommandAsync(String command, CancellationToken cancellationToken)
   at MailKit.Net.Smtp.SmtpClient.SendCommandInternalAsync(String command, CancellationToken cancellationToken)
   at MailKit.Net.Smtp.SmtpClient.AuthenticateAsync(Encoding encoding, ICredentials credentials, CancellationToken cancellationToken)
   at EmailWorkerService.EmailConsumerService.SendEmail(EmailNotification email) in D:\estudy2\AI_Generated\estudy\api\EmailWorkerService\EmailConsumerService.cs:line 165
2026-01-03 00:36:31.654 +05:30 [ERR] Error processing message
MailKit.Net.Smtp.SmtpProtocolException: The SMTP server has unexpectedly disconnected: Authentication failed: The provided authorization grant is invalid, expired, or revoked
   at MailKit.Net.Smtp.SmtpStream.ReadAheadAsync(CancellationToken cancellationToken)
   at MailKit.Net.Smtp.SmtpStream.ReadResponseAsync(CancellationToken cancellationToken)
   at MailKit.Net.Smtp.SmtpStream.SendCommandAsync(String command, CancellationToken cancellationToken)
   at MailKit.Net.Smtp.SmtpClient.SendCommandInternalAsync(String command, CancellationToken cancellationToken)
   at MailKit.Net.Smtp.SmtpClient.AuthenticateAsync(Encoding encoding, ICredentials credentials, CancellationToken cancellationToken)
   at EmailWorkerService.EmailConsumerService.SendEmail(EmailNotification email) in D:\estudy2\AI_Generated\estudy\api\EmailWorkerService\EmailConsumerService.cs:line 165
   at EmailWorkerService.EmailConsumerService.<ExecuteAsync>b__6_0(Object model, BasicDeliverEventArgs ea) in D:\estudy2\AI_Generated\estudy\api\EmailWorkerService\EmailConsumerService.cs:line 97
2026-01-03 00:36:31.654 +05:30 [INF] Received message: {"To":"vishal_varshney@hotmail.com","Subject":"Password reset request","Body":"Click the link to reset your password: \u003Ca href=\u0022https://localhost:5001/api/Auth/reset?token=96aeb82bec604da2a58662c6d40f4635\u0022\u003Ehttps://localhost:5001/api/Auth/reset?token=96aeb82bec604da2a58662c6d40f4635\u003C/a\u003E"}
2026-01-03 00:36:32.535 +05:30 [ERR] Failed to send email via SMTP
MailKit.Net.Smtp.SmtpProtocolException: The SMTP server has unexpectedly disconnected: Authentication failed: The provided authorization grant is invalid, expired, or revoked
   at MailKit.Net.Smtp.SmtpStream.ReadAheadAsync(CancellationToken cancellationToken)
   at MailKit.Net.Smtp.SmtpStream.ReadResponseAsync(CancellationToken cancellationToken)
   at MailKit.Net.Smtp.SmtpStream.SendCommandAsync(String command, CancellationToken cancellationToken)
   at MailKit.Net.Smtp.SmtpClient.SendCommandInternalAsync(String command, CancellationToken cancellationToken)
   at MailKit.Net.Smtp.SmtpClient.AuthenticateAsync(Encoding encoding, ICredentials credentials, CancellationToken cancellationToken)
   at EmailWorkerService.EmailConsumerService.SendEmail(EmailNotification email) in D:\estudy2\AI_Generated\estudy\api\EmailWorkerService\EmailConsumerService.cs:line 165
2026-01-03 00:36:32.587 +05:30 [ERR] Error processing message
MailKit.Net.Smtp.SmtpProtocolException: The SMTP server has unexpectedly disconnected: Authentication failed: The provided authorization grant is invalid, expired, or revoked
   at MailKit.Net.Smtp.SmtpStream.ReadAheadAsync(CancellationToken cancellationToken)
   at MailKit.Net.Smtp.SmtpStream.ReadResponseAsync(CancellationToken cancellationToken)
   at MailKit.Net.Smtp.SmtpStream.SendCommandAsync(String command, CancellationToken cancellationToken)
   at MailKit.Net.Smtp.SmtpClient.SendCommandInternalAsync(String command, CancellationToken cancellationToken)
   at MailKit.Net.Smtp.SmtpClient.AuthenticateAsync(Encoding encoding, ICredentials credentials, CancellationToken cancellationToken)
   at EmailWorkerService.EmailConsumerService.SendEmail(EmailNotification email) in D:\estudy2\AI_Generated\estudy\api\EmailWorkerService\EmailConsumerService.cs:line 165
   at EmailWorkerService.EmailConsumerService.<ExecuteAsync>b__6_0(Object model, BasicDeliverEventArgs ea) in D:\estudy2\AI_Generated\estudy\api\EmailWorkerService\EmailConsumerService.cs:line 97
2026-01-03 00:36:32.588 +05:30 [INF] Received message: {"To":"vishal_varshney@hotmail.com","Subject":"Password reset request","Body":"Click the link to reset your password: \u003Ca href=\u0022https://localhost:5001/api/Auth/reset?token=46cd811230fe41f897e99f87cdb7e439\u0022\u003Ehttps://localhost:5001/api/Auth/reset?token=46cd811230fe41f897e99f87cdb7e439\u003C/a\u003E"}
2026-01-03 00:36:33.534 +05:30 [ERR] Failed to send email via SMTP
MailKit.Net.Smtp.SmtpProtocolException: The SMTP server has unexpectedly disconnected: Authentication failed: The provided authorization grant is invalid, expired, or revoked
   at MailKit.Net.Smtp.SmtpStream.ReadAheadAsync(CancellationToken cancellationToken)
   at MailKit.Net.Smtp.SmtpStream.ReadResponseAsync(CancellationToken cancellationToken)
   at MailKit.Net.Smtp.SmtpStream.SendCommandAsync(String command, CancellationToken cancellationToken)
   at MailKit.Net.Smtp.SmtpClient.SendCommandInternalAsync(String command, CancellationToken cancellationToken)
   at MailKit.Net.Smtp.SmtpClient.AuthenticateAsync(Encoding encoding, ICredentials credentials, CancellationToken cancellationToken)
   at EmailWorkerService.EmailConsumerService.SendEmail(EmailNotification email) in D:\estudy2\AI_Generated\estudy\api\EmailWorkerService\EmailConsumerService.cs:line 165
2026-01-03 00:36:33.585 +05:30 [ERR] Error processing message
MailKit.Net.Smtp.SmtpProtocolException: The SMTP server has unexpectedly disconnected: Authentication failed: The provided authorization grant is invalid, expired, or revoked
   at MailKit.Net.Smtp.SmtpStream.ReadAheadAsync(CancellationToken cancellationToken)
   at MailKit.Net.Smtp.SmtpStream.ReadResponseAsync(CancellationToken cancellationToken)
   at MailKit.Net.Smtp.SmtpStream.SendCommandAsync(String command, CancellationToken cancellationToken)
   at MailKit.Net.Smtp.SmtpClient.SendCommandInternalAsync(String command, CancellationToken cancellationToken)
   at MailKit.Net.Smtp.SmtpClient.AuthenticateAsync(Encoding encoding, ICredentials credentials, CancellationToken cancellationToken)
   at EmailWorkerService.EmailConsumerService.SendEmail(EmailNotification email) in D:\estudy2\AI_Generated\estudy\api\EmailWorkerService\EmailConsumerService.cs:line 165
   at EmailWorkerService.EmailConsumerService.<ExecuteAsync>b__6_0(Object model, BasicDeliverEventArgs ea) in D:\estudy2\AI_Generated\estudy\api\EmailWorkerService\EmailConsumerService.cs:line 97
2026-01-03 00:36:33.585 +05:30 [INF] Received message: {"To":"vishal_varshney@hotmail.com","Subject":"Password reset request","Body":"Click the link to reset your password: \u003Ca href=\u0022https://localhost:5001/api/Auth/reset?token=ff17e79b693944598d7091ca80b9e795\u0022\u003Ehttps://localhost:5001/api/Auth/reset?token=ff17e79b693944598d7091ca80b9e795\u003C/a\u003E"}
2026-01-03 00:36:34.543 +05:30 [ERR] Failed to send email via SMTP
MailKit.Net.Smtp.SmtpProtocolException: The SMTP server has unexpectedly disconnected: Authentication failed: The provided authorization grant is invalid, expired, or revoked
   at MailKit.Net.Smtp.SmtpStream.ReadAheadAsync(CancellationToken cancellationToken)
   at MailKit.Net.Smtp.SmtpStream.ReadResponseAsync(CancellationToken cancellationToken)
   at MailKit.Net.Smtp.SmtpStream.SendCommandAsync(String command, CancellationToken cancellationToken)
   at MailKit.Net.Smtp.SmtpClient.SendCommandInternalAsync(String command, CancellationToken cancellationToken)
   at MailKit.Net.Smtp.SmtpClient.AuthenticateAsync(Encoding encoding, ICredentials credentials, CancellationToken cancellationToken)
   at EmailWorkerService.EmailConsumerService.SendEmail(EmailNotification email) in D:\estudy2\AI_Generated\estudy\api\EmailWorkerService\EmailConsumerService.cs:line 165
2026-01-03 00:36:34.595 +05:30 [ERR] Error processing message
MailKit.Net.Smtp.SmtpProtocolException: The SMTP server has unexpectedly disconnected: Authentication failed: The provided authorization grant is invalid, expired, or revoked
   at MailKit.Net.Smtp.SmtpStream.ReadAheadAsync(CancellationToken cancellationToken)
   at MailKit.Net.Smtp.SmtpStream.ReadResponseAsync(CancellationToken cancellationToken)
   at MailKit.Net.Smtp.SmtpStream.SendCommandAsync(String command, CancellationToken cancellationToken)
   at MailKit.Net.Smtp.SmtpClient.SendCommandInternalAsync(String command, CancellationToken cancellationToken)
   at MailKit.Net.Smtp.SmtpClient.AuthenticateAsync(Encoding encoding, ICredentials credentials, CancellationToken cancellationToken)
   at EmailWorkerService.EmailConsumerService.SendEmail(EmailNotification email) in D:\estudy2\AI_Generated\estudy\api\EmailWorkerService\EmailConsumerService.cs:line 165
   at EmailWorkerService.EmailConsumerService.<ExecuteAsync>b__6_0(Object model, BasicDeliverEventArgs ea) in D:\estudy2\AI_Generated\estudy\api\EmailWorkerService\EmailConsumerService.cs:line 97
2026-01-03 00:36:34.596 +05:30 [INF] Received message: {"To":"vishal_varshney@hotmail.com","Subject":"Password reset request","Body":"Click the link to reset your password: \u003Ca href=\u0022https://localhost:5001/api/Auth/reset?token=07042d3fbd43402fa0b11e7beee578d5\u0022\u003Ehttps://localhost:5001/api/Auth/reset?token=07042d3fbd43402fa0b11e7beee578d5\u003C/a\u003E"}
2026-01-03 00:36:35.463 +05:30 [ERR] Failed to send email via SMTP
MailKit.Net.Smtp.SmtpProtocolException: The SMTP server has unexpectedly disconnected: Authentication failed: The provided authorization grant is invalid, expired, or revoked
   at MailKit.Net.Smtp.SmtpStream.ReadAheadAsync(CancellationToken cancellationToken)
   at MailKit.Net.Smtp.SmtpStream.ReadResponseAsync(CancellationToken cancellationToken)
   at MailKit.Net.Smtp.SmtpStream.SendCommandAsync(String command, CancellationToken cancellationToken)
   at MailKit.Net.Smtp.SmtpClient.SendCommandInternalAsync(String command, CancellationToken cancellationToken)
   at MailKit.Net.Smtp.SmtpClient.AuthenticateAsync(Encoding encoding, ICredentials credentials, CancellationToken cancellationToken)
   at EmailWorkerService.EmailConsumerService.SendEmail(EmailNotification email) in D:\estudy2\AI_Generated\estudy\api\EmailWorkerService\EmailConsumerService.cs:line 165
2026-01-03 00:36:35.519 +05:30 [ERR] Error processing message
MailKit.Net.Smtp.SmtpProtocolException: The SMTP server has unexpectedly disconnected: Authentication failed: The provided authorization grant is invalid, expired, or revoked
   at MailKit.Net.Smtp.SmtpStream.ReadAheadAsync(CancellationToken cancellationToken)
   at MailKit.Net.Smtp.SmtpStream.ReadResponseAsync(CancellationToken cancellationToken)
   at MailKit.Net.Smtp.SmtpStream.SendCommandAsync(String command, CancellationToken cancellationToken)
   at MailKit.Net.Smtp.SmtpClient.SendCommandInternalAsync(String command, CancellationToken cancellationToken)
   at MailKit.Net.Smtp.SmtpClient.AuthenticateAsync(Encoding encoding, ICredentials credentials, CancellationToken cancellationToken)
   at EmailWorkerService.EmailConsumerService.SendEmail(EmailNotification email) in D:\estudy2\AI_Generated\estudy\api\EmailWorkerService\EmailConsumerService.cs:line 165
   at EmailWorkerService.EmailConsumerService.<ExecuteAsync>b__6_0(Object model, BasicDeliverEventArgs ea) in D:\estudy2\AI_Generated\estudy\api\EmailWorkerService\EmailConsumerService.cs:line 97
2026-01-03 00:36:35.519 +05:30 [INF] Received message: {"To":"vishal_varshney@hotmail.com","Subject":"Password reset request","Body":"Click the link to reset your password: \u003Ca href=\u0022https://localhost:5001/api/Auth/reset?token=96aeb82bec604da2a58662c6d40f4635\u0022\u003Ehttps://localhost:5001/api/Auth/reset?token=96aeb82bec604da2a58662c6d40f4635\u003C/a\u003E"}
2026-01-03 00:36:36.330 +05:30 [ERR] Failed to send email via SMTP
MailKit.Net.Smtp.SmtpProtocolException: The SMTP server has unexpectedly disconnected: Authentication failed: The provided authorization grant is invalid, expired, or revoked
   at MailKit.Net.Smtp.SmtpStream.ReadAheadAsync(CancellationToken cancellationToken)
   at MailKit.Net.Smtp.SmtpStream.ReadResponseAsync(CancellationToken cancellationToken)
   at MailKit.Net.Smtp.SmtpStream.SendCommandAsync(String command, CancellationToken cancellationToken)
   at MailKit.Net.Smtp.SmtpClient.SendCommandInternalAsync(String command, CancellationToken cancellationToken)
   at MailKit.Net.Smtp.SmtpClient.AuthenticateAsync(Encoding encoding, ICredentials credentials, CancellationToken cancellationToken)
   at EmailWorkerService.EmailConsumerService.SendEmail(EmailNotification email) in D:\estudy2\AI_Generated\estudy\api\EmailWorkerService\EmailConsumerService.cs:line 165
2026-01-03 00:36:36.381 +05:30 [ERR] Error processing message
MailKit.Net.Smtp.SmtpProtocolException: The SMTP server has unexpectedly disconnected: Authentication failed: The provided authorization grant is invalid, expired, or revoked
   at MailKit.Net.Smtp.SmtpStream.ReadAheadAsync(CancellationToken cancellationToken)
   at MailKit.Net.Smtp.SmtpStream.ReadResponseAsync(CancellationToken cancellationToken)
   at MailKit.Net.Smtp.SmtpStream.SendCommandAsync(String command, CancellationToken cancellationToken)
   at MailKit.Net.Smtp.SmtpClient.SendCommandInternalAsync(String command, CancellationToken cancellationToken)
   at MailKit.Net.Smtp.SmtpClient.AuthenticateAsync(Encoding encoding, ICredentials credentials, CancellationToken cancellationToken)
   at EmailWorkerService.EmailConsumerService.SendEmail(EmailNotification email) in D:\estudy2\AI_Generated\estudy\api\EmailWorkerService\EmailConsumerService.cs:line 165
   at EmailWorkerService.EmailConsumerService.<ExecuteAsync>b__6_0(Object model, BasicDeliverEventArgs ea) in D:\estudy2\AI_Generated\estudy\api\EmailWorkerService\EmailConsumerService.cs:line 97
2026-01-03 00:36:36.383 +05:30 [INF] Received message: {"To":"vishal_varshney@hotmail.com","Subject":"Password reset request","Body":"Click the link to reset your password: \u003Ca href=\u0022https://localhost:5001/api/Auth/reset?token=46cd811230fe41f897e99f87cdb7e439\u0022\u003Ehttps://localhost:5001/api/Auth/reset?token=46cd811230fe41f897e99f87cdb7e439\u003C/a\u003E"}
2026-01-03 00:36:37.247 +05:30 [ERR] Failed to send email via SMTP
MailKit.Net.Smtp.SmtpProtocolException: The SMTP server has unexpectedly disconnected: Authentication failed: The provided authorization grant is invalid, expired, or revoked
   at MailKit.Net.Smtp.SmtpStream.ReadAheadAsync(CancellationToken cancellationToken)
   at MailKit.Net.Smtp.SmtpStream.ReadResponseAsync(CancellationToken cancellationToken)
   at MailKit.Net.Smtp.SmtpStream.SendCommandAsync(String command, CancellationToken cancellationToken)
   at MailKit.Net.Smtp.SmtpClient.SendCommandInternalAsync(String command, CancellationToken cancellationToken)
   at MailKit.Net.Smtp.SmtpClient.AuthenticateAsync(Encoding encoding, ICredentials credentials, CancellationToken cancellationToken)
   at EmailWorkerService.EmailConsumerService.SendEmail(EmailNotification email) in D:\estudy2\AI_Generated\estudy\api\EmailWorkerService\EmailConsumerService.cs:line 165
2026-01-03 00:36:37.307 +05:30 [ERR] Error processing message
MailKit.Net.Smtp.SmtpProtocolException: The SMTP server has unexpectedly disconnected: Authentication failed: The provided authorization grant is invalid, expired, or revoked
   at MailKit.Net.Smtp.SmtpStream.ReadAheadAsync(CancellationToken cancellationToken)
   at MailKit.Net.Smtp.SmtpStream.ReadResponseAsync(CancellationToken cancellationToken)
   at MailKit.Net.Smtp.SmtpStream.SendCommandAsync(String command, CancellationToken cancellationToken)
   at MailKit.Net.Smtp.SmtpClient.SendCommandInternalAsync(String command, CancellationToken cancellationToken)
   at MailKit.Net.Smtp.SmtpClient.AuthenticateAsync(Encoding encoding, ICredentials credentials, CancellationToken cancellationToken)
   at EmailWorkerService.EmailConsumerService.SendEmail(EmailNotification email) in D:\estudy2\AI_Generated\estudy\api\EmailWorkerService\EmailConsumerService.cs:line 165
   at EmailWorkerService.EmailConsumerService.<ExecuteAsync>b__6_0(Object model, BasicDeliverEventArgs ea) in D:\estudy2\AI_Generated\estudy\api\EmailWorkerService\EmailConsumerService.cs:line 97
2026-01-03 00:36:37.307 +05:30 [INF] Received message: {"To":"vishal_varshney@hotmail.com","Subject":"Password reset request","Body":"Click the link to reset your password: \u003Ca href=\u0022https://localhost:5001/api/Auth/reset?token=ff17e79b693944598d7091ca80b9e795\u0022\u003Ehttps://localhost:5001/api/Auth/reset?token=ff17e79b693944598d7091ca80b9e795\u003C/a\u003E"}
2026-01-03 00:36:38.408 +05:30 [ERR] Failed to send email via SMTP
MailKit.Net.Smtp.SmtpProtocolException: The SMTP server has unexpectedly disconnected: Authentication failed: The provided authorization grant is invalid, expired, or revoked
   at MailKit.Net.Smtp.SmtpStream.ReadAheadAsync(CancellationToken cancellationToken)
   at MailKit.Net.Smtp.SmtpStream.ReadResponseAsync(CancellationToken cancellationToken)
   at MailKit.Net.Smtp.SmtpStream.SendCommandAsync(String command, CancellationToken cancellationToken)
   at MailKit.Net.Smtp.SmtpClient.SendCommandInternalAsync(String command, CancellationToken cancellationToken)
   at MailKit.Net.Smtp.SmtpClient.AuthenticateAsync(Encoding encoding, ICredentials credentials, CancellationToken cancellationToken)
   at EmailWorkerService.EmailConsumerService.SendEmail(EmailNotification email) in D:\estudy2\AI_Generated\estudy\api\EmailWorkerService\EmailConsumerService.cs:line 165
2026-01-03 00:36:38.474 +05:30 [ERR] Error processing message
MailKit.Net.Smtp.SmtpProtocolException: The SMTP server has unexpectedly disconnected: Authentication failed: The provided authorization grant is invalid, expired, or revoked
   at MailKit.Net.Smtp.SmtpStream.ReadAheadAsync(CancellationToken cancellationToken)
   at MailKit.Net.Smtp.SmtpStream.ReadResponseAsync(CancellationToken cancellationToken)
   at MailKit.Net.Smtp.SmtpStream.SendCommandAsync(String command, CancellationToken cancellationToken)
   at MailKit.Net.Smtp.SmtpClient.SendCommandInternalAsync(String command, CancellationToken cancellationToken)
   at MailKit.Net.Smtp.SmtpClient.AuthenticateAsync(Encoding encoding, ICredentials credentials, CancellationToken cancellationToken)
   at EmailWorkerService.EmailConsumerService.SendEmail(EmailNotification email) in D:\estudy2\AI_Generated\estudy\api\EmailWorkerService\EmailConsumerService.cs:line 165
   at EmailWorkerService.EmailConsumerService.<ExecuteAsync>b__6_0(Object model, BasicDeliverEventArgs ea) in D:\estudy2\AI_Generated\estudy\api\EmailWorkerService\EmailConsumerService.cs:line 97
2026-01-03 00:36:38.474 +05:30 [INF] Received message: {"To":"vishal_varshney@hotmail.com","Subject":"Password reset request","Body":"Click the link to reset your password: \u003Ca href=\u0022https://localhost:5001/api/Auth/reset?token=07042d3fbd43402fa0b11e7beee578d5\u0022\u003Ehttps://localhost:5001/api/Auth/reset?token=07042d3fbd43402fa0b11e7beee578d5\u003C/a\u003E"}
2026-01-03 00:36:39.370 +05:30 [ERR] Failed to send email via SMTP
MailKit.Net.Smtp.SmtpProtocolException: The SMTP server has unexpectedly disconnected: Authentication failed: The provided authorization grant is invalid, expired, or revoked
   at MailKit.Net.Smtp.SmtpStream.ReadAheadAsync(CancellationToken cancellationToken)
   at MailKit.Net.Smtp.SmtpStream.ReadResponseAsync(CancellationToken cancellationToken)
   at MailKit.Net.Smtp.SmtpStream.SendCommandAsync(String command, CancellationToken cancellationToken)
   at MailKit.Net.Smtp.SmtpClient.SendCommandInternalAsync(String command, CancellationToken cancellationToken)
   at MailKit.Net.Smtp.SmtpClient.AuthenticateAsync(Encoding encoding, ICredentials credentials, CancellationToken cancellationToken)
   at EmailWorkerService.EmailConsumerService.SendEmail(EmailNotification email) in D:\estudy2\AI_Generated\estudy\api\EmailWorkerService\EmailConsumerService.cs:line 165
2026-01-03 00:36:39.437 +05:30 [ERR] Error processing message
MailKit.Net.Smtp.SmtpProtocolException: The SMTP server has unexpectedly disconnected: Authentication failed: The provided authorization grant is invalid, expired, or revoked
   at MailKit.Net.Smtp.SmtpStream.ReadAheadAsync(CancellationToken cancellationToken)
   at MailKit.Net.Smtp.SmtpStream.ReadResponseAsync(CancellationToken cancellationToken)
   at MailKit.Net.Smtp.SmtpStream.SendCommandAsync(String command, CancellationToken cancellationToken)
   at MailKit.Net.Smtp.SmtpClient.SendCommandInternalAsync(String command, CancellationToken cancellationToken)
   at MailKit.Net.Smtp.SmtpClient.AuthenticateAsync(Encoding encoding, ICredentials credentials, CancellationToken cancellationToken)
   at EmailWorkerService.EmailConsumerService.SendEmail(EmailNotification email) in D:\estudy2\AI_Generated\estudy\api\EmailWorkerService\EmailConsumerService.cs:line 165
   at EmailWorkerService.EmailConsumerService.<ExecuteAsync>b__6_0(Object model, BasicDeliverEventArgs ea) in D:\estudy2\AI_Generated\estudy\api\EmailWorkerService\EmailConsumerService.cs:line 97
2026-01-03 00:36:39.437 +05:30 [INF] Received message: {"To":"vishal_varshney@hotmail.com","Subject":"Password reset request","Body":"Click the link to reset your password: \u003Ca href=\u0022https://localhost:5001/api/Auth/reset?token=96aeb82bec604da2a58662c6d40f4635\u0022\u003Ehttps://localhost:5001/api/Auth/reset?token=96aeb82bec604da2a58662c6d40f4635\u003C/a\u003E"}
2026-01-03 00:36:40.280 +05:30 [ERR] Failed to send email via SMTP
MailKit.Net.Smtp.SmtpProtocolException: The SMTP server has unexpectedly disconnected: Authentication failed: The provided authorization grant is invalid, expired, or revoked
   at MailKit.Net.Smtp.SmtpStream.ReadAheadAsync(CancellationToken cancellationToken)
   at MailKit.Net.Smtp.SmtpStream.ReadResponseAsync(CancellationToken cancellationToken)
   at MailKit.Net.Smtp.SmtpStream.SendCommandAsync(String command, CancellationToken cancellationToken)
   at MailKit.Net.Smtp.SmtpClient.SendCommandInternalAsync(String command, CancellationToken cancellationToken)
   at MailKit.Net.Smtp.SmtpClient.AuthenticateAsync(Encoding encoding, ICredentials credentials, CancellationToken cancellationToken)
   at EmailWorkerService.EmailConsumerService.SendEmail(EmailNotification email) in D:\estudy2\AI_Generated\estudy\api\EmailWorkerService\EmailConsumerService.cs:line 165
2026-01-03 00:36:40.340 +05:30 [ERR] Error processing message
MailKit.Net.Smtp.SmtpProtocolException: The SMTP server has unexpectedly disconnected: Authentication failed: The provided authorization grant is invalid, expired, or revoked
   at MailKit.Net.Smtp.SmtpStream.ReadAheadAsync(CancellationToken cancellationToken)
   at MailKit.Net.Smtp.SmtpStream.ReadResponseAsync(CancellationToken cancellationToken)
   at MailKit.Net.Smtp.SmtpStream.SendCommandAsync(String command, CancellationToken cancellationToken)
   at MailKit.Net.Smtp.SmtpClient.SendCommandInternalAsync(String command, CancellationToken cancellationToken)
   at MailKit.Net.Smtp.SmtpClient.AuthenticateAsync(Encoding encoding, ICredentials credentials, CancellationToken cancellationToken)
   at EmailWorkerService.EmailConsumerService.SendEmail(EmailNotification email) in D:\estudy2\AI_Generated\estudy\api\EmailWorkerService\EmailConsumerService.cs:line 165
   at EmailWorkerService.EmailConsumerService.<ExecuteAsync>b__6_0(Object model, BasicDeliverEventArgs ea) in D:\estudy2\AI_Generated\estudy\api\EmailWorkerService\EmailConsumerService.cs:line 97
2026-01-03 00:36:40.340 +05:30 [INF] Received message: {"To":"vishal_varshney@hotmail.com","Subject":"Password reset request","Body":"Click the link to reset your password: \u003Ca href=\u0022https://localhost:5001/api/Auth/reset?token=46cd811230fe41f897e99f87cdb7e439\u0022\u003Ehttps://localhost:5001/api/Auth/reset?token=46cd811230fe41f897e99f87cdb7e439\u003C/a\u003E"}
2026-01-03 00:36:41.153 +05:30 [ERR] Failed to send email via SMTP
MailKit.Net.Smtp.SmtpProtocolException: The SMTP server has unexpectedly disconnected: Authentication failed: The provided authorization grant is invalid, expired, or revoked
   at MailKit.Net.Smtp.SmtpStream.ReadAheadAsync(CancellationToken cancellationToken)
   at MailKit.Net.Smtp.SmtpStream.ReadResponseAsync(CancellationToken cancellationToken)
   at MailKit.Net.Smtp.SmtpStream.SendCommandAsync(String command, CancellationToken cancellationToken)
   at MailKit.Net.Smtp.SmtpClient.SendCommandInternalAsync(String command, CancellationToken cancellationToken)
   at MailKit.Net.Smtp.SmtpClient.AuthenticateAsync(Encoding encoding, ICredentials credentials, CancellationToken cancellationToken)
   at EmailWorkerService.EmailConsumerService.SendEmail(EmailNotification email) in D:\estudy2\AI_Generated\estudy\api\EmailWorkerService\EmailConsumerService.cs:line 165
2026-01-03 00:36:41.207 +05:30 [ERR] Error processing message
MailKit.Net.Smtp.SmtpProtocolException: The SMTP server has unexpectedly disconnected: Authentication failed: The provided authorization grant is invalid, expired, or revoked
   at MailKit.Net.Smtp.SmtpStream.ReadAheadAsync(CancellationToken cancellationToken)
   at MailKit.Net.Smtp.SmtpStream.ReadResponseAsync(CancellationToken cancellationToken)
   at MailKit.Net.Smtp.SmtpStream.SendCommandAsync(String command, CancellationToken cancellationToken)
   at MailKit.Net.Smtp.SmtpClient.SendCommandInternalAsync(String command, CancellationToken cancellationToken)
   at MailKit.Net.Smtp.SmtpClient.AuthenticateAsync(Encoding encoding, ICredentials credentials, CancellationToken cancellationToken)
   at EmailWorkerService.EmailConsumerService.SendEmail(EmailNotification email) in D:\estudy2\AI_Generated\estudy\api\EmailWorkerService\EmailConsumerService.cs:line 165
   at EmailWorkerService.EmailConsumerService.<ExecuteAsync>b__6_0(Object model, BasicDeliverEventArgs ea) in D:\estudy2\AI_Generated\estudy\api\EmailWorkerService\EmailConsumerService.cs:line 97
2026-01-03 00:36:41.207 +05:30 [INF] Received message: {"To":"vishal_varshney@hotmail.com","Subject":"Password reset request","Body":"Click the link to reset your password: \u003Ca href=\u0022https://localhost:5001/api/Auth/reset?token=ff17e79b693944598d7091ca80b9e795\u0022\u003Ehttps://localhost:5001/api/Auth/reset?token=ff17e79b693944598d7091ca80b9e795\u003C/a\u003E"}
2026-01-03 00:36:42.054 +05:30 [ERR] Failed to send email via SMTP
MailKit.Net.Smtp.SmtpProtocolException: The SMTP server has unexpectedly disconnected: Authentication failed: The provided authorization grant is invalid, expired, or revoked
   at MailKit.Net.Smtp.SmtpStream.ReadAheadAsync(CancellationToken cancellationToken)
   at MailKit.Net.Smtp.SmtpStream.ReadResponseAsync(CancellationToken cancellationToken)
   at MailKit.Net.Smtp.SmtpStream.SendCommandAsync(String command, CancellationToken cancellationToken)
   at MailKit.Net.Smtp.SmtpClient.SendCommandInternalAsync(String command, CancellationToken cancellationToken)
   at MailKit.Net.Smtp.SmtpClient.AuthenticateAsync(Encoding encoding, ICredentials credentials, CancellationToken cancellationToken)
   at EmailWorkerService.EmailConsumerService.SendEmail(EmailNotification email) in D:\estudy2\AI_Generated\estudy\api\EmailWorkerService\EmailConsumerService.cs:line 165
2026-01-03 00:36:42.110 +05:30 [ERR] Error processing message
MailKit.Net.Smtp.SmtpProtocolException: The SMTP server has unexpectedly disconnected: Authentication failed: The provided authorization grant is invalid, expired, or revoked
   at MailKit.Net.Smtp.SmtpStream.ReadAheadAsync(CancellationToken cancellationToken)
   at MailKit.Net.Smtp.SmtpStream.ReadResponseAsync(CancellationToken cancellationToken)
   at MailKit.Net.Smtp.SmtpStream.SendCommandAsync(String command, CancellationToken cancellationToken)
   at MailKit.Net.Smtp.SmtpClient.SendCommandInternalAsync(String command, CancellationToken cancellationToken)
   at MailKit.Net.Smtp.SmtpClient.AuthenticateAsync(Encoding encoding, ICredentials credentials, CancellationToken cancellationToken)
   at EmailWorkerService.EmailConsumerService.SendEmail(EmailNotification email) in D:\estudy2\AI_Generated\estudy\api\EmailWorkerService\EmailConsumerService.cs:line 165
   at EmailWorkerService.EmailConsumerService.<ExecuteAsync>b__6_0(Object model, BasicDeliverEventArgs ea) in D:\estudy2\AI_Generated\estudy\api\EmailWorkerService\EmailConsumerService.cs:line 97
2026-01-03 00:36:42.111 +05:30 [INF] Received message: {"To":"vishal_varshney@hotmail.com","Subject":"Password reset request","Body":"Click the link to reset your password: \u003Ca href=\u0022https://localhost:5001/api/Auth/reset?token=07042d3fbd43402fa0b11e7beee578d5\u0022\u003Ehttps://localhost:5001/api/Auth/reset?token=07042d3fbd43402fa0b11e7beee578d5\u003C/a\u003E"}
2026-01-03 00:36:43.071 +05:30 [ERR] Failed to send email via SMTP
MailKit.Net.Smtp.SmtpProtocolException: The SMTP server has unexpectedly disconnected: Authentication failed: The provided authorization grant is invalid, expired, or revoked
   at MailKit.Net.Smtp.SmtpStream.ReadAheadAsync(CancellationToken cancellationToken)
   at MailKit.Net.Smtp.SmtpStream.ReadResponseAsync(CancellationToken cancellationToken)
   at MailKit.Net.Smtp.SmtpStream.SendCommandAsync(String command, CancellationToken cancellationToken)
   at MailKit.Net.Smtp.SmtpClient.SendCommandInternalAsync(String command, CancellationToken cancellationToken)
   at MailKit.Net.Smtp.SmtpClient.AuthenticateAsync(Encoding encoding, ICredentials credentials, CancellationToken cancellationToken)
   at EmailWorkerService.EmailConsumerService.SendEmail(EmailNotification email) in D:\estudy2\AI_Generated\estudy\api\EmailWorkerService\EmailConsumerService.cs:line 165
2026-01-03 00:36:43.134 +05:30 [ERR] Error processing message
MailKit.Net.Smtp.SmtpProtocolException: The SMTP server has unexpectedly disconnected: Authentication failed: The provided authorization grant is invalid, expired, or revoked
   at MailKit.Net.Smtp.SmtpStream.ReadAheadAsync(CancellationToken cancellationToken)
   at MailKit.Net.Smtp.SmtpStream.ReadResponseAsync(CancellationToken cancellationToken)
   at MailKit.Net.Smtp.SmtpStream.SendCommandAsync(String command, CancellationToken cancellationToken)
   at MailKit.Net.Smtp.SmtpClient.SendCommandInternalAsync(String command, CancellationToken cancellationToken)
   at MailKit.Net.Smtp.SmtpClient.AuthenticateAsync(Encoding encoding, ICredentials credentials, CancellationToken cancellationToken)
   at EmailWorkerService.EmailConsumerService.SendEmail(EmailNotification email) in D:\estudy2\AI_Generated\estudy\api\EmailWorkerService\EmailConsumerService.cs:line 165
   at EmailWorkerService.EmailConsumerService.<ExecuteAsync>b__6_0(Object model, BasicDeliverEventArgs ea) in D:\estudy2\AI_Generated\estudy\api\EmailWorkerService\EmailConsumerService.cs:line 97
2026-01-03 00:36:43.135 +05:30 [INF] Received message: {"To":"vishal_varshney@hotmail.com","Subject":"Password reset request","Body":"Click the link to reset your password: \u003Ca href=\u0022https://localhost:5001/api/Auth/reset?token=96aeb82bec604da2a58662c6d40f4635\u0022\u003Ehttps://localhost:5001/api/Auth/reset?token=96aeb82bec604da2a58662c6d40f4635\u003C/a\u003E"}
2026-01-03 00:36:44.078 +05:30 [ERR] Failed to send email via SMTP
MailKit.Net.Smtp.SmtpProtocolException: The SMTP server has unexpectedly disconnected: Authentication failed: The provided authorization grant is invalid, expired, or revoked
   at MailKit.Net.Smtp.SmtpStream.ReadAheadAsync(CancellationToken cancellationToken)
   at MailKit.Net.Smtp.SmtpStream.ReadResponseAsync(CancellationToken cancellationToken)
   at MailKit.Net.Smtp.SmtpStream.SendCommandAsync(String command, CancellationToken cancellationToken)
   at MailKit.Net.Smtp.SmtpClient.SendCommandInternalAsync(String command, CancellationToken cancellationToken)
   at MailKit.Net.Smtp.SmtpClient.AuthenticateAsync(Encoding encoding, ICredentials credentials, CancellationToken cancellationToken)
   at EmailWorkerService.EmailConsumerService.SendEmail(EmailNotification email) in D:\estudy2\AI_Generated\estudy\api\EmailWorkerService\EmailConsumerService.cs:line 165
2026-01-03 00:36:44.134 +05:30 [ERR] Error processing message
MailKit.Net.Smtp.SmtpProtocolException: The SMTP server has unexpectedly disconnected: Authentication failed: The provided authorization grant is invalid, expired, or revoked
   at MailKit.Net.Smtp.SmtpStream.ReadAheadAsync(CancellationToken cancellationToken)
   at MailKit.Net.Smtp.SmtpStream.ReadResponseAsync(CancellationToken cancellationToken)
   at MailKit.Net.Smtp.SmtpStream.SendCommandAsync(String command, CancellationToken cancellationToken)
   at MailKit.Net.Smtp.SmtpClient.SendCommandInternalAsync(String command, CancellationToken cancellationToken)
   at MailKit.Net.Smtp.SmtpClient.AuthenticateAsync(Encoding encoding, ICredentials credentials, CancellationToken cancellationToken)
   at EmailWorkerService.EmailConsumerService.SendEmail(EmailNotification email) in D:\estudy2\AI_Generated\estudy\api\EmailWorkerService\EmailConsumerService.cs:line 165
   at EmailWorkerService.EmailConsumerService.<ExecuteAsync>b__6_0(Object model, BasicDeliverEventArgs ea) in D:\estudy2\AI_Generated\estudy\api\EmailWorkerService\EmailConsumerService.cs:line 97
2026-01-03 00:36:44.134 +05:30 [INF] Received message: {"To":"vishal_varshney@hotmail.com","Subject":"Password reset request","Body":"Click the link to reset your password: \u003Ca href=\u0022https://localhost:5001/api/Auth/reset?token=46cd811230fe41f897e99f87cdb7e439\u0022\u003Ehttps://localhost:5001/api/Auth/reset?token=46cd811230fe41f897e99f87cdb7e439\u003C/a\u003E"}
2026-01-03 00:36:45.049 +05:30 [ERR] Failed to send email via SMTP
MailKit.Net.Smtp.SmtpProtocolException: The SMTP server has unexpectedly disconnected: Authentication failed: The provided authorization grant is invalid, expired, or revoked
   at MailKit.Net.Smtp.SmtpStream.ReadAheadAsync(CancellationToken cancellationToken)
   at MailKit.Net.Smtp.SmtpStream.ReadResponseAsync(CancellationToken cancellationToken)
   at MailKit.Net.Smtp.SmtpStream.SendCommandAsync(String command, CancellationToken cancellationToken)
   at MailKit.Net.Smtp.SmtpClient.SendCommandInternalAsync(String command, CancellationToken cancellationToken)
   at MailKit.Net.Smtp.SmtpClient.AuthenticateAsync(Encoding encoding, ICredentials credentials, CancellationToken cancellationToken)
   at EmailWorkerService.EmailConsumerService.SendEmail(EmailNotification email) in D:\estudy2\AI_Generated\estudy\api\EmailWorkerService\EmailConsumerService.cs:line 165
2026-01-03 00:36:45.102 +05:30 [ERR] Error processing message
MailKit.Net.Smtp.SmtpProtocolException: The SMTP server has unexpectedly disconnected: Authentication failed: The provided authorization grant is invalid, expired, or revoked
   at MailKit.Net.Smtp.SmtpStream.ReadAheadAsync(CancellationToken cancellationToken)
   at MailKit.Net.Smtp.SmtpStream.ReadResponseAsync(CancellationToken cancellationToken)
   at MailKit.Net.Smtp.SmtpStream.SendCommandAsync(String command, CancellationToken cancellationToken)
   at MailKit.Net.Smtp.SmtpClient.SendCommandInternalAsync(String command, CancellationToken cancellationToken)
   at MailKit.Net.Smtp.SmtpClient.AuthenticateAsync(Encoding encoding, ICredentials credentials, CancellationToken cancellationToken)
   at EmailWorkerService.EmailConsumerService.SendEmail(EmailNotification email) in D:\estudy2\AI_Generated\estudy\api\EmailWorkerService\EmailConsumerService.cs:line 165
   at EmailWorkerService.EmailConsumerService.<ExecuteAsync>b__6_0(Object model, BasicDeliverEventArgs ea) in D:\estudy2\AI_Generated\estudy\api\EmailWorkerService\EmailConsumerService.cs:line 97
2026-01-03 00:36:45.102 +05:30 [INF] Received message: {"To":"vishal_varshney@hotmail.com","Subject":"Password reset request","Body":"Click the link to reset your password: \u003Ca href=\u0022https://localhost:5001/api/Auth/reset?token=ff17e79b693944598d7091ca80b9e795\u0022\u003Ehttps://localhost:5001/api/Auth/reset?token=ff17e79b693944598d7091ca80b9e795\u003C/a\u003E"}
2026-01-03 00:36:45.941 +05:30 [ERR] Failed to send email via SMTP
MailKit.Net.Smtp.SmtpProtocolException: The SMTP server has unexpectedly disconnected: Authentication failed: The provided authorization grant is invalid, expired, or revoked
   at MailKit.Net.Smtp.SmtpStream.ReadAheadAsync(CancellationToken cancellationToken)
   at MailKit.Net.Smtp.SmtpStream.ReadResponseAsync(CancellationToken cancellationToken)
   at MailKit.Net.Smtp.SmtpStream.SendCommandAsync(String command, CancellationToken cancellationToken)
   at MailKit.Net.Smtp.SmtpClient.SendCommandInternalAsync(String command, CancellationToken cancellationToken)
   at MailKit.Net.Smtp.SmtpClient.AuthenticateAsync(Encoding encoding, ICredentials credentials, CancellationToken cancellationToken)
   at EmailWorkerService.EmailConsumerService.SendEmail(EmailNotification email) in D:\estudy2\AI_Generated\estudy\api\EmailWorkerService\EmailConsumerService.cs:line 165
2026-01-03 00:36:45.999 +05:30 [ERR] Error processing message
MailKit.Net.Smtp.SmtpProtocolException: The SMTP server has unexpectedly disconnected: Authentication failed: The provided authorization grant is invalid, expired, or revoked
   at MailKit.Net.Smtp.SmtpStream.ReadAheadAsync(CancellationToken cancellationToken)
   at MailKit.Net.Smtp.SmtpStream.ReadResponseAsync(CancellationToken cancellationToken)
   at MailKit.Net.Smtp.SmtpStream.SendCommandAsync(String command, CancellationToken cancellationToken)
   at MailKit.Net.Smtp.SmtpClient.SendCommandInternalAsync(String command, CancellationToken cancellationToken)
   at MailKit.Net.Smtp.SmtpClient.AuthenticateAsync(Encoding encoding, ICredentials credentials, CancellationToken cancellationToken)
   at EmailWorkerService.EmailConsumerService.SendEmail(EmailNotification email) in D:\estudy2\AI_Generated\estudy\api\EmailWorkerService\EmailConsumerService.cs:line 165
   at EmailWorkerService.EmailConsumerService.<ExecuteAsync>b__6_0(Object model, BasicDeliverEventArgs ea) in D:\estudy2\AI_Generated\estudy\api\EmailWorkerService\EmailConsumerService.cs:line 97
2026-01-03 00:36:45.999 +05:30 [INF] Received message: {"To":"vishal_varshney@hotmail.com","Subject":"Password reset request","Body":"Click the link to reset your password: \u003Ca href=\u0022https://localhost:5001/api/Auth/reset?token=07042d3fbd43402fa0b11e7beee578d5\u0022\u003Ehttps://localhost:5001/api/Auth/reset?token=07042d3fbd43402fa0b11e7beee578d5\u003C/a\u003E"}
2026-01-03 00:36:46.965 +05:30 [ERR] Failed to send email via SMTP
MailKit.Net.Smtp.SmtpProtocolException: The SMTP server has unexpectedly disconnected: Authentication failed: The provided authorization grant is invalid, expired, or revoked
   at MailKit.Net.Smtp.SmtpStream.ReadAheadAsync(CancellationToken cancellationToken)
   at MailKit.Net.Smtp.SmtpStream.ReadResponseAsync(CancellationToken cancellationToken)
   at MailKit.Net.Smtp.SmtpStream.SendCommandAsync(String command, CancellationToken cancellationToken)
   at MailKit.Net.Smtp.SmtpClient.SendCommandInternalAsync(String command, CancellationToken cancellationToken)
   at MailKit.Net.Smtp.SmtpClient.AuthenticateAsync(Encoding encoding, ICredentials credentials, CancellationToken cancellationToken)
   at EmailWorkerService.EmailConsumerService.SendEmail(EmailNotification email) in D:\estudy2\AI_Generated\estudy\api\EmailWorkerService\EmailConsumerService.cs:line 165
2026-01-03 00:36:47.021 +05:30 [ERR] Error processing message
MailKit.Net.Smtp.SmtpProtocolException: The SMTP server has unexpectedly disconnected: Authentication failed: The provided authorization grant is invalid, expired, or revoked
   at MailKit.Net.Smtp.SmtpStream.ReadAheadAsync(CancellationToken cancellationToken)
   at MailKit.Net.Smtp.SmtpStream.ReadResponseAsync(CancellationToken cancellationToken)
   at MailKit.Net.Smtp.SmtpStream.SendCommandAsync(String command, CancellationToken cancellationToken)
   at MailKit.Net.Smtp.SmtpClient.SendCommandInternalAsync(String command, CancellationToken cancellationToken)
   at MailKit.Net.Smtp.SmtpClient.AuthenticateAsync(Encoding encoding, ICredentials credentials, CancellationToken cancellationToken)
   at EmailWorkerService.EmailConsumerService.SendEmail(EmailNotification email) in D:\estudy2\AI_Generated\estudy\api\EmailWorkerService\EmailConsumerService.cs:line 165
   at EmailWorkerService.EmailConsumerService.<ExecuteAsync>b__6_0(Object model, BasicDeliverEventArgs ea) in D:\estudy2\AI_Generated\estudy\api\EmailWorkerService\EmailConsumerService.cs:line 97
2026-01-03 00:36:47.021 +05:30 [INF] Received message: {"To":"vishal_varshney@hotmail.com","Subject":"Password reset request","Body":"Click the link to reset your password: \u003Ca href=\u0022https://localhost:5001/api/Auth/reset?token=96aeb82bec604da2a58662c6d40f4635\u0022\u003Ehttps://localhost:5001/api/Auth/reset?token=96aeb82bec604da2a58662c6d40f4635\u003C/a\u003E"}
2026-01-03 00:36:47.885 +05:30 [ERR] Failed to send email via SMTP
MailKit.Net.Smtp.SmtpProtocolException: The SMTP server has unexpectedly disconnected: Authentication failed: The provided authorization grant is invalid, expired, or revoked
   at MailKit.Net.Smtp.SmtpStream.ReadAheadAsync(CancellationToken cancellationToken)
   at MailKit.Net.Smtp.SmtpStream.ReadResponseAsync(CancellationToken cancellationToken)
   at MailKit.Net.Smtp.SmtpStream.SendCommandAsync(String command, CancellationToken cancellationToken)
   at MailKit.Net.Smtp.SmtpClient.SendCommandInternalAsync(String command, CancellationToken cancellationToken)
   at MailKit.Net.Smtp.SmtpClient.AuthenticateAsync(Encoding encoding, ICredentials credentials, CancellationToken cancellationToken)
   at EmailWorkerService.EmailConsumerService.SendEmail(EmailNotification email) in D:\estudy2\AI_Generated\estudy\api\EmailWorkerService\EmailConsumerService.cs:line 165
2026-01-03 00:36:47.943 +05:30 [ERR] Error processing message
MailKit.Net.Smtp.SmtpProtocolException: The SMTP server has unexpectedly disconnected: Authentication failed: The provided authorization grant is invalid, expired, or revoked
   at MailKit.Net.Smtp.SmtpStream.ReadAheadAsync(CancellationToken cancellationToken)
   at MailKit.Net.Smtp.SmtpStream.ReadResponseAsync(CancellationToken cancellationToken)
   at MailKit.Net.Smtp.SmtpStream.SendCommandAsync(String command, CancellationToken cancellationToken)
   at MailKit.Net.Smtp.SmtpClient.SendCommandInternalAsync(String command, CancellationToken cancellationToken)
   at MailKit.Net.Smtp.SmtpClient.AuthenticateAsync(Encoding encoding, ICredentials credentials, CancellationToken cancellationToken)
   at EmailWorkerService.EmailConsumerService.SendEmail(EmailNotification email) in D:\estudy2\AI_Generated\estudy\api\EmailWorkerService\EmailConsumerService.cs:line 165
   at EmailWorkerService.EmailConsumerService.<ExecuteAsync>b__6_0(Object model, BasicDeliverEventArgs ea) in D:\estudy2\AI_Generated\estudy\api\EmailWorkerService\EmailConsumerService.cs:line 97
2026-01-03 00:36:47.943 +05:30 [INF] Received message: {"To":"vishal_varshney@hotmail.com","Subject":"Password reset request","Body":"Click the link to reset your password: \u003Ca href=\u0022https://localhost:5001/api/Auth/reset?token=46cd811230fe41f897e99f87cdb7e439\u0022\u003Ehttps://localhost:5001/api/Auth/reset?token=46cd811230fe41f897e99f87cdb7e439\u003C/a\u003E"}
2026-01-03 00:36:49.070 +05:30 [ERR] Failed to send email via SMTP
MailKit.Net.Smtp.SmtpProtocolException: The SMTP server has unexpectedly disconnected: Authentication failed: The provided authorization grant is invalid, expired, or revoked
   at MailKit.Net.Smtp.SmtpStream.ReadAheadAsync(CancellationToken cancellationToken)
   at MailKit.Net.Smtp.SmtpStream.ReadResponseAsync(CancellationToken cancellationToken)
   at MailKit.Net.Smtp.SmtpStream.SendCommandAsync(String command, CancellationToken cancellationToken)
   at MailKit.Net.Smtp.SmtpClient.SendCommandInternalAsync(String command, CancellationToken cancellationToken)
   at MailKit.Net.Smtp.SmtpClient.AuthenticateAsync(Encoding encoding, ICredentials credentials, CancellationToken cancellationToken)
   at EmailWorkerService.EmailConsumerService.SendEmail(EmailNotification email) in D:\estudy2\AI_Generated\estudy\api\EmailWorkerService\EmailConsumerService.cs:line 165
2026-01-03 00:36:49.120 +05:30 [ERR] Error processing message
MailKit.Net.Smtp.SmtpProtocolException: The SMTP server has unexpectedly disconnected: Authentication failed: The provided authorization grant is invalid, expired, or revoked
   at MailKit.Net.Smtp.SmtpStream.ReadAheadAsync(CancellationToken cancellationToken)
   at MailKit.Net.Smtp.SmtpStream.ReadResponseAsync(CancellationToken cancellationToken)
   at MailKit.Net.Smtp.SmtpStream.SendCommandAsync(String command, CancellationToken cancellationToken)
   at MailKit.Net.Smtp.SmtpClient.SendCommandInternalAsync(String command, CancellationToken cancellationToken)
   at MailKit.Net.Smtp.SmtpClient.AuthenticateAsync(Encoding encoding, ICredentials credentials, CancellationToken cancellationToken)
   at EmailWorkerService.EmailConsumerService.SendEmail(EmailNotification email) in D:\estudy2\AI_Generated\estudy\api\EmailWorkerService\EmailConsumerService.cs:line 165
   at EmailWorkerService.EmailConsumerService.<ExecuteAsync>b__6_0(Object model, BasicDeliverEventArgs ea) in D:\estudy2\AI_Generated\estudy\api\EmailWorkerService\EmailConsumerService.cs:line 97
2026-01-03 00:36:49.120 +05:30 [INF] Received message: {"To":"vishal_varshney@hotmail.com","Subject":"Password reset request","Body":"Click the link to reset your password: \u003Ca href=\u0022https://localhost:5001/api/Auth/reset?token=ff17e79b693944598d7091ca80b9e795\u0022\u003Ehttps://localhost:5001/api/Auth/reset?token=ff17e79b693944598d7091ca80b9e795\u003C/a\u003E"}
2026-01-03 00:36:49.905 +05:30 [ERR] Failed to send email via SMTP
MailKit.Net.Smtp.SmtpProtocolException: The SMTP server has unexpectedly disconnected: Authentication failed: The provided authorization grant is invalid, expired, or revoked
   at MailKit.Net.Smtp.SmtpStream.ReadAheadAsync(CancellationToken cancellationToken)
   at MailKit.Net.Smtp.SmtpStream.ReadResponseAsync(CancellationToken cancellationToken)
   at MailKit.Net.Smtp.SmtpStream.SendCommandAsync(String command, CancellationToken cancellationToken)
   at MailKit.Net.Smtp.SmtpClient.SendCommandInternalAsync(String command, CancellationToken cancellationToken)
   at MailKit.Net.Smtp.SmtpClient.AuthenticateAsync(Encoding encoding, ICredentials credentials, CancellationToken cancellationToken)
   at EmailWorkerService.EmailConsumerService.SendEmail(EmailNotification email) in D:\estudy2\AI_Generated\estudy\api\EmailWorkerService\EmailConsumerService.cs:line 165
2026-01-03 00:36:49.959 +05:30 [ERR] Error processing message
MailKit.Net.Smtp.SmtpProtocolException: The SMTP server has unexpectedly disconnected: Authentication failed: The provided authorization grant is invalid, expired, or revoked
   at MailKit.Net.Smtp.SmtpStream.ReadAheadAsync(CancellationToken cancellationToken)
   at MailKit.Net.Smtp.SmtpStream.ReadResponseAsync(CancellationToken cancellationToken)
   at MailKit.Net.Smtp.SmtpStream.SendCommandAsync(String command, CancellationToken cancellationToken)
   at MailKit.Net.Smtp.SmtpClient.SendCommandInternalAsync(String command, CancellationToken cancellationToken)
   at MailKit.Net.Smtp.SmtpClient.AuthenticateAsync(Encoding encoding, ICredentials credentials, CancellationToken cancellationToken)
   at EmailWorkerService.EmailConsumerService.SendEmail(EmailNotification email) in D:\estudy2\AI_Generated\estudy\api\EmailWorkerService\EmailConsumerService.cs:line 165
   at EmailWorkerService.EmailConsumerService.<ExecuteAsync>b__6_0(Object model, BasicDeliverEventArgs ea) in D:\estudy2\AI_Generated\estudy\api\EmailWorkerService\EmailConsumerService.cs:line 97
2026-01-03 00:36:49.959 +05:30 [INF] Received message: {"To":"vishal_varshney@hotmail.com","Subject":"Password reset request","Body":"Click the link to reset your password: \u003Ca href=\u0022https://localhost:5001/api/Auth/reset?token=07042d3fbd43402fa0b11e7beee578d5\u0022\u003Ehttps://localhost:5001/api/Auth/reset?token=07042d3fbd43402fa0b11e7beee578d5\u003C/a\u003E"}
2026-01-03 00:36:50.932 +05:30 [ERR] Failed to send email via SMTP
MailKit.Net.Smtp.SmtpProtocolException: The SMTP server has unexpectedly disconnected: Authentication failed: The provided authorization grant is invalid, expired, or revoked
   at MailKit.Net.Smtp.SmtpStream.ReadAheadAsync(CancellationToken cancellationToken)
   at MailKit.Net.Smtp.SmtpStream.ReadResponseAsync(CancellationToken cancellationToken)
   at MailKit.Net.Smtp.SmtpStream.SendCommandAsync(String command, CancellationToken cancellationToken)
   at MailKit.Net.Smtp.SmtpClient.SendCommandInternalAsync(String command, CancellationToken cancellationToken)
   at MailKit.Net.Smtp.SmtpClient.AuthenticateAsync(Encoding encoding, ICredentials credentials, CancellationToken cancellationToken)
   at EmailWorkerService.EmailConsumerService.SendEmail(EmailNotification email) in D:\estudy2\AI_Generated\estudy\api\EmailWorkerService\EmailConsumerService.cs:line 165
2026-01-03 00:36:50.982 +05:30 [ERR] Error processing message
MailKit.Net.Smtp.SmtpProtocolException: The SMTP server has unexpectedly disconnected: Authentication failed: The provided authorization grant is invalid, expired, or revoked
   at MailKit.Net.Smtp.SmtpStream.ReadAheadAsync(CancellationToken cancellationToken)
   at MailKit.Net.Smtp.SmtpStream.ReadResponseAsync(CancellationToken cancellationToken)
   at MailKit.Net.Smtp.SmtpStream.SendCommandAsync(String command, CancellationToken cancellationToken)
   at MailKit.Net.Smtp.SmtpClient.SendCommandInternalAsync(String command, CancellationToken cancellationToken)
   at MailKit.Net.Smtp.SmtpClient.AuthenticateAsync(Encoding encoding, ICredentials credentials, CancellationToken cancellationToken)
   at EmailWorkerService.EmailConsumerService.SendEmail(EmailNotification email) in D:\estudy2\AI_Generated\estudy\api\EmailWorkerService\EmailConsumerService.cs:line 165
   at EmailWorkerService.EmailConsumerService.<ExecuteAsync>b__6_0(Object model, BasicDeliverEventArgs ea) in D:\estudy2\AI_Generated\estudy\api\EmailWorkerService\EmailConsumerService.cs:line 97
2026-01-03 00:36:50.982 +05:30 [INF] Received message: {"To":"vishal_varshney@hotmail.com","Subject":"Password reset request","Body":"Click the link to reset your password: \u003Ca href=\u0022https://localhost:5001/api/Auth/reset?token=96aeb82bec604da2a58662c6d40f4635\u0022\u003Ehttps://localhost:5001/api/Auth/reset?token=96aeb82bec604da2a58662c6d40f4635\u003C/a\u003E"}
2026-01-03 00:36:51.883 +05:30 [ERR] Failed to send email via SMTP
MailKit.Net.Smtp.SmtpProtocolException: The SMTP server has unexpectedly disconnected: Authentication failed: The provided authorization grant is invalid, expired, or revoked
   at MailKit.Net.Smtp.SmtpStream.ReadAheadAsync(CancellationToken cancellationToken)
   at MailKit.Net.Smtp.SmtpStream.ReadResponseAsync(CancellationToken cancellationToken)
   at MailKit.Net.Smtp.SmtpStream.SendCommandAsync(String command, CancellationToken cancellationToken)
   at MailKit.Net.Smtp.SmtpClient.SendCommandInternalAsync(String command, CancellationToken cancellationToken)
   at MailKit.Net.Smtp.SmtpClient.AuthenticateAsync(Encoding encoding, ICredentials credentials, CancellationToken cancellationToken)
   at EmailWorkerService.EmailConsumerService.SendEmail(EmailNotification email) in D:\estudy2\AI_Generated\estudy\api\EmailWorkerService\EmailConsumerService.cs:line 165
2026-01-03 00:36:51.933 +05:30 [ERR] Error processing message
MailKit.Net.Smtp.SmtpProtocolException: The SMTP server has unexpectedly disconnected: Authentication failed: The provided authorization grant is invalid, expired, or revoked
   at MailKit.Net.Smtp.SmtpStream.ReadAheadAsync(CancellationToken cancellationToken)
   at MailKit.Net.Smtp.SmtpStream.ReadResponseAsync(CancellationToken cancellationToken)
   at MailKit.Net.Smtp.SmtpStream.SendCommandAsync(String command, CancellationToken cancellationToken)
   at MailKit.Net.Smtp.SmtpClient.SendCommandInternalAsync(String command, CancellationToken cancellationToken)
   at MailKit.Net.Smtp.SmtpClient.AuthenticateAsync(Encoding encoding, ICredentials credentials, CancellationToken cancellationToken)
   at EmailWorkerService.EmailConsumerService.SendEmail(EmailNotification email) in D:\estudy2\AI_Generated\estudy\api\EmailWorkerService\EmailConsumerService.cs:line 165
   at EmailWorkerService.EmailConsumerService.<ExecuteAsync>b__6_0(Object model, BasicDeliverEventArgs ea) in D:\estudy2\AI_Generated\estudy\api\EmailWorkerService\EmailConsumerService.cs:line 97
2026-01-03 00:36:51.934 +05:30 [INF] Received message: {"To":"vishal_varshney@hotmail.com","Subject":"Password reset request","Body":"Click the link to reset your password: \u003Ca href=\u0022https://localhost:5001/api/Auth/reset?token=46cd811230fe41f897e99f87cdb7e439\u0022\u003Ehttps://localhost:5001/api/Auth/reset?token=46cd811230fe41f897e99f87cdb7e439\u003C/a\u003E"}
2026-01-03 00:36:52.815 +05:30 [ERR] Failed to send email via SMTP
MailKit.Net.Smtp.SmtpProtocolException: The SMTP server has unexpectedly disconnected: Authentication failed: The provided authorization grant is invalid, expired, or revoked
   at MailKit.Net.Smtp.SmtpStream.ReadAheadAsync(CancellationToken cancellationToken)
   at MailKit.Net.Smtp.SmtpStream.ReadResponseAsync(CancellationToken cancellationToken)
   at MailKit.Net.Smtp.SmtpStream.SendCommandAsync(String command, CancellationToken cancellationToken)
   at MailKit.Net.Smtp.SmtpClient.SendCommandInternalAsync(String command, CancellationToken cancellationToken)
   at MailKit.Net.Smtp.SmtpClient.AuthenticateAsync(Encoding encoding, ICredentials credentials, CancellationToken cancellationToken)
   at EmailWorkerService.EmailConsumerService.SendEmail(EmailNotification email) in D:\estudy2\AI_Generated\estudy\api\EmailWorkerService\EmailConsumerService.cs:line 165
2026-01-03 00:36:52.884 +05:30 [ERR] Error processing message
MailKit.Net.Smtp.SmtpProtocolException: The SMTP server has unexpectedly disconnected: Authentication failed: The provided authorization grant is invalid, expired, or revoked
   at MailKit.Net.Smtp.SmtpStream.ReadAheadAsync(CancellationToken cancellationToken)
   at MailKit.Net.Smtp.SmtpStream.ReadResponseAsync(CancellationToken cancellationToken)
   at MailKit.Net.Smtp.SmtpStream.SendCommandAsync(String command, CancellationToken cancellationToken)
   at MailKit.Net.Smtp.SmtpClient.SendCommandInternalAsync(String command, CancellationToken cancellationToken)
   at MailKit.Net.Smtp.SmtpClient.AuthenticateAsync(Encoding encoding, ICredentials credentials, CancellationToken cancellationToken)
   at EmailWorkerService.EmailConsumerService.SendEmail(EmailNotification email) in D:\estudy2\AI_Generated\estudy\api\EmailWorkerService\EmailConsumerService.cs:line 165
   at EmailWorkerService.EmailConsumerService.<ExecuteAsync>b__6_0(Object model, BasicDeliverEventArgs ea) in D:\estudy2\AI_Generated\estudy\api\EmailWorkerService\EmailConsumerService.cs:line 97
2026-01-03 00:36:52.884 +05:30 [INF] Received message: {"To":"vishal_varshney@hotmail.com","Subject":"Password reset request","Body":"Click the link to reset your password: \u003Ca href=\u0022https://localhost:5001/api/Auth/reset?token=ff17e79b693944598d7091ca80b9e795\u0022\u003Ehttps://localhost:5001/api/Auth/reset?token=ff17e79b693944598d7091ca80b9e795\u003C/a\u003E"}
2026-01-03 00:36:53.910 +05:30 [ERR] Failed to send email via SMTP
MailKit.Net.Smtp.SmtpProtocolException: The SMTP server has unexpectedly disconnected: Authentication failed: The provided authorization grant is invalid, expired, or revoked
   at MailKit.Net.Smtp.SmtpStream.ReadAheadAsync(CancellationToken cancellationToken)
   at MailKit.Net.Smtp.SmtpStream.ReadResponseAsync(CancellationToken cancellationToken)
   at MailKit.Net.Smtp.SmtpStream.SendCommandAsync(String command, CancellationToken cancellationToken)
   at MailKit.Net.Smtp.SmtpClient.SendCommandInternalAsync(String command, CancellationToken cancellationToken)
   at MailKit.Net.Smtp.SmtpClient.AuthenticateAsync(Encoding encoding, ICredentials credentials, CancellationToken cancellationToken)
   at EmailWorkerService.EmailConsumerService.SendEmail(EmailNotification email) in D:\estudy2\AI_Generated\estudy\api\EmailWorkerService\EmailConsumerService.cs:line 165
2026-01-03 00:36:53.983 +05:30 [ERR] Error processing message
MailKit.Net.Smtp.SmtpProtocolException: The SMTP server has unexpectedly disconnected: Authentication failed: The provided authorization grant is invalid, expired, or revoked
   at MailKit.Net.Smtp.SmtpStream.ReadAheadAsync(CancellationToken cancellationToken)
   at MailKit.Net.Smtp.SmtpStream.ReadResponseAsync(CancellationToken cancellationToken)
   at MailKit.Net.Smtp.SmtpStream.SendCommandAsync(String command, CancellationToken cancellationToken)
   at MailKit.Net.Smtp.SmtpClient.SendCommandInternalAsync(String command, CancellationToken cancellationToken)
   at MailKit.Net.Smtp.SmtpClient.AuthenticateAsync(Encoding encoding, ICredentials credentials, CancellationToken cancellationToken)
   at EmailWorkerService.EmailConsumerService.SendEmail(EmailNotification email) in D:\estudy2\AI_Generated\estudy\api\EmailWorkerService\EmailConsumerService.cs:line 165
   at EmailWorkerService.EmailConsumerService.<ExecuteAsync>b__6_0(Object model, BasicDeliverEventArgs ea) in D:\estudy2\AI_Generated\estudy\api\EmailWorkerService\EmailConsumerService.cs:line 97
2026-01-03 00:36:53.983 +05:30 [INF] Received message: {"To":"vishal_varshney@hotmail.com","Subject":"Password reset request","Body":"Click the link to reset your password: \u003Ca href=\u0022https://localhost:5001/api/Auth/reset?token=07042d3fbd43402fa0b11e7beee578d5\u0022\u003Ehttps://localhost:5001/api/Auth/reset?token=07042d3fbd43402fa0b11e7beee578d5\u003C/a\u003E"}
2026-01-03 00:36:54.890 +05:30 [ERR] Failed to send email via SMTP
MailKit.Net.Smtp.SmtpProtocolException: The SMTP server has unexpectedly disconnected: Authentication failed: The provided authorization grant is invalid, expired, or revoked
   at MailKit.Net.Smtp.SmtpStream.ReadAheadAsync(CancellationToken cancellationToken)
   at MailKit.Net.Smtp.SmtpStream.ReadResponseAsync(CancellationToken cancellationToken)
   at MailKit.Net.Smtp.SmtpStream.SendCommandAsync(String command, CancellationToken cancellationToken)
   at MailKit.Net.Smtp.SmtpClient.SendCommandInternalAsync(String command, CancellationToken cancellationToken)
   at MailKit.Net.Smtp.SmtpClient.AuthenticateAsync(Encoding encoding, ICredentials credentials, CancellationToken cancellationToken)
   at EmailWorkerService.EmailConsumerService.SendEmail(EmailNotification email) in D:\estudy2\AI_Generated\estudy\api\EmailWorkerService\EmailConsumerService.cs:line 165
2026-01-03 00:36:54.959 +05:30 [ERR] Error processing message
MailKit.Net.Smtp.SmtpProtocolException: The SMTP server has unexpectedly disconnected: Authentication failed: The provided authorization grant is invalid, expired, or revoked
   at MailKit.Net.Smtp.SmtpStream.ReadAheadAsync(CancellationToken cancellationToken)
   at MailKit.Net.Smtp.SmtpStream.ReadResponseAsync(CancellationToken cancellationToken)
   at MailKit.Net.Smtp.SmtpStream.SendCommandAsync(String command, CancellationToken cancellationToken)
   at MailKit.Net.Smtp.SmtpClient.SendCommandInternalAsync(String command, CancellationToken cancellationToken)
   at MailKit.Net.Smtp.SmtpClient.AuthenticateAsync(Encoding encoding, ICredentials credentials, CancellationToken cancellationToken)
   at EmailWorkerService.EmailConsumerService.SendEmail(EmailNotification email) in D:\estudy2\AI_Generated\estudy\api\EmailWorkerService\EmailConsumerService.cs:line 165
   at EmailWorkerService.EmailConsumerService.<ExecuteAsync>b__6_0(Object model, BasicDeliverEventArgs ea) in D:\estudy2\AI_Generated\estudy\api\EmailWorkerService\EmailConsumerService.cs:line 97
2026-01-03 00:36:54.959 +05:30 [INF] Received message: {"To":"vishal_varshney@hotmail.com","Subject":"Password reset request","Body":"Click the link to reset your password: \u003Ca href=\u0022https://localhost:5001/api/Auth/reset?token=96aeb82bec604da2a58662c6d40f4635\u0022\u003Ehttps://localhost:5001/api/Auth/reset?token=96aeb82bec604da2a58662c6d40f4635\u003C/a\u003E"}
2026-01-03 00:36:55.876 +05:30 [ERR] Failed to send email via SMTP
MailKit.Net.Smtp.SmtpProtocolException: The SMTP server has unexpectedly disconnected: Authentication failed: The provided authorization grant is invalid, expired, or revoked
   at MailKit.Net.Smtp.SmtpStream.ReadAheadAsync(CancellationToken cancellationToken)
   at MailKit.Net.Smtp.SmtpStream.ReadResponseAsync(CancellationToken cancellationToken)
   at MailKit.Net.Smtp.SmtpStream.SendCommandAsync(String command, CancellationToken cancellationToken)
   at MailKit.Net.Smtp.SmtpClient.SendCommandInternalAsync(String command, CancellationToken cancellationToken)
   at MailKit.Net.Smtp.SmtpClient.AuthenticateAsync(Encoding encoding, ICredentials credentials, CancellationToken cancellationToken)
   at EmailWorkerService.EmailConsumerService.SendEmail(EmailNotification email) in D:\estudy2\AI_Generated\estudy\api\EmailWorkerService\EmailConsumerService.cs:line 165
2026-01-03 00:36:55.925 +05:30 [ERR] Error processing message
MailKit.Net.Smtp.SmtpProtocolException: The SMTP server has unexpectedly disconnected: Authentication failed: The provided authorization grant is invalid, expired, or revoked
   at MailKit.Net.Smtp.SmtpStream.ReadAheadAsync(CancellationToken cancellationToken)
   at MailKit.Net.Smtp.SmtpStream.ReadResponseAsync(CancellationToken cancellationToken)
   at MailKit.Net.Smtp.SmtpStream.SendCommandAsync(String command, CancellationToken cancellationToken)
   at MailKit.Net.Smtp.SmtpClient.SendCommandInternalAsync(String command, CancellationToken cancellationToken)
   at MailKit.Net.Smtp.SmtpClient.AuthenticateAsync(Encoding encoding, ICredentials credentials, CancellationToken cancellationToken)
   at EmailWorkerService.EmailConsumerService.SendEmail(EmailNotification email) in D:\estudy2\AI_Generated\estudy\api\EmailWorkerService\EmailConsumerService.cs:line 165
   at EmailWorkerService.EmailConsumerService.<ExecuteAsync>b__6_0(Object model, BasicDeliverEventArgs ea) in D:\estudy2\AI_Generated\estudy\api\EmailWorkerService\EmailConsumerService.cs:line 97
2026-01-03 00:36:55.925 +05:30 [INF] Received message: {"To":"vishal_varshney@hotmail.com","Subject":"Password reset request","Body":"Click the link to reset your password: \u003Ca href=\u0022https://localhost:5001/api/Auth/reset?token=46cd811230fe41f897e99f87cdb7e439\u0022\u003Ehttps://localhost:5001/api/Auth/reset?token=46cd811230fe41f897e99f87cdb7e439\u003C/a\u003E"}
2026-01-03 00:36:56.909 +05:30 [ERR] Failed to send email via SMTP
MailKit.Net.Smtp.SmtpProtocolException: The SMTP server has unexpectedly disconnected: Authentication failed: The provided authorization grant is invalid, expired, or revoked
   at MailKit.Net.Smtp.SmtpStream.ReadAheadAsync(CancellationToken cancellationToken)
   at MailKit.Net.Smtp.SmtpStream.ReadResponseAsync(CancellationToken cancellationToken)
   at MailKit.Net.Smtp.SmtpStream.SendCommandAsync(String command, CancellationToken cancellationToken)
   at MailKit.Net.Smtp.SmtpClient.SendCommandInternalAsync(String command, CancellationToken cancellationToken)
   at MailKit.Net.Smtp.SmtpClient.AuthenticateAsync(Encoding encoding, ICredentials credentials, CancellationToken cancellationToken)
   at EmailWorkerService.EmailConsumerService.SendEmail(EmailNotification email) in D:\estudy2\AI_Generated\estudy\api\EmailWorkerService\EmailConsumerService.cs:line 165
2026-01-03 00:36:56.969 +05:30 [ERR] Error processing message
MailKit.Net.Smtp.SmtpProtocolException: The SMTP server has unexpectedly disconnected: Authentication failed: The provided authorization grant is invalid, expired, or revoked
   at MailKit.Net.Smtp.SmtpStream.ReadAheadAsync(CancellationToken cancellationToken)
   at MailKit.Net.Smtp.SmtpStream.ReadResponseAsync(CancellationToken cancellationToken)
   at MailKit.Net.Smtp.SmtpStream.SendCommandAsync(String command, CancellationToken cancellationToken)
   at MailKit.Net.Smtp.SmtpClient.SendCommandInternalAsync(String command, CancellationToken cancellationToken)
   at MailKit.Net.Smtp.SmtpClient.AuthenticateAsync(Encoding encoding, ICredentials credentials, CancellationToken cancellationToken)
   at EmailWorkerService.EmailConsumerService.SendEmail(EmailNotification email) in D:\estudy2\AI_Generated\estudy\api\EmailWorkerService\EmailConsumerService.cs:line 165
   at EmailWorkerService.EmailConsumerService.<ExecuteAsync>b__6_0(Object model, BasicDeliverEventArgs ea) in D:\estudy2\AI_Generated\estudy\api\EmailWorkerService\EmailConsumerService.cs:line 97
2026-01-03 00:36:56.969 +05:30 [INF] Received message: {"To":"vishal_varshney@hotmail.com","Subject":"Password reset request","Body":"Click the link to reset your password: \u003Ca href=\u0022https://localhost:5001/api/Auth/reset?token=ff17e79b693944598d7091ca80b9e795\u0022\u003Ehttps://localhost:5001/api/Auth/reset?token=ff17e79b693944598d7091ca80b9e795\u003C/a\u003E"}
2026-01-03 00:36:57.854 +05:30 [ERR] Failed to send email via SMTP
MailKit.Net.Smtp.SmtpProtocolException: The SMTP server has unexpectedly disconnected: Authentication failed: The provided authorization grant is invalid, expired, or revoked
   at MailKit.Net.Smtp.SmtpStream.ReadAheadAsync(CancellationToken cancellationToken)
   at MailKit.Net.Smtp.SmtpStream.ReadResponseAsync(CancellationToken cancellationToken)
   at MailKit.Net.Smtp.SmtpStream.SendCommandAsync(String command, CancellationToken cancellationToken)
   at MailKit.Net.Smtp.SmtpClient.SendCommandInternalAsync(String command, CancellationToken cancellationToken)
   at MailKit.Net.Smtp.SmtpClient.AuthenticateAsync(Encoding encoding, ICredentials credentials, CancellationToken cancellationToken)
   at EmailWorkerService.EmailConsumerService.SendEmail(EmailNotification email) in D:\estudy2\AI_Generated\estudy\api\EmailWorkerService\EmailConsumerService.cs:line 165
2026-01-03 00:36:57.908 +05:30 [ERR] Error processing message
MailKit.Net.Smtp.SmtpProtocolException: The SMTP server has unexpectedly disconnected: Authentication failed: The provided authorization grant is invalid, expired, or revoked
   at MailKit.Net.Smtp.SmtpStream.ReadAheadAsync(CancellationToken cancellationToken)
   at MailKit.Net.Smtp.SmtpStream.ReadResponseAsync(CancellationToken cancellationToken)
   at MailKit.Net.Smtp.SmtpStream.SendCommandAsync(String command, CancellationToken cancellationToken)
   at MailKit.Net.Smtp.SmtpClient.SendCommandInternalAsync(String command, CancellationToken cancellationToken)
   at MailKit.Net.Smtp.SmtpClient.AuthenticateAsync(Encoding encoding, ICredentials credentials, CancellationToken cancellationToken)
   at EmailWorkerService.EmailConsumerService.SendEmail(EmailNotification email) in D:\estudy2\AI_Generated\estudy\api\EmailWorkerService\EmailConsumerService.cs:line 165
   at EmailWorkerService.EmailConsumerService.<ExecuteAsync>b__6_0(Object model, BasicDeliverEventArgs ea) in D:\estudy2\AI_Generated\estudy\api\EmailWorkerService\EmailConsumerService.cs:line 97
2026-01-03 00:36:57.909 +05:30 [INF] Received message: {"To":"vishal_varshney@hotmail.com","Subject":"Password reset request","Body":"Click the link to reset your password: \u003Ca href=\u0022https://localhost:5001/api/Auth/reset?token=07042d3fbd43402fa0b11e7beee578d5\u0022\u003Ehttps://localhost:5001/api/Auth/reset?token=07042d3fbd43402fa0b11e7beee578d5\u003C/a\u003E"}
2026-01-03 00:36:58.700 +05:30 [ERR] Failed to send email via SMTP
MailKit.Net.Smtp.SmtpProtocolException: The SMTP server has unexpectedly disconnected: Authentication failed: The provided authorization grant is invalid, expired, or revoked
   at MailKit.Net.Smtp.SmtpStream.ReadAheadAsync(CancellationToken cancellationToken)
   at MailKit.Net.Smtp.SmtpStream.ReadResponseAsync(CancellationToken cancellationToken)
   at MailKit.Net.Smtp.SmtpStream.SendCommandAsync(String command, CancellationToken cancellationToken)
   at MailKit.Net.Smtp.SmtpClient.SendCommandInternalAsync(String command, CancellationToken cancellationToken)
   at MailKit.Net.Smtp.SmtpClient.AuthenticateAsync(Encoding encoding, ICredentials credentials, CancellationToken cancellationToken)
   at EmailWorkerService.EmailConsumerService.SendEmail(EmailNotification email) in D:\estudy2\AI_Generated\estudy\api\EmailWorkerService\EmailConsumerService.cs:line 165
2026-01-03 00:36:58.755 +05:30 [ERR] Error processing message
MailKit.Net.Smtp.SmtpProtocolException: The SMTP server has unexpectedly disconnected: Authentication failed: The provided authorization grant is invalid, expired, or revoked
   at MailKit.Net.Smtp.SmtpStream.ReadAheadAsync(CancellationToken cancellationToken)
   at MailKit.Net.Smtp.SmtpStream.ReadResponseAsync(CancellationToken cancellationToken)
   at MailKit.Net.Smtp.SmtpStream.SendCommandAsync(String command, CancellationToken cancellationToken)
   at MailKit.Net.Smtp.SmtpClient.SendCommandInternalAsync(String command, CancellationToken cancellationToken)
   at MailKit.Net.Smtp.SmtpClient.AuthenticateAsync(Encoding encoding, ICredentials credentials, CancellationToken cancellationToken)
   at EmailWorkerService.EmailConsumerService.SendEmail(EmailNotification email) in D:\estudy2\AI_Generated\estudy\api\EmailWorkerService\EmailConsumerService.cs:line 165
   at EmailWorkerService.EmailConsumerService.<ExecuteAsync>b__6_0(Object model, BasicDeliverEventArgs ea) in D:\estudy2\AI_Generated\estudy\api\EmailWorkerService\EmailConsumerService.cs:line 97
2026-01-03 00:36:58.756 +05:30 [INF] Received message: {"To":"vishal_varshney@hotmail.com","Subject":"Password reset request","Body":"Click the link to reset your password: \u003Ca href=\u0022https://localhost:5001/api/Auth/reset?token=96aeb82bec604da2a58662c6d40f4635\u0022\u003Ehttps://localhost:5001/api/Auth/reset?token=96aeb82bec604da2a58662c6d40f4635\u003C/a\u003E"}
2026-01-03 00:36:59.619 +05:30 [ERR] Failed to send email via SMTP
MailKit.Net.Smtp.SmtpProtocolException: The SMTP server has unexpectedly disconnected: Authentication failed: The provided authorization grant is invalid, expired, or revoked
   at MailKit.Net.Smtp.SmtpStream.ReadAheadAsync(CancellationToken cancellationToken)
   at MailKit.Net.Smtp.SmtpStream.ReadResponseAsync(CancellationToken cancellationToken)
   at MailKit.Net.Smtp.SmtpStream.SendCommandAsync(String command, CancellationToken cancellationToken)
   at MailKit.Net.Smtp.SmtpClient.SendCommandInternalAsync(String command, CancellationToken cancellationToken)
   at MailKit.Net.Smtp.SmtpClient.AuthenticateAsync(Encoding encoding, ICredentials credentials, CancellationToken cancellationToken)
   at EmailWorkerService.EmailConsumerService.SendEmail(EmailNotification email) in D:\estudy2\AI_Generated\estudy\api\EmailWorkerService\EmailConsumerService.cs:line 165
2026-01-03 00:36:59.679 +05:30 [ERR] Error processing message
MailKit.Net.Smtp.SmtpProtocolException: The SMTP server has unexpectedly disconnected: Authentication failed: The provided authorization grant is invalid, expired, or revoked
   at MailKit.Net.Smtp.SmtpStream.ReadAheadAsync(CancellationToken cancellationToken)
   at MailKit.Net.Smtp.SmtpStream.ReadResponseAsync(CancellationToken cancellationToken)
   at MailKit.Net.Smtp.SmtpStream.SendCommandAsync(String command, CancellationToken cancellationToken)
   at MailKit.Net.Smtp.SmtpClient.SendCommandInternalAsync(String command, CancellationToken cancellationToken)
   at MailKit.Net.Smtp.SmtpClient.AuthenticateAsync(Encoding encoding, ICredentials credentials, CancellationToken cancellationToken)
   at EmailWorkerService.EmailConsumerService.SendEmail(EmailNotification email) in D:\estudy2\AI_Generated\estudy\api\EmailWorkerService\EmailConsumerService.cs:line 165
   at EmailWorkerService.EmailConsumerService.<ExecuteAsync>b__6_0(Object model, BasicDeliverEventArgs ea) in D:\estudy2\AI_Generated\estudy\api\EmailWorkerService\EmailConsumerService.cs:line 97
2026-01-03 00:36:59.679 +05:30 [INF] Received message: {"To":"vishal_varshney@hotmail.com","Subject":"Password reset request","Body":"Click the link to reset your password: \u003Ca href=\u0022https://localhost:5001/api/Auth/reset?token=46cd811230fe41f897e99f87cdb7e439\u0022\u003Ehttps://localhost:5001/api/Auth/reset?token=46cd811230fe41f897e99f87cdb7e439\u003C/a\u003E"}
2026-01-03 00:37:00.556 +05:30 [ERR] Failed to send email via SMTP
MailKit.Net.Smtp.SmtpProtocolException: The SMTP server has unexpectedly disconnected: Authentication failed: The provided authorization grant is invalid, expired, or revoked
   at MailKit.Net.Smtp.SmtpStream.ReadAheadAsync(CancellationToken cancellationToken)
   at MailKit.Net.Smtp.SmtpStream.ReadResponseAsync(CancellationToken cancellationToken)
   at MailKit.Net.Smtp.SmtpStream.SendCommandAsync(String command, CancellationToken cancellationToken)
   at MailKit.Net.Smtp.SmtpClient.SendCommandInternalAsync(String command, CancellationToken cancellationToken)
   at MailKit.Net.Smtp.SmtpClient.AuthenticateAsync(Encoding encoding, ICredentials credentials, CancellationToken cancellationToken)
   at EmailWorkerService.EmailConsumerService.SendEmail(EmailNotification email) in D:\estudy2\AI_Generated\estudy\api\EmailWorkerService\EmailConsumerService.cs:line 165
2026-01-03 00:37:00.628 +05:30 [ERR] Error processing message
MailKit.Net.Smtp.SmtpProtocolException: The SMTP server has unexpectedly disconnected: Authentication failed: The provided authorization grant is invalid, expired, or revoked
   at MailKit.Net.Smtp.SmtpStream.ReadAheadAsync(CancellationToken cancellationToken)
   at MailKit.Net.Smtp.SmtpStream.ReadResponseAsync(CancellationToken cancellationToken)
   at MailKit.Net.Smtp.SmtpStream.SendCommandAsync(String command, CancellationToken cancellationToken)
   at MailKit.Net.Smtp.SmtpClient.SendCommandInternalAsync(String command, CancellationToken cancellationToken)
   at MailKit.Net.Smtp.SmtpClient.AuthenticateAsync(Encoding encoding, ICredentials credentials, CancellationToken cancellationToken)
   at EmailWorkerService.EmailConsumerService.SendEmail(EmailNotification email) in D:\estudy2\AI_Generated\estudy\api\EmailWorkerService\EmailConsumerService.cs:line 165
   at EmailWorkerService.EmailConsumerService.<ExecuteAsync>b__6_0(Object model, BasicDeliverEventArgs ea) in D:\estudy2\AI_Generated\estudy\api\EmailWorkerService\EmailConsumerService.cs:line 97
2026-01-03 00:37:00.629 +05:30 [INF] Received message: {"To":"vishal_varshney@hotmail.com","Subject":"Password reset request","Body":"Click the link to reset your password: \u003Ca href=\u0022https://localhost:5001/api/Auth/reset?token=ff17e79b693944598d7091ca80b9e795\u0022\u003Ehttps://localhost:5001/api/Auth/reset?token=ff17e79b693944598d7091ca80b9e795\u003C/a\u003E"}
2026-01-03 00:37:01.625 +05:30 [ERR] Failed to send email via SMTP
MailKit.Net.Smtp.SmtpProtocolException: The SMTP server has unexpectedly disconnected: Authentication failed: The provided authorization grant is invalid, expired, or revoked
   at MailKit.Net.Smtp.SmtpStream.ReadAheadAsync(CancellationToken cancellationToken)
   at MailKit.Net.Smtp.SmtpStream.ReadResponseAsync(CancellationToken cancellationToken)
   at MailKit.Net.Smtp.SmtpStream.SendCommandAsync(String command, CancellationToken cancellationToken)
   at MailKit.Net.Smtp.SmtpClient.SendCommandInternalAsync(String command, CancellationToken cancellationToken)
   at MailKit.Net.Smtp.SmtpClient.AuthenticateAsync(Encoding encoding, ICredentials credentials, CancellationToken cancellationToken)
   at EmailWorkerService.EmailConsumerService.SendEmail(EmailNotification email) in D:\estudy2\AI_Generated\estudy\api\EmailWorkerService\EmailConsumerService.cs:line 165
2026-01-03 00:37:01.676 +05:30 [ERR] Error processing message
MailKit.Net.Smtp.SmtpProtocolException: The SMTP server has unexpectedly disconnected: Authentication failed: The provided authorization grant is invalid, expired, or revoked
   at MailKit.Net.Smtp.SmtpStream.ReadAheadAsync(CancellationToken cancellationToken)
   at MailKit.Net.Smtp.SmtpStream.ReadResponseAsync(CancellationToken cancellationToken)
   at MailKit.Net.Smtp.SmtpStream.SendCommandAsync(String command, CancellationToken cancellationToken)
   at MailKit.Net.Smtp.SmtpClient.SendCommandInternalAsync(String command, CancellationToken cancellationToken)
   at MailKit.Net.Smtp.SmtpClient.AuthenticateAsync(Encoding encoding, ICredentials credentials, CancellationToken cancellationToken)
   at EmailWorkerService.EmailConsumerService.SendEmail(EmailNotification email) in D:\estudy2\AI_Generated\estudy\api\EmailWorkerService\EmailConsumerService.cs:line 165
   at EmailWorkerService.EmailConsumerService.<ExecuteAsync>b__6_0(Object model, BasicDeliverEventArgs ea) in D:\estudy2\AI_Generated\estudy\api\EmailWorkerService\EmailConsumerService.cs:line 97
2026-01-03 00:37:01.677 +05:30 [INF] Received message: {"To":"vishal_varshney@hotmail.com","Subject":"Password reset request","Body":"Click the link to reset your password: \u003Ca href=\u0022https://localhost:5001/api/Auth/reset?token=07042d3fbd43402fa0b11e7beee578d5\u0022\u003Ehttps://localhost:5001/api/Auth/reset?token=07042d3fbd43402fa0b11e7beee578d5\u003C/a\u003E"}
2026-01-03 00:37:02.577 +05:30 [ERR] Failed to send email via SMTP
MailKit.Net.Smtp.SmtpProtocolException: The SMTP server has unexpectedly disconnected: Authentication failed: The provided authorization grant is invalid, expired, or revoked
   at MailKit.Net.Smtp.SmtpStream.ReadAheadAsync(CancellationToken cancellationToken)
   at MailKit.Net.Smtp.SmtpStream.ReadResponseAsync(CancellationToken cancellationToken)
   at MailKit.Net.Smtp.SmtpStream.SendCommandAsync(String command, CancellationToken cancellationToken)
   at MailKit.Net.Smtp.SmtpClient.SendCommandInternalAsync(String command, CancellationToken cancellationToken)
   at MailKit.Net.Smtp.SmtpClient.AuthenticateAsync(Encoding encoding, ICredentials credentials, CancellationToken cancellationToken)
   at EmailWorkerService.EmailConsumerService.SendEmail(EmailNotification email) in D:\estudy2\AI_Generated\estudy\api\EmailWorkerService\EmailConsumerService.cs:line 165
2026-01-03 00:37:02.638 +05:30 [ERR] Error processing message
MailKit.Net.Smtp.SmtpProtocolException: The SMTP server has unexpectedly disconnected: Authentication failed: The provided authorization grant is invalid, expired, or revoked
   at MailKit.Net.Smtp.SmtpStream.ReadAheadAsync(CancellationToken cancellationToken)
   at MailKit.Net.Smtp.SmtpStream.ReadResponseAsync(CancellationToken cancellationToken)
   at MailKit.Net.Smtp.SmtpStream.SendCommandAsync(String command, CancellationToken cancellationToken)
   at MailKit.Net.Smtp.SmtpClient.SendCommandInternalAsync(String command, CancellationToken cancellationToken)
   at MailKit.Net.Smtp.SmtpClient.AuthenticateAsync(Encoding encoding, ICredentials credentials, CancellationToken cancellationToken)
   at EmailWorkerService.EmailConsumerService.SendEmail(EmailNotification email) in D:\estudy2\AI_Generated\estudy\api\EmailWorkerService\EmailConsumerService.cs:line 165
   at EmailWorkerService.EmailConsumerService.<ExecuteAsync>b__6_0(Object model, BasicDeliverEventArgs ea) in D:\estudy2\AI_Generated\estudy\api\EmailWorkerService\EmailConsumerService.cs:line 97
2026-01-03 00:37:02.638 +05:30 [INF] Received message: {"To":"vishal_varshney@hotmail.com","Subject":"Password reset request","Body":"Click the link to reset your password: \u003Ca href=\u0022https://localhost:5001/api/Auth/reset?token=96aeb82bec604da2a58662c6d40f4635\u0022\u003Ehttps://localhost:5001/api/Auth/reset?token=96aeb82bec604da2a58662c6d40f4635\u003C/a\u003E"}
2026-01-03 00:37:03.507 +05:30 [ERR] Failed to send email via SMTP
MailKit.Net.Smtp.SmtpProtocolException: The SMTP server has unexpectedly disconnected: Authentication failed: The provided authorization grant is invalid, expired, or revoked
   at MailKit.Net.Smtp.SmtpStream.ReadAheadAsync(CancellationToken cancellationToken)
   at MailKit.Net.Smtp.SmtpStream.ReadResponseAsync(CancellationToken cancellationToken)
   at MailKit.Net.Smtp.SmtpStream.SendCommandAsync(String command, CancellationToken cancellationToken)
   at MailKit.Net.Smtp.SmtpClient.SendCommandInternalAsync(String command, CancellationToken cancellationToken)
   at MailKit.Net.Smtp.SmtpClient.AuthenticateAsync(Encoding encoding, ICredentials credentials, CancellationToken cancellationToken)
   at EmailWorkerService.EmailConsumerService.SendEmail(EmailNotification email) in D:\estudy2\AI_Generated\estudy\api\EmailWorkerService\EmailConsumerService.cs:line 165
2026-01-03 00:37:03.562 +05:30 [ERR] Error processing message
MailKit.Net.Smtp.SmtpProtocolException: The SMTP server has unexpectedly disconnected: Authentication failed: The provided authorization grant is invalid, expired, or revoked
   at MailKit.Net.Smtp.SmtpStream.ReadAheadAsync(CancellationToken cancellationToken)
   at MailKit.Net.Smtp.SmtpStream.ReadResponseAsync(CancellationToken cancellationToken)
   at MailKit.Net.Smtp.SmtpStream.SendCommandAsync(String command, CancellationToken cancellationToken)
   at MailKit.Net.Smtp.SmtpClient.SendCommandInternalAsync(String command, CancellationToken cancellationToken)
   at MailKit.Net.Smtp.SmtpClient.AuthenticateAsync(Encoding encoding, ICredentials credentials, CancellationToken cancellationToken)
   at EmailWorkerService.EmailConsumerService.SendEmail(EmailNotification email) in D:\estudy2\AI_Generated\estudy\api\EmailWorkerService\EmailConsumerService.cs:line 165
   at EmailWorkerService.EmailConsumerService.<ExecuteAsync>b__6_0(Object model, BasicDeliverEventArgs ea) in D:\estudy2\AI_Generated\estudy\api\EmailWorkerService\EmailConsumerService.cs:line 97
2026-01-03 00:37:03.562 +05:30 [INF] Received message: {"To":"vishal_varshney@hotmail.com","Subject":"Password reset request","Body":"Click the link to reset your password: \u003Ca href=\u0022https://localhost:5001/api/Auth/reset?token=46cd811230fe41f897e99f87cdb7e439\u0022\u003Ehttps://localhost:5001/api/Auth/reset?token=46cd811230fe41f897e99f87cdb7e439\u003C/a\u003E"}
2026-01-03 00:37:04.524 +05:30 [ERR] Failed to send email via SMTP
MailKit.Net.Smtp.SmtpProtocolException: The SMTP server has unexpectedly disconnected: Authentication failed: The provided authorization grant is invalid, expired, or revoked
   at MailKit.Net.Smtp.SmtpStream.ReadAheadAsync(CancellationToken cancellationToken)
   at MailKit.Net.Smtp.SmtpStream.ReadResponseAsync(CancellationToken cancellationToken)
   at MailKit.Net.Smtp.SmtpStream.SendCommandAsync(String command, CancellationToken cancellationToken)
   at MailKit.Net.Smtp.SmtpClient.SendCommandInternalAsync(String command, CancellationToken cancellationToken)
   at MailKit.Net.Smtp.SmtpClient.AuthenticateAsync(Encoding encoding, ICredentials credentials, CancellationToken cancellationToken)
   at EmailWorkerService.EmailConsumerService.SendEmail(EmailNotification email) in D:\estudy2\AI_Generated\estudy\api\EmailWorkerService\EmailConsumerService.cs:line 165
2026-01-03 00:37:04.578 +05:30 [ERR] Error processing message
MailKit.Net.Smtp.SmtpProtocolException: The SMTP server has unexpectedly disconnected: Authentication failed: The provided authorization grant is invalid, expired, or revoked
   at MailKit.Net.Smtp.SmtpStream.ReadAheadAsync(CancellationToken cancellationToken)
   at MailKit.Net.Smtp.SmtpStream.ReadResponseAsync(CancellationToken cancellationToken)
   at MailKit.Net.Smtp.SmtpStream.SendCommandAsync(String command, CancellationToken cancellationToken)
   at MailKit.Net.Smtp.SmtpClient.SendCommandInternalAsync(String command, CancellationToken cancellationToken)
   at MailKit.Net.Smtp.SmtpClient.AuthenticateAsync(Encoding encoding, ICredentials credentials, CancellationToken cancellationToken)
   at EmailWorkerService.EmailConsumerService.SendEmail(EmailNotification email) in D:\estudy2\AI_Generated\estudy\api\EmailWorkerService\EmailConsumerService.cs:line 165
   at EmailWorkerService.EmailConsumerService.<ExecuteAsync>b__6_0(Object model, BasicDeliverEventArgs ea) in D:\estudy2\AI_Generated\estudy\api\EmailWorkerService\EmailConsumerService.cs:line 97
2026-01-03 00:37:04.578 +05:30 [INF] Received message: {"To":"vishal_varshney@hotmail.com","Subject":"Password reset request","Body":"Click the link to reset your password: \u003Ca href=\u0022https://localhost:5001/api/Auth/reset?token=ff17e79b693944598d7091ca80b9e795\u0022\u003Ehttps://localhost:5001/api/Auth/reset?token=ff17e79b693944598d7091ca80b9e795\u003C/a\u003E"}
2026-01-03 00:37:05.416 +05:30 [ERR] Failed to send email via SMTP
MailKit.Net.Smtp.SmtpProtocolException: The SMTP server has unexpectedly disconnected: Authentication failed: The provided authorization grant is invalid, expired, or revoked
   at MailKit.Net.Smtp.SmtpStream.ReadAheadAsync(CancellationToken cancellationToken)
   at MailKit.Net.Smtp.SmtpStream.ReadResponseAsync(CancellationToken cancellationToken)
   at MailKit.Net.Smtp.SmtpStream.SendCommandAsync(String command, CancellationToken cancellationToken)
   at MailKit.Net.Smtp.SmtpClient.SendCommandInternalAsync(String command, CancellationToken cancellationToken)
   at MailKit.Net.Smtp.SmtpClient.AuthenticateAsync(Encoding encoding, ICredentials credentials, CancellationToken cancellationToken)
   at EmailWorkerService.EmailConsumerService.SendEmail(EmailNotification email) in D:\estudy2\AI_Generated\estudy\api\EmailWorkerService\EmailConsumerService.cs:line 165
2026-01-03 00:37:05.470 +05:30 [ERR] Error processing message
MailKit.Net.Smtp.SmtpProtocolException: The SMTP server has unexpectedly disconnected: Authentication failed: The provided authorization grant is invalid, expired, or revoked
   at MailKit.Net.Smtp.SmtpStream.ReadAheadAsync(CancellationToken cancellationToken)
   at MailKit.Net.Smtp.SmtpStream.ReadResponseAsync(CancellationToken cancellationToken)
   at MailKit.Net.Smtp.SmtpStream.SendCommandAsync(String command, CancellationToken cancellationToken)
   at MailKit.Net.Smtp.SmtpClient.SendCommandInternalAsync(String command, CancellationToken cancellationToken)
   at MailKit.Net.Smtp.SmtpClient.AuthenticateAsync(Encoding encoding, ICredentials credentials, CancellationToken cancellationToken)
   at EmailWorkerService.EmailConsumerService.SendEmail(EmailNotification email) in D:\estudy2\AI_Generated\estudy\api\EmailWorkerService\EmailConsumerService.cs:line 165
   at EmailWorkerService.EmailConsumerService.<ExecuteAsync>b__6_0(Object model, BasicDeliverEventArgs ea) in D:\estudy2\AI_Generated\estudy\api\EmailWorkerService\EmailConsumerService.cs:line 97
2026-01-03 00:37:05.471 +05:30 [INF] Received message: {"To":"vishal_varshney@hotmail.com","Subject":"Password reset request","Body":"Click the link to reset your password: \u003Ca href=\u0022https://localhost:5001/api/Auth/reset?token=07042d3fbd43402fa0b11e7beee578d5\u0022\u003Ehttps://localhost:5001/api/Auth/reset?token=07042d3fbd43402fa0b11e7beee578d5\u003C/a\u003E"}
2026-01-03 00:37:06.294 +05:30 [ERR] Failed to send email via SMTP
MailKit.Net.Smtp.SmtpProtocolException: The SMTP server has unexpectedly disconnected: Authentication failed: The provided authorization grant is invalid, expired, or revoked
   at MailKit.Net.Smtp.SmtpStream.ReadAheadAsync(CancellationToken cancellationToken)
   at MailKit.Net.Smtp.SmtpStream.ReadResponseAsync(CancellationToken cancellationToken)
   at MailKit.Net.Smtp.SmtpStream.SendCommandAsync(String command, CancellationToken cancellationToken)
   at MailKit.Net.Smtp.SmtpClient.SendCommandInternalAsync(String command, CancellationToken cancellationToken)
   at MailKit.Net.Smtp.SmtpClient.AuthenticateAsync(Encoding encoding, ICredentials credentials, CancellationToken cancellationToken)
   at EmailWorkerService.EmailConsumerService.SendEmail(EmailNotification email) in D:\estudy2\AI_Generated\estudy\api\EmailWorkerService\EmailConsumerService.cs:line 165
2026-01-03 00:37:06.356 +05:30 [ERR] Error processing message
MailKit.Net.Smtp.SmtpProtocolException: The SMTP server has unexpectedly disconnected: Authentication failed: The provided authorization grant is invalid, expired, or revoked
   at MailKit.Net.Smtp.SmtpStream.ReadAheadAsync(CancellationToken cancellationToken)
   at MailKit.Net.Smtp.SmtpStream.ReadResponseAsync(CancellationToken cancellationToken)
   at MailKit.Net.Smtp.SmtpStream.SendCommandAsync(String command, CancellationToken cancellationToken)
   at MailKit.Net.Smtp.SmtpClient.SendCommandInternalAsync(String command, CancellationToken cancellationToken)
   at MailKit.Net.Smtp.SmtpClient.AuthenticateAsync(Encoding encoding, ICredentials credentials, CancellationToken cancellationToken)
   at EmailWorkerService.EmailConsumerService.SendEmail(EmailNotification email) in D:\estudy2\AI_Generated\estudy\api\EmailWorkerService\EmailConsumerService.cs:line 165
   at EmailWorkerService.EmailConsumerService.<ExecuteAsync>b__6_0(Object model, BasicDeliverEventArgs ea) in D:\estudy2\AI_Generated\estudy\api\EmailWorkerService\EmailConsumerService.cs:line 97
2026-01-03 00:37:06.356 +05:30 [INF] Received message: {"To":"vishal_varshney@hotmail.com","Subject":"Password reset request","Body":"Click the link to reset your password: \u003Ca href=\u0022https://localhost:5001/api/Auth/reset?token=96aeb82bec604da2a58662c6d40f4635\u0022\u003Ehttps://localhost:5001/api/Auth/reset?token=96aeb82bec604da2a58662c6d40f4635\u003C/a\u003E"}
2026-01-03 00:37:07.363 +05:30 [ERR] Failed to send email via SMTP
MailKit.Net.Smtp.SmtpProtocolException: The SMTP server has unexpectedly disconnected: Authentication failed: The provided authorization grant is invalid, expired, or revoked
   at MailKit.Net.Smtp.SmtpStream.ReadAheadAsync(CancellationToken cancellationToken)
   at MailKit.Net.Smtp.SmtpStream.ReadResponseAsync(CancellationToken cancellationToken)
   at MailKit.Net.Smtp.SmtpStream.SendCommandAsync(String command, CancellationToken cancellationToken)
   at MailKit.Net.Smtp.SmtpClient.SendCommandInternalAsync(String command, CancellationToken cancellationToken)
   at MailKit.Net.Smtp.SmtpClient.AuthenticateAsync(Encoding encoding, ICredentials credentials, CancellationToken cancellationToken)
   at EmailWorkerService.EmailConsumerService.SendEmail(EmailNotification email) in D:\estudy2\AI_Generated\estudy\api\EmailWorkerService\EmailConsumerService.cs:line 165
2026-01-03 00:37:07.417 +05:30 [ERR] Error processing message
MailKit.Net.Smtp.SmtpProtocolException: The SMTP server has unexpectedly disconnected: Authentication failed: The provided authorization grant is invalid, expired, or revoked
   at MailKit.Net.Smtp.SmtpStream.ReadAheadAsync(CancellationToken cancellationToken)
   at MailKit.Net.Smtp.SmtpStream.ReadResponseAsync(CancellationToken cancellationToken)
   at MailKit.Net.Smtp.SmtpStream.SendCommandAsync(String command, CancellationToken cancellationToken)
   at MailKit.Net.Smtp.SmtpClient.SendCommandInternalAsync(String command, CancellationToken cancellationToken)
   at MailKit.Net.Smtp.SmtpClient.AuthenticateAsync(Encoding encoding, ICredentials credentials, CancellationToken cancellationToken)
   at EmailWorkerService.EmailConsumerService.SendEmail(EmailNotification email) in D:\estudy2\AI_Generated\estudy\api\EmailWorkerService\EmailConsumerService.cs:line 165
   at EmailWorkerService.EmailConsumerService.<ExecuteAsync>b__6_0(Object model, BasicDeliverEventArgs ea) in D:\estudy2\AI_Generated\estudy\api\EmailWorkerService\EmailConsumerService.cs:line 97
2026-01-03 00:37:07.417 +05:30 [INF] Received message: {"To":"vishal_varshney@hotmail.com","Subject":"Password reset request","Body":"Click the link to reset your password: \u003Ca href=\u0022https://localhost:5001/api/Auth/reset?token=46cd811230fe41f897e99f87cdb7e439\u0022\u003Ehttps://localhost:5001/api/Auth/reset?token=46cd811230fe41f897e99f87cdb7e439\u003C/a\u003E"}
2026-01-03 00:37:08.295 +05:30 [ERR] Failed to send email via SMTP
MailKit.Net.Smtp.SmtpProtocolException: The SMTP server has unexpectedly disconnected: Authentication failed: The provided authorization grant is invalid, expired, or revoked
   at MailKit.Net.Smtp.SmtpStream.ReadAheadAsync(CancellationToken cancellationToken)
   at MailKit.Net.Smtp.SmtpStream.ReadResponseAsync(CancellationToken cancellationToken)
   at MailKit.Net.Smtp.SmtpStream.SendCommandAsync(String command, CancellationToken cancellationToken)
   at MailKit.Net.Smtp.SmtpClient.SendCommandInternalAsync(String command, CancellationToken cancellationToken)
   at MailKit.Net.Smtp.SmtpClient.AuthenticateAsync(Encoding encoding, ICredentials credentials, CancellationToken cancellationToken)
   at EmailWorkerService.EmailConsumerService.SendEmail(EmailNotification email) in D:\estudy2\AI_Generated\estudy\api\EmailWorkerService\EmailConsumerService.cs:line 165
2026-01-03 00:37:08.395 +05:30 [ERR] Error processing message
MailKit.Net.Smtp.SmtpProtocolException: The SMTP server has unexpectedly disconnected: Authentication failed: The provided authorization grant is invalid, expired, or revoked
   at MailKit.Net.Smtp.SmtpStream.ReadAheadAsync(CancellationToken cancellationToken)
   at MailKit.Net.Smtp.SmtpStream.ReadResponseAsync(CancellationToken cancellationToken)
   at MailKit.Net.Smtp.SmtpStream.SendCommandAsync(String command, CancellationToken cancellationToken)
   at MailKit.Net.Smtp.SmtpClient.SendCommandInternalAsync(String command, CancellationToken cancellationToken)
   at MailKit.Net.Smtp.SmtpClient.AuthenticateAsync(Encoding encoding, ICredentials credentials, CancellationToken cancellationToken)
   at EmailWorkerService.EmailConsumerService.SendEmail(EmailNotification email) in D:\estudy2\AI_Generated\estudy\api\EmailWorkerService\EmailConsumerService.cs:line 165
   at EmailWorkerService.EmailConsumerService.<ExecuteAsync>b__6_0(Object model, BasicDeliverEventArgs ea) in D:\estudy2\AI_Generated\estudy\api\EmailWorkerService\EmailConsumerService.cs:line 97
2026-01-03 00:37:08.395 +05:30 [INF] Received message: {"To":"vishal_varshney@hotmail.com","Subject":"Password reset request","Body":"Click the link to reset your password: \u003Ca href=\u0022https://localhost:5001/api/Auth/reset?token=ff17e79b693944598d7091ca80b9e795\u0022\u003Ehttps://localhost:5001/api/Auth/reset?token=ff17e79b693944598d7091ca80b9e795\u003C/a\u003E"}
2026-01-03 00:37:09.348 +05:30 [ERR] Failed to send email via SMTP
MailKit.Net.Smtp.SmtpProtocolException: The SMTP server has unexpectedly disconnected: Authentication failed: The provided authorization grant is invalid, expired, or revoked
   at MailKit.Net.Smtp.SmtpStream.ReadAheadAsync(CancellationToken cancellationToken)
   at MailKit.Net.Smtp.SmtpStream.ReadResponseAsync(CancellationToken cancellationToken)
   at MailKit.Net.Smtp.SmtpStream.SendCommandAsync(String command, CancellationToken cancellationToken)
   at MailKit.Net.Smtp.SmtpClient.SendCommandInternalAsync(String command, CancellationToken cancellationToken)
   at MailKit.Net.Smtp.SmtpClient.AuthenticateAsync(Encoding encoding, ICredentials credentials, CancellationToken cancellationToken)
   at EmailWorkerService.EmailConsumerService.SendEmail(EmailNotification email) in D:\estudy2\AI_Generated\estudy\api\EmailWorkerService\EmailConsumerService.cs:line 165
2026-01-03 00:37:09.414 +05:30 [ERR] Error processing message
MailKit.Net.Smtp.SmtpProtocolException: The SMTP server has unexpectedly disconnected: Authentication failed: The provided authorization grant is invalid, expired, or revoked
   at MailKit.Net.Smtp.SmtpStream.ReadAheadAsync(CancellationToken cancellationToken)
   at MailKit.Net.Smtp.SmtpStream.ReadResponseAsync(CancellationToken cancellationToken)
   at MailKit.Net.Smtp.SmtpStream.SendCommandAsync(String command, CancellationToken cancellationToken)
   at MailKit.Net.Smtp.SmtpClient.SendCommandInternalAsync(String command, CancellationToken cancellationToken)
   at MailKit.Net.Smtp.SmtpClient.AuthenticateAsync(Encoding encoding, ICredentials credentials, CancellationToken cancellationToken)
   at EmailWorkerService.EmailConsumerService.SendEmail(EmailNotification email) in D:\estudy2\AI_Generated\estudy\api\EmailWorkerService\EmailConsumerService.cs:line 165
   at EmailWorkerService.EmailConsumerService.<ExecuteAsync>b__6_0(Object model, BasicDeliverEventArgs ea) in D:\estudy2\AI_Generated\estudy\api\EmailWorkerService\EmailConsumerService.cs:line 97
2026-01-03 00:37:09.414 +05:30 [INF] Received message: {"To":"vishal_varshney@hotmail.com","Subject":"Password reset request","Body":"Click the link to reset your password: \u003Ca href=\u0022https://localhost:5001/api/Auth/reset?token=07042d3fbd43402fa0b11e7beee578d5\u0022\u003Ehttps://localhost:5001/api/Auth/reset?token=07042d3fbd43402fa0b11e7beee578d5\u003C/a\u003E"}
2026-01-03 00:37:10.527 +05:30 [ERR] Failed to send email via SMTP
MailKit.Net.Smtp.SmtpProtocolException: The SMTP server has unexpectedly disconnected: Authentication failed: The provided authorization grant is invalid, expired, or revoked
   at MailKit.Net.Smtp.SmtpStream.ReadAheadAsync(CancellationToken cancellationToken)
   at MailKit.Net.Smtp.SmtpStream.ReadResponseAsync(CancellationToken cancellationToken)
   at MailKit.Net.Smtp.SmtpStream.SendCommandAsync(String command, CancellationToken cancellationToken)
   at MailKit.Net.Smtp.SmtpClient.SendCommandInternalAsync(String command, CancellationToken cancellationToken)
   at MailKit.Net.Smtp.SmtpClient.AuthenticateAsync(Encoding encoding, ICredentials credentials, CancellationToken cancellationToken)
   at EmailWorkerService.EmailConsumerService.SendEmail(EmailNotification email) in D:\estudy2\AI_Generated\estudy\api\EmailWorkerService\EmailConsumerService.cs:line 165
2026-01-03 00:37:10.576 +05:30 [ERR] Error processing message
MailKit.Net.Smtp.SmtpProtocolException: The SMTP server has unexpectedly disconnected: Authentication failed: The provided authorization grant is invalid, expired, or revoked
   at MailKit.Net.Smtp.SmtpStream.ReadAheadAsync(CancellationToken cancellationToken)
   at MailKit.Net.Smtp.SmtpStream.ReadResponseAsync(CancellationToken cancellationToken)
   at MailKit.Net.Smtp.SmtpStream.SendCommandAsync(String command, CancellationToken cancellationToken)
   at MailKit.Net.Smtp.SmtpClient.SendCommandInternalAsync(String command, CancellationToken cancellationToken)
   at MailKit.Net.Smtp.SmtpClient.AuthenticateAsync(Encoding encoding, ICredentials credentials, CancellationToken cancellationToken)
   at EmailWorkerService.EmailConsumerService.SendEmail(EmailNotification email) in D:\estudy2\AI_Generated\estudy\api\EmailWorkerService\EmailConsumerService.cs:line 165
   at EmailWorkerService.EmailConsumerService.<ExecuteAsync>b__6_0(Object model, BasicDeliverEventArgs ea) in D:\estudy2\AI_Generated\estudy\api\EmailWorkerService\EmailConsumerService.cs:line 97
2026-01-03 00:37:10.576 +05:30 [INF] Received message: {"To":"vishal_varshney@hotmail.com","Subject":"Password reset request","Body":"Click the link to reset your password: \u003Ca href=\u0022https://localhost:5001/api/Auth/reset?token=96aeb82bec604da2a58662c6d40f4635\u0022\u003Ehttps://localhost:5001/api/Auth/reset?token=96aeb82bec604da2a58662c6d40f4635\u003C/a\u003E"}
2026-01-03 00:37:12.171 +05:30 [ERR] Failed to send email via SMTP
MailKit.Net.Smtp.SmtpProtocolException: The SMTP server has unexpectedly disconnected: Authentication failed: The provided authorization grant is invalid, expired, or revoked
   at MailKit.Net.Smtp.SmtpStream.ReadAheadAsync(CancellationToken cancellationToken)
   at MailKit.Net.Smtp.SmtpStream.ReadResponseAsync(CancellationToken cancellationToken)
   at MailKit.Net.Smtp.SmtpStream.SendCommandAsync(String command, CancellationToken cancellationToken)
   at MailKit.Net.Smtp.SmtpClient.SendCommandInternalAsync(String command, CancellationToken cancellationToken)
   at MailKit.Net.Smtp.SmtpClient.AuthenticateAsync(Encoding encoding, ICredentials credentials, CancellationToken cancellationToken)
   at EmailWorkerService.EmailConsumerService.SendEmail(EmailNotification email) in D:\estudy2\AI_Generated\estudy\api\EmailWorkerService\EmailConsumerService.cs:line 165
2026-01-03 00:37:12.222 +05:30 [ERR] Error processing message
MailKit.Net.Smtp.SmtpProtocolException: The SMTP server has unexpectedly disconnected: Authentication failed: The provided authorization grant is invalid, expired, or revoked
   at MailKit.Net.Smtp.SmtpStream.ReadAheadAsync(CancellationToken cancellationToken)
   at MailKit.Net.Smtp.SmtpStream.ReadResponseAsync(CancellationToken cancellationToken)
   at MailKit.Net.Smtp.SmtpStream.SendCommandAsync(String command, CancellationToken cancellationToken)
   at MailKit.Net.Smtp.SmtpClient.SendCommandInternalAsync(String command, CancellationToken cancellationToken)
   at MailKit.Net.Smtp.SmtpClient.AuthenticateAsync(Encoding encoding, ICredentials credentials, CancellationToken cancellationToken)
   at EmailWorkerService.EmailConsumerService.SendEmail(EmailNotification email) in D:\estudy2\AI_Generated\estudy\api\EmailWorkerService\EmailConsumerService.cs:line 165
   at EmailWorkerService.EmailConsumerService.<ExecuteAsync>b__6_0(Object model, BasicDeliverEventArgs ea) in D:\estudy2\AI_Generated\estudy\api\EmailWorkerService\EmailConsumerService.cs:line 97
2026-01-03 00:37:12.222 +05:30 [INF] Received message: {"To":"vishal_varshney@hotmail.com","Subject":"Password reset request","Body":"Click the link to reset your password: \u003Ca href=\u0022https://localhost:5001/api/Auth/reset?token=46cd811230fe41f897e99f87cdb7e439\u0022\u003Ehttps://localhost:5001/api/Auth/reset?token=46cd811230fe41f897e99f87cdb7e439\u003C/a\u003E"}
2026-01-03 00:37:13.031 +05:30 [ERR] Failed to send email via SMTP
MailKit.Net.Smtp.SmtpProtocolException: The SMTP server has unexpectedly disconnected: Authentication failed: The provided authorization grant is invalid, expired, or revoked
   at MailKit.Net.Smtp.SmtpStream.ReadAheadAsync(CancellationToken cancellationToken)
   at MailKit.Net.Smtp.SmtpStream.ReadResponseAsync(CancellationToken cancellationToken)
   at MailKit.Net.Smtp.SmtpStream.SendCommandAsync(String command, CancellationToken cancellationToken)
   at MailKit.Net.Smtp.SmtpClient.SendCommandInternalAsync(String command, CancellationToken cancellationToken)
   at MailKit.Net.Smtp.SmtpClient.AuthenticateAsync(Encoding encoding, ICredentials credentials, CancellationToken cancellationToken)
   at EmailWorkerService.EmailConsumerService.SendEmail(EmailNotification email) in D:\estudy2\AI_Generated\estudy\api\EmailWorkerService\EmailConsumerService.cs:line 165
2026-01-03 00:37:13.084 +05:30 [ERR] Error processing message
MailKit.Net.Smtp.SmtpProtocolException: The SMTP server has unexpectedly disconnected: Authentication failed: The provided authorization grant is invalid, expired, or revoked
   at MailKit.Net.Smtp.SmtpStream.ReadAheadAsync(CancellationToken cancellationToken)
   at MailKit.Net.Smtp.SmtpStream.ReadResponseAsync(CancellationToken cancellationToken)
   at MailKit.Net.Smtp.SmtpStream.SendCommandAsync(String command, CancellationToken cancellationToken)
   at MailKit.Net.Smtp.SmtpClient.SendCommandInternalAsync(String command, CancellationToken cancellationToken)
   at MailKit.Net.Smtp.SmtpClient.AuthenticateAsync(Encoding encoding, ICredentials credentials, CancellationToken cancellationToken)
   at EmailWorkerService.EmailConsumerService.SendEmail(EmailNotification email) in D:\estudy2\AI_Generated\estudy\api\EmailWorkerService\EmailConsumerService.cs:line 165
   at EmailWorkerService.EmailConsumerService.<ExecuteAsync>b__6_0(Object model, BasicDeliverEventArgs ea) in D:\estudy2\AI_Generated\estudy\api\EmailWorkerService\EmailConsumerService.cs:line 97
2026-01-03 00:37:13.084 +05:30 [INF] Received message: {"To":"vishal_varshney@hotmail.com","Subject":"Password reset request","Body":"Click the link to reset your password: \u003Ca href=\u0022https://localhost:5001/api/Auth/reset?token=ff17e79b693944598d7091ca80b9e795\u0022\u003Ehttps://localhost:5001/api/Auth/reset?token=ff17e79b693944598d7091ca80b9e795\u003C/a\u003E"}
2026-01-03 00:37:13.951 +05:30 [ERR] Failed to send email via SMTP
MailKit.Net.Smtp.SmtpProtocolException: The SMTP server has unexpectedly disconnected: Authentication failed: The provided authorization grant is invalid, expired, or revoked
   at MailKit.Net.Smtp.SmtpStream.ReadAheadAsync(CancellationToken cancellationToken)
   at MailKit.Net.Smtp.SmtpStream.ReadResponseAsync(CancellationToken cancellationToken)
   at MailKit.Net.Smtp.SmtpStream.SendCommandAsync(String command, CancellationToken cancellationToken)
   at MailKit.Net.Smtp.SmtpClient.SendCommandInternalAsync(String command, CancellationToken cancellationToken)
   at MailKit.Net.Smtp.SmtpClient.AuthenticateAsync(Encoding encoding, ICredentials credentials, CancellationToken cancellationToken)
   at EmailWorkerService.EmailConsumerService.SendEmail(EmailNotification email) in D:\estudy2\AI_Generated\estudy\api\EmailWorkerService\EmailConsumerService.cs:line 165
2026-01-03 00:37:14.010 +05:30 [ERR] Error processing message
MailKit.Net.Smtp.SmtpProtocolException: The SMTP server has unexpectedly disconnected: Authentication failed: The provided authorization grant is invalid, expired, or revoked
   at MailKit.Net.Smtp.SmtpStream.ReadAheadAsync(CancellationToken cancellationToken)
   at MailKit.Net.Smtp.SmtpStream.ReadResponseAsync(CancellationToken cancellationToken)
   at MailKit.Net.Smtp.SmtpStream.SendCommandAsync(String command, CancellationToken cancellationToken)
   at MailKit.Net.Smtp.SmtpClient.SendCommandInternalAsync(String command, CancellationToken cancellationToken)
   at MailKit.Net.Smtp.SmtpClient.AuthenticateAsync(Encoding encoding, ICredentials credentials, CancellationToken cancellationToken)
   at EmailWorkerService.EmailConsumerService.SendEmail(EmailNotification email) in D:\estudy2\AI_Generated\estudy\api\EmailWorkerService\EmailConsumerService.cs:line 165
   at EmailWorkerService.EmailConsumerService.<ExecuteAsync>b__6_0(Object model, BasicDeliverEventArgs ea) in D:\estudy2\AI_Generated\estudy\api\EmailWorkerService\EmailConsumerService.cs:line 97
2026-01-03 00:37:14.011 +05:30 [INF] Received message: {"To":"vishal_varshney@hotmail.com","Subject":"Password reset request","Body":"Click the link to reset your password: \u003Ca href=\u0022https://localhost:5001/api/Auth/reset?token=07042d3fbd43402fa0b11e7beee578d5\u0022\u003Ehttps://localhost:5001/api/Auth/reset?token=07042d3fbd43402fa0b11e7beee578d5\u003C/a\u003E"}
2026-01-03 00:37:14.879 +05:30 [ERR] Failed to send email via SMTP
MailKit.Net.Smtp.SmtpProtocolException: The SMTP server has unexpectedly disconnected: Authentication failed: The provided authorization grant is invalid, expired, or revoked
   at MailKit.Net.Smtp.SmtpStream.ReadAheadAsync(CancellationToken cancellationToken)
   at MailKit.Net.Smtp.SmtpStream.ReadResponseAsync(CancellationToken cancellationToken)
   at MailKit.Net.Smtp.SmtpStream.SendCommandAsync(String command, CancellationToken cancellationToken)
   at MailKit.Net.Smtp.SmtpClient.SendCommandInternalAsync(String command, CancellationToken cancellationToken)
   at MailKit.Net.Smtp.SmtpClient.AuthenticateAsync(Encoding encoding, ICredentials credentials, CancellationToken cancellationToken)
   at EmailWorkerService.EmailConsumerService.SendEmail(EmailNotification email) in D:\estudy2\AI_Generated\estudy\api\EmailWorkerService\EmailConsumerService.cs:line 165
2026-01-03 00:37:14.932 +05:30 [ERR] Error processing message
MailKit.Net.Smtp.SmtpProtocolException: The SMTP server has unexpectedly disconnected: Authentication failed: The provided authorization grant is invalid, expired, or revoked
   at MailKit.Net.Smtp.SmtpStream.ReadAheadAsync(CancellationToken cancellationToken)
   at MailKit.Net.Smtp.SmtpStream.ReadResponseAsync(CancellationToken cancellationToken)
   at MailKit.Net.Smtp.SmtpStream.SendCommandAsync(String command, CancellationToken cancellationToken)
   at MailKit.Net.Smtp.SmtpClient.SendCommandInternalAsync(String command, CancellationToken cancellationToken)
   at MailKit.Net.Smtp.SmtpClient.AuthenticateAsync(Encoding encoding, ICredentials credentials, CancellationToken cancellationToken)
   at EmailWorkerService.EmailConsumerService.SendEmail(EmailNotification email) in D:\estudy2\AI_Generated\estudy\api\EmailWorkerService\EmailConsumerService.cs:line 165
   at EmailWorkerService.EmailConsumerService.<ExecuteAsync>b__6_0(Object model, BasicDeliverEventArgs ea) in D:\estudy2\AI_Generated\estudy\api\EmailWorkerService\EmailConsumerService.cs:line 97
2026-01-03 00:37:14.932 +05:30 [INF] Received message: {"To":"vishal_varshney@hotmail.com","Subject":"Password reset request","Body":"Click the link to reset your password: \u003Ca href=\u0022https://localhost:5001/api/Auth/reset?token=96aeb82bec604da2a58662c6d40f4635\u0022\u003Ehttps://localhost:5001/api/Auth/reset?token=96aeb82bec604da2a58662c6d40f4635\u003C/a\u003E"}
2026-01-03 00:37:15.749 +05:30 [ERR] Failed to send email via SMTP
MailKit.Net.Smtp.SmtpProtocolException: The SMTP server has unexpectedly disconnected: Authentication failed: The provided authorization grant is invalid, expired, or revoked
   at MailKit.Net.Smtp.SmtpStream.ReadAheadAsync(CancellationToken cancellationToken)
   at MailKit.Net.Smtp.SmtpStream.ReadResponseAsync(CancellationToken cancellationToken)
   at MailKit.Net.Smtp.SmtpStream.SendCommandAsync(String command, CancellationToken cancellationToken)
   at MailKit.Net.Smtp.SmtpClient.SendCommandInternalAsync(String command, CancellationToken cancellationToken)
   at MailKit.Net.Smtp.SmtpClient.AuthenticateAsync(Encoding encoding, ICredentials credentials, CancellationToken cancellationToken)
   at EmailWorkerService.EmailConsumerService.SendEmail(EmailNotification email) in D:\estudy2\AI_Generated\estudy\api\EmailWorkerService\EmailConsumerService.cs:line 165
2026-01-03 00:37:15.803 +05:30 [ERR] Error processing message
MailKit.Net.Smtp.SmtpProtocolException: The SMTP server has unexpectedly disconnected: Authentication failed: The provided authorization grant is invalid, expired, or revoked
   at MailKit.Net.Smtp.SmtpStream.ReadAheadAsync(CancellationToken cancellationToken)
   at MailKit.Net.Smtp.SmtpStream.ReadResponseAsync(CancellationToken cancellationToken)
   at MailKit.Net.Smtp.SmtpStream.SendCommandAsync(String command, CancellationToken cancellationToken)
   at MailKit.Net.Smtp.SmtpClient.SendCommandInternalAsync(String command, CancellationToken cancellationToken)
   at MailKit.Net.Smtp.SmtpClient.AuthenticateAsync(Encoding encoding, ICredentials credentials, CancellationToken cancellationToken)
   at EmailWorkerService.EmailConsumerService.SendEmail(EmailNotification email) in D:\estudy2\AI_Generated\estudy\api\EmailWorkerService\EmailConsumerService.cs:line 165
   at EmailWorkerService.EmailConsumerService.<ExecuteAsync>b__6_0(Object model, BasicDeliverEventArgs ea) in D:\estudy2\AI_Generated\estudy\api\EmailWorkerService\EmailConsumerService.cs:line 97
2026-01-03 00:37:15.803 +05:30 [INF] Received message: {"To":"vishal_varshney@hotmail.com","Subject":"Password reset request","Body":"Click the link to reset your password: \u003Ca href=\u0022https://localhost:5001/api/Auth/reset?token=46cd811230fe41f897e99f87cdb7e439\u0022\u003Ehttps://localhost:5001/api/Auth/reset?token=46cd811230fe41f897e99f87cdb7e439\u003C/a\u003E"}
2026-01-03 00:37:16.693 +05:30 [ERR] Failed to send email via SMTP
MailKit.Net.Smtp.SmtpProtocolException: The SMTP server has unexpectedly disconnected: Authentication failed: The provided authorization grant is invalid, expired, or revoked
   at MailKit.Net.Smtp.SmtpStream.ReadAheadAsync(CancellationToken cancellationToken)
   at MailKit.Net.Smtp.SmtpStream.ReadResponseAsync(CancellationToken cancellationToken)
   at MailKit.Net.Smtp.SmtpStream.SendCommandAsync(String command, CancellationToken cancellationToken)
   at MailKit.Net.Smtp.SmtpClient.SendCommandInternalAsync(String command, CancellationToken cancellationToken)
   at MailKit.Net.Smtp.SmtpClient.AuthenticateAsync(Encoding encoding, ICredentials credentials, CancellationToken cancellationToken)
   at EmailWorkerService.EmailConsumerService.SendEmail(EmailNotification email) in D:\estudy2\AI_Generated\estudy\api\EmailWorkerService\EmailConsumerService.cs:line 165
2026-01-03 00:37:16.748 +05:30 [ERR] Error processing message
MailKit.Net.Smtp.SmtpProtocolException: The SMTP server has unexpectedly disconnected: Authentication failed: The provided authorization grant is invalid, expired, or revoked
   at MailKit.Net.Smtp.SmtpStream.ReadAheadAsync(CancellationToken cancellationToken)
   at MailKit.Net.Smtp.SmtpStream.ReadResponseAsync(CancellationToken cancellationToken)
   at MailKit.Net.Smtp.SmtpStream.SendCommandAsync(String command, CancellationToken cancellationToken)
   at MailKit.Net.Smtp.SmtpClient.SendCommandInternalAsync(String command, CancellationToken cancellationToken)
   at MailKit.Net.Smtp.SmtpClient.AuthenticateAsync(Encoding encoding, ICredentials credentials, CancellationToken cancellationToken)
   at EmailWorkerService.EmailConsumerService.SendEmail(EmailNotification email) in D:\estudy2\AI_Generated\estudy\api\EmailWorkerService\EmailConsumerService.cs:line 165
   at EmailWorkerService.EmailConsumerService.<ExecuteAsync>b__6_0(Object model, BasicDeliverEventArgs ea) in D:\estudy2\AI_Generated\estudy\api\EmailWorkerService\EmailConsumerService.cs:line 97
2026-01-03 00:37:16.748 +05:30 [INF] Received message: {"To":"vishal_varshney@hotmail.com","Subject":"Password reset request","Body":"Click the link to reset your password: \u003Ca href=\u0022https://localhost:5001/api/Auth/reset?token=ff17e79b693944598d7091ca80b9e795\u0022\u003Ehttps://localhost:5001/api/Auth/reset?token=ff17e79b693944598d7091ca80b9e795\u003C/a\u003E"}
2026-01-03 00:37:17.596 +05:30 [ERR] Failed to send email via SMTP
MailKit.Net.Smtp.SmtpProtocolException: The SMTP server has unexpectedly disconnected: Authentication failed: The provided authorization grant is invalid, expired, or revoked
   at MailKit.Net.Smtp.SmtpStream.ReadAheadAsync(CancellationToken cancellationToken)
   at MailKit.Net.Smtp.SmtpStream.ReadResponseAsync(CancellationToken cancellationToken)
   at MailKit.Net.Smtp.SmtpStream.SendCommandAsync(String command, CancellationToken cancellationToken)
   at MailKit.Net.Smtp.SmtpClient.SendCommandInternalAsync(String command, CancellationToken cancellationToken)
   at MailKit.Net.Smtp.SmtpClient.AuthenticateAsync(Encoding encoding, ICredentials credentials, CancellationToken cancellationToken)
   at EmailWorkerService.EmailConsumerService.SendEmail(EmailNotification email) in D:\estudy2\AI_Generated\estudy\api\EmailWorkerService\EmailConsumerService.cs:line 165
2026-01-03 00:37:17.655 +05:30 [ERR] Error processing message
MailKit.Net.Smtp.SmtpProtocolException: The SMTP server has unexpectedly disconnected: Authentication failed: The provided authorization grant is invalid, expired, or revoked
   at MailKit.Net.Smtp.SmtpStream.ReadAheadAsync(CancellationToken cancellationToken)
   at MailKit.Net.Smtp.SmtpStream.ReadResponseAsync(CancellationToken cancellationToken)
   at MailKit.Net.Smtp.SmtpStream.SendCommandAsync(String command, CancellationToken cancellationToken)
   at MailKit.Net.Smtp.SmtpClient.SendCommandInternalAsync(String command, CancellationToken cancellationToken)
   at MailKit.Net.Smtp.SmtpClient.AuthenticateAsync(Encoding encoding, ICredentials credentials, CancellationToken cancellationToken)
   at EmailWorkerService.EmailConsumerService.SendEmail(EmailNotification email) in D:\estudy2\AI_Generated\estudy\api\EmailWorkerService\EmailConsumerService.cs:line 165
   at EmailWorkerService.EmailConsumerService.<ExecuteAsync>b__6_0(Object model, BasicDeliverEventArgs ea) in D:\estudy2\AI_Generated\estudy\api\EmailWorkerService\EmailConsumerService.cs:line 97
2026-01-03 00:37:17.655 +05:30 [INF] Received message: {"To":"vishal_varshney@hotmail.com","Subject":"Password reset request","Body":"Click the link to reset your password: \u003Ca href=\u0022https://localhost:5001/api/Auth/reset?token=07042d3fbd43402fa0b11e7beee578d5\u0022\u003Ehttps://localhost:5001/api/Auth/reset?token=07042d3fbd43402fa0b11e7beee578d5\u003C/a\u003E"}
2026-01-03 00:37:18.611 +05:30 [ERR] Failed to send email via SMTP
MailKit.Net.Smtp.SmtpProtocolException: The SMTP server has unexpectedly disconnected: Authentication failed: The provided authorization grant is invalid, expired, or revoked
   at MailKit.Net.Smtp.SmtpStream.ReadAheadAsync(CancellationToken cancellationToken)
   at MailKit.Net.Smtp.SmtpStream.ReadResponseAsync(CancellationToken cancellationToken)
   at MailKit.Net.Smtp.SmtpStream.SendCommandAsync(String command, CancellationToken cancellationToken)
   at MailKit.Net.Smtp.SmtpClient.SendCommandInternalAsync(String command, CancellationToken cancellationToken)
   at MailKit.Net.Smtp.SmtpClient.AuthenticateAsync(Encoding encoding, ICredentials credentials, CancellationToken cancellationToken)
   at EmailWorkerService.EmailConsumerService.SendEmail(EmailNotification email) in D:\estudy2\AI_Generated\estudy\api\EmailWorkerService\EmailConsumerService.cs:line 165
2026-01-03 00:37:18.665 +05:30 [ERR] Error processing message
MailKit.Net.Smtp.SmtpProtocolException: The SMTP server has unexpectedly disconnected: Authentication failed: The provided authorization grant is invalid, expired, or revoked
   at MailKit.Net.Smtp.SmtpStream.ReadAheadAsync(CancellationToken cancellationToken)
   at MailKit.Net.Smtp.SmtpStream.ReadResponseAsync(CancellationToken cancellationToken)
   at MailKit.Net.Smtp.SmtpStream.SendCommandAsync(String command, CancellationToken cancellationToken)
   at MailKit.Net.Smtp.SmtpClient.SendCommandInternalAsync(String command, CancellationToken cancellationToken)
   at MailKit.Net.Smtp.SmtpClient.AuthenticateAsync(Encoding encoding, ICredentials credentials, CancellationToken cancellationToken)
   at EmailWorkerService.EmailConsumerService.SendEmail(EmailNotification email) in D:\estudy2\AI_Generated\estudy\api\EmailWorkerService\EmailConsumerService.cs:line 165
   at EmailWorkerService.EmailConsumerService.<ExecuteAsync>b__6_0(Object model, BasicDeliverEventArgs ea) in D:\estudy2\AI_Generated\estudy\api\EmailWorkerService\EmailConsumerService.cs:line 97
2026-01-03 00:37:18.665 +05:30 [INF] Received message: {"To":"vishal_varshney@hotmail.com","Subject":"Password reset request","Body":"Click the link to reset your password: \u003Ca href=\u0022https://localhost:5001/api/Auth/reset?token=96aeb82bec604da2a58662c6d40f4635\u0022\u003Ehttps://localhost:5001/api/Auth/reset?token=96aeb82bec604da2a58662c6d40f4635\u003C/a\u003E"}
2026-01-03 00:37:19.353 +05:30 [ERR] Failed to send email via SMTP
MailKit.Net.Smtp.SmtpProtocolException: The SMTP server has unexpectedly disconnected: Authentication failed: The provided authorization grant is invalid, expired, or revoked
   at MailKit.Net.Smtp.SmtpStream.ReadAheadAsync(CancellationToken cancellationToken)
   at MailKit.Net.Smtp.SmtpStream.ReadResponseAsync(CancellationToken cancellationToken)
   at MailKit.Net.Smtp.SmtpStream.SendCommandAsync(String command, CancellationToken cancellationToken)
   at MailKit.Net.Smtp.SmtpClient.SendCommandInternalAsync(String command, CancellationToken cancellationToken)
   at MailKit.Net.Smtp.SmtpClient.AuthenticateAsync(Encoding encoding, ICredentials credentials, CancellationToken cancellationToken)
   at EmailWorkerService.EmailConsumerService.SendEmail(EmailNotification email) in D:\estudy2\AI_Generated\estudy\api\EmailWorkerService\EmailConsumerService.cs:line 165
2026-01-03 00:37:19.415 +05:30 [ERR] Error processing message
MailKit.Net.Smtp.SmtpProtocolException: The SMTP server has unexpectedly disconnected: Authentication failed: The provided authorization grant is invalid, expired, or revoked
   at MailKit.Net.Smtp.SmtpStream.ReadAheadAsync(CancellationToken cancellationToken)
   at MailKit.Net.Smtp.SmtpStream.ReadResponseAsync(CancellationToken cancellationToken)
   at MailKit.Net.Smtp.SmtpStream.SendCommandAsync(String command, CancellationToken cancellationToken)
   at MailKit.Net.Smtp.SmtpClient.SendCommandInternalAsync(String command, CancellationToken cancellationToken)
   at MailKit.Net.Smtp.SmtpClient.AuthenticateAsync(Encoding encoding, ICredentials credentials, CancellationToken cancellationToken)
   at EmailWorkerService.EmailConsumerService.SendEmail(EmailNotification email) in D:\estudy2\AI_Generated\estudy\api\EmailWorkerService\EmailConsumerService.cs:line 165
   at EmailWorkerService.EmailConsumerService.<ExecuteAsync>b__6_0(Object model, BasicDeliverEventArgs ea) in D:\estudy2\AI_Generated\estudy\api\EmailWorkerService\EmailConsumerService.cs:line 97
2026-01-03 00:37:19.415 +05:30 [INF] Received message: {"To":"vishal_varshney@hotmail.com","Subject":"Password reset request","Body":"Click the link to reset your password: \u003Ca href=\u0022https://localhost:5001/api/Auth/reset?token=46cd811230fe41f897e99f87cdb7e439\u0022\u003Ehttps://localhost:5001/api/Auth/reset?token=46cd811230fe41f897e99f87cdb7e439\u003C/a\u003E"}
2026-01-03 00:37:20.307 +05:30 [ERR] Failed to send email via SMTP
MailKit.Net.Smtp.SmtpProtocolException: The SMTP server has unexpectedly disconnected: Authentication failed: The provided authorization grant is invalid, expired, or revoked
   at MailKit.Net.Smtp.SmtpStream.ReadAheadAsync(CancellationToken cancellationToken)
   at MailKit.Net.Smtp.SmtpStream.ReadResponseAsync(CancellationToken cancellationToken)
   at MailKit.Net.Smtp.SmtpStream.SendCommandAsync(String command, CancellationToken cancellationToken)
   at MailKit.Net.Smtp.SmtpClient.SendCommandInternalAsync(String command, CancellationToken cancellationToken)
   at MailKit.Net.Smtp.SmtpClient.AuthenticateAsync(Encoding encoding, ICredentials credentials, CancellationToken cancellationToken)
   at EmailWorkerService.EmailConsumerService.SendEmail(EmailNotification email) in D:\estudy2\AI_Generated\estudy\api\EmailWorkerService\EmailConsumerService.cs:line 165
2026-01-03 00:37:20.357 +05:30 [ERR] Error processing message
MailKit.Net.Smtp.SmtpProtocolException: The SMTP server has unexpectedly disconnected: Authentication failed: The provided authorization grant is invalid, expired, or revoked
   at MailKit.Net.Smtp.SmtpStream.ReadAheadAsync(CancellationToken cancellationToken)
   at MailKit.Net.Smtp.SmtpStream.ReadResponseAsync(CancellationToken cancellationToken)
   at MailKit.Net.Smtp.SmtpStream.SendCommandAsync(String command, CancellationToken cancellationToken)
   at MailKit.Net.Smtp.SmtpClient.SendCommandInternalAsync(String command, CancellationToken cancellationToken)
   at MailKit.Net.Smtp.SmtpClient.AuthenticateAsync(Encoding encoding, ICredentials credentials, CancellationToken cancellationToken)
   at EmailWorkerService.EmailConsumerService.SendEmail(EmailNotification email) in D:\estudy2\AI_Generated\estudy\api\EmailWorkerService\EmailConsumerService.cs:line 165
   at EmailWorkerService.EmailConsumerService.<ExecuteAsync>b__6_0(Object model, BasicDeliverEventArgs ea) in D:\estudy2\AI_Generated\estudy\api\EmailWorkerService\EmailConsumerService.cs:line 97
2026-01-03 00:37:20.358 +05:30 [INF] Received message: {"To":"vishal_varshney@hotmail.com","Subject":"Password reset request","Body":"Click the link to reset your password: \u003Ca href=\u0022https://localhost:5001/api/Auth/reset?token=ff17e79b693944598d7091ca80b9e795\u0022\u003Ehttps://localhost:5001/api/Auth/reset?token=ff17e79b693944598d7091ca80b9e795\u003C/a\u003E"}
2026-01-03 00:37:21.415 +05:30 [ERR] Failed to send email via SMTP
MailKit.Net.Smtp.SmtpProtocolException: The SMTP server has unexpectedly disconnected: Authentication failed: The provided authorization grant is invalid, expired, or revoked
   at MailKit.Net.Smtp.SmtpStream.ReadAheadAsync(CancellationToken cancellationToken)
   at MailKit.Net.Smtp.SmtpStream.ReadResponseAsync(CancellationToken cancellationToken)
   at MailKit.Net.Smtp.SmtpStream.SendCommandAsync(String command, CancellationToken cancellationToken)
   at MailKit.Net.Smtp.SmtpClient.SendCommandInternalAsync(String command, CancellationToken cancellationToken)
   at MailKit.Net.Smtp.SmtpClient.AuthenticateAsync(Encoding encoding, ICredentials credentials, CancellationToken cancellationToken)
   at EmailWorkerService.EmailConsumerService.SendEmail(EmailNotification email) in D:\estudy2\AI_Generated\estudy\api\EmailWorkerService\EmailConsumerService.cs:line 165
2026-01-03 00:37:21.470 +05:30 [ERR] Error processing message
MailKit.Net.Smtp.SmtpProtocolException: The SMTP server has unexpectedly disconnected: Authentication failed: The provided authorization grant is invalid, expired, or revoked
   at MailKit.Net.Smtp.SmtpStream.ReadAheadAsync(CancellationToken cancellationToken)
   at MailKit.Net.Smtp.SmtpStream.ReadResponseAsync(CancellationToken cancellationToken)
   at MailKit.Net.Smtp.SmtpStream.SendCommandAsync(String command, CancellationToken cancellationToken)
   at MailKit.Net.Smtp.SmtpClient.SendCommandInternalAsync(String command, CancellationToken cancellationToken)
   at MailKit.Net.Smtp.SmtpClient.AuthenticateAsync(Encoding encoding, ICredentials credentials, CancellationToken cancellationToken)
   at EmailWorkerService.EmailConsumerService.SendEmail(EmailNotification email) in D:\estudy2\AI_Generated\estudy\api\EmailWorkerService\EmailConsumerService.cs:line 165
   at EmailWorkerService.EmailConsumerService.<ExecuteAsync>b__6_0(Object model, BasicDeliverEventArgs ea) in D:\estudy2\AI_Generated\estudy\api\EmailWorkerService\EmailConsumerService.cs:line 97
2026-01-03 00:37:21.470 +05:30 [INF] Received message: {"To":"vishal_varshney@hotmail.com","Subject":"Password reset request","Body":"Click the link to reset your password: \u003Ca href=\u0022https://localhost:5001/api/Auth/reset?token=07042d3fbd43402fa0b11e7beee578d5\u0022\u003Ehttps://localhost:5001/api/Auth/reset?token=07042d3fbd43402fa0b11e7beee578d5\u003C/a\u003E"}
2026-01-03 00:37:22.356 +05:30 [ERR] Failed to send email via SMTP
MailKit.Net.Smtp.SmtpProtocolException: The SMTP server has unexpectedly disconnected: Authentication failed: The provided authorization grant is invalid, expired, or revoked
   at MailKit.Net.Smtp.SmtpStream.ReadAheadAsync(CancellationToken cancellationToken)
   at MailKit.Net.Smtp.SmtpStream.ReadResponseAsync(CancellationToken cancellationToken)
   at MailKit.Net.Smtp.SmtpStream.SendCommandAsync(String command, CancellationToken cancellationToken)
   at MailKit.Net.Smtp.SmtpClient.SendCommandInternalAsync(String command, CancellationToken cancellationToken)
   at MailKit.Net.Smtp.SmtpClient.AuthenticateAsync(Encoding encoding, ICredentials credentials, CancellationToken cancellationToken)
   at EmailWorkerService.EmailConsumerService.SendEmail(EmailNotification email) in D:\estudy2\AI_Generated\estudy\api\EmailWorkerService\EmailConsumerService.cs:line 165
2026-01-03 00:37:22.416 +05:30 [ERR] Error processing message
MailKit.Net.Smtp.SmtpProtocolException: The SMTP server has unexpectedly disconnected: Authentication failed: The provided authorization grant is invalid, expired, or revoked
   at MailKit.Net.Smtp.SmtpStream.ReadAheadAsync(CancellationToken cancellationToken)
   at MailKit.Net.Smtp.SmtpStream.ReadResponseAsync(CancellationToken cancellationToken)
   at MailKit.Net.Smtp.SmtpStream.SendCommandAsync(String command, CancellationToken cancellationToken)
   at MailKit.Net.Smtp.SmtpClient.SendCommandInternalAsync(String command, CancellationToken cancellationToken)
   at MailKit.Net.Smtp.SmtpClient.AuthenticateAsync(Encoding encoding, ICredentials credentials, CancellationToken cancellationToken)
   at EmailWorkerService.EmailConsumerService.SendEmail(EmailNotification email) in D:\estudy2\AI_Generated\estudy\api\EmailWorkerService\EmailConsumerService.cs:line 165
   at EmailWorkerService.EmailConsumerService.<ExecuteAsync>b__6_0(Object model, BasicDeliverEventArgs ea) in D:\estudy2\AI_Generated\estudy\api\EmailWorkerService\EmailConsumerService.cs:line 97
2026-01-03 00:37:22.416 +05:30 [INF] Received message: {"To":"vishal_varshney@hotmail.com","Subject":"Password reset request","Body":"Click the link to reset your password: \u003Ca href=\u0022https://localhost:5001/api/Auth/reset?token=96aeb82bec604da2a58662c6d40f4635\u0022\u003Ehttps://localhost:5001/api/Auth/reset?token=96aeb82bec604da2a58662c6d40f4635\u003C/a\u003E"}
2026-01-03 00:37:23.424 +05:30 [ERR] Failed to send email via SMTP
MailKit.Net.Smtp.SmtpProtocolException: The SMTP server has unexpectedly disconnected: Authentication failed: The provided authorization grant is invalid, expired, or revoked
   at MailKit.Net.Smtp.SmtpStream.ReadAheadAsync(CancellationToken cancellationToken)
   at MailKit.Net.Smtp.SmtpStream.ReadResponseAsync(CancellationToken cancellationToken)
   at MailKit.Net.Smtp.SmtpStream.SendCommandAsync(String command, CancellationToken cancellationToken)
   at MailKit.Net.Smtp.SmtpClient.SendCommandInternalAsync(String command, CancellationToken cancellationToken)
   at MailKit.Net.Smtp.SmtpClient.AuthenticateAsync(Encoding encoding, ICredentials credentials, CancellationToken cancellationToken)
   at EmailWorkerService.EmailConsumerService.SendEmail(EmailNotification email) in D:\estudy2\AI_Generated\estudy\api\EmailWorkerService\EmailConsumerService.cs:line 165
2026-01-03 00:37:23.479 +05:30 [ERR] Error processing message
MailKit.Net.Smtp.SmtpProtocolException: The SMTP server has unexpectedly disconnected: Authentication failed: The provided authorization grant is invalid, expired, or revoked
   at MailKit.Net.Smtp.SmtpStream.ReadAheadAsync(CancellationToken cancellationToken)
   at MailKit.Net.Smtp.SmtpStream.ReadResponseAsync(CancellationToken cancellationToken)
   at MailKit.Net.Smtp.SmtpStream.SendCommandAsync(String command, CancellationToken cancellationToken)
   at MailKit.Net.Smtp.SmtpClient.SendCommandInternalAsync(String command, CancellationToken cancellationToken)
   at MailKit.Net.Smtp.SmtpClient.AuthenticateAsync(Encoding encoding, ICredentials credentials, CancellationToken cancellationToken)
   at EmailWorkerService.EmailConsumerService.SendEmail(EmailNotification email) in D:\estudy2\AI_Generated\estudy\api\EmailWorkerService\EmailConsumerService.cs:line 165
   at EmailWorkerService.EmailConsumerService.<ExecuteAsync>b__6_0(Object model, BasicDeliverEventArgs ea) in D:\estudy2\AI_Generated\estudy\api\EmailWorkerService\EmailConsumerService.cs:line 97
2026-01-03 00:37:23.479 +05:30 [INF] Received message: {"To":"vishal_varshney@hotmail.com","Subject":"Password reset request","Body":"Click the link to reset your password: \u003Ca href=\u0022https://localhost:5001/api/Auth/reset?token=46cd811230fe41f897e99f87cdb7e439\u0022\u003Ehttps://localhost:5001/api/Auth/reset?token=46cd811230fe41f897e99f87cdb7e439\u003C/a\u003E"}
2026-01-03 00:37:24.324 +05:30 [ERR] Failed to send email via SMTP
MailKit.Net.Smtp.SmtpProtocolException: The SMTP server has unexpectedly disconnected: Authentication failed: The provided authorization grant is invalid, expired, or revoked
   at MailKit.Net.Smtp.SmtpStream.ReadAheadAsync(CancellationToken cancellationToken)
   at MailKit.Net.Smtp.SmtpStream.ReadResponseAsync(CancellationToken cancellationToken)
   at MailKit.Net.Smtp.SmtpStream.SendCommandAsync(String command, CancellationToken cancellationToken)
   at MailKit.Net.Smtp.SmtpClient.SendCommandInternalAsync(String command, CancellationToken cancellationToken)
   at MailKit.Net.Smtp.SmtpClient.AuthenticateAsync(Encoding encoding, ICredentials credentials, CancellationToken cancellationToken)
   at EmailWorkerService.EmailConsumerService.SendEmail(EmailNotification email) in D:\estudy2\AI_Generated\estudy\api\EmailWorkerService\EmailConsumerService.cs:line 165
2026-01-03 00:37:24.373 +05:30 [ERR] Error processing message
MailKit.Net.Smtp.SmtpProtocolException: The SMTP server has unexpectedly disconnected: Authentication failed: The provided authorization grant is invalid, expired, or revoked
   at MailKit.Net.Smtp.SmtpStream.ReadAheadAsync(CancellationToken cancellationToken)
   at MailKit.Net.Smtp.SmtpStream.ReadResponseAsync(CancellationToken cancellationToken)
   at MailKit.Net.Smtp.SmtpStream.SendCommandAsync(String command, CancellationToken cancellationToken)
   at MailKit.Net.Smtp.SmtpClient.SendCommandInternalAsync(String command, CancellationToken cancellationToken)
   at MailKit.Net.Smtp.SmtpClient.AuthenticateAsync(Encoding encoding, ICredentials credentials, CancellationToken cancellationToken)
   at EmailWorkerService.EmailConsumerService.SendEmail(EmailNotification email) in D:\estudy2\AI_Generated\estudy\api\EmailWorkerService\EmailConsumerService.cs:line 165
   at EmailWorkerService.EmailConsumerService.<ExecuteAsync>b__6_0(Object model, BasicDeliverEventArgs ea) in D:\estudy2\AI_Generated\estudy\api\EmailWorkerService\EmailConsumerService.cs:line 97
2026-01-03 00:37:24.373 +05:30 [INF] Received message: {"To":"vishal_varshney@hotmail.com","Subject":"Password reset request","Body":"Click the link to reset your password: \u003Ca href=\u0022https://localhost:5001/api/Auth/reset?token=ff17e79b693944598d7091ca80b9e795\u0022\u003Ehttps://localhost:5001/api/Auth/reset?token=ff17e79b693944598d7091ca80b9e795\u003C/a\u003E"}
2026-01-03 00:37:25.281 +05:30 [ERR] Failed to send email via SMTP
MailKit.Net.Smtp.SmtpProtocolException: The SMTP server has unexpectedly disconnected: Authentication failed: The provided authorization grant is invalid, expired, or revoked
   at MailKit.Net.Smtp.SmtpStream.ReadAheadAsync(CancellationToken cancellationToken)
   at MailKit.Net.Smtp.SmtpStream.ReadResponseAsync(CancellationToken cancellationToken)
   at MailKit.Net.Smtp.SmtpStream.SendCommandAsync(String command, CancellationToken cancellationToken)
   at MailKit.Net.Smtp.SmtpClient.SendCommandInternalAsync(String command, CancellationToken cancellationToken)
   at MailKit.Net.Smtp.SmtpClient.AuthenticateAsync(Encoding encoding, ICredentials credentials, CancellationToken cancellationToken)
   at EmailWorkerService.EmailConsumerService.SendEmail(EmailNotification email) in D:\estudy2\AI_Generated\estudy\api\EmailWorkerService\EmailConsumerService.cs:line 165
2026-01-03 00:37:25.335 +05:30 [ERR] Error processing message
MailKit.Net.Smtp.SmtpProtocolException: The SMTP server has unexpectedly disconnected: Authentication failed: The provided authorization grant is invalid, expired, or revoked
   at MailKit.Net.Smtp.SmtpStream.ReadAheadAsync(CancellationToken cancellationToken)
   at MailKit.Net.Smtp.SmtpStream.ReadResponseAsync(CancellationToken cancellationToken)
   at MailKit.Net.Smtp.SmtpStream.SendCommandAsync(String command, CancellationToken cancellationToken)
   at MailKit.Net.Smtp.SmtpClient.SendCommandInternalAsync(String command, CancellationToken cancellationToken)
   at MailKit.Net.Smtp.SmtpClient.AuthenticateAsync(Encoding encoding, ICredentials credentials, CancellationToken cancellationToken)
   at EmailWorkerService.EmailConsumerService.SendEmail(EmailNotification email) in D:\estudy2\AI_Generated\estudy\api\EmailWorkerService\EmailConsumerService.cs:line 165
   at EmailWorkerService.EmailConsumerService.<ExecuteAsync>b__6_0(Object model, BasicDeliverEventArgs ea) in D:\estudy2\AI_Generated\estudy\api\EmailWorkerService\EmailConsumerService.cs:line 97
2026-01-03 00:37:25.335 +05:30 [INF] Received message: {"To":"vishal_varshney@hotmail.com","Subject":"Password reset request","Body":"Click the link to reset your password: \u003Ca href=\u0022https://localhost:5001/api/Auth/reset?token=07042d3fbd43402fa0b11e7beee578d5\u0022\u003Ehttps://localhost:5001/api/Auth/reset?token=07042d3fbd43402fa0b11e7beee578d5\u003C/a\u003E"}
2026-01-03 00:37:26.370 +05:30 [ERR] Failed to send email via SMTP
MailKit.Net.Smtp.SmtpProtocolException: The SMTP server has unexpectedly disconnected: Authentication failed: The provided authorization grant is invalid, expired, or revoked
   at MailKit.Net.Smtp.SmtpStream.ReadAheadAsync(CancellationToken cancellationToken)
   at MailKit.Net.Smtp.SmtpStream.ReadResponseAsync(CancellationToken cancellationToken)
   at MailKit.Net.Smtp.SmtpStream.SendCommandAsync(String command, CancellationToken cancellationToken)
   at MailKit.Net.Smtp.SmtpClient.SendCommandInternalAsync(String command, CancellationToken cancellationToken)
   at MailKit.Net.Smtp.SmtpClient.AuthenticateAsync(Encoding encoding, ICredentials credentials, CancellationToken cancellationToken)
   at EmailWorkerService.EmailConsumerService.SendEmail(EmailNotification email) in D:\estudy2\AI_Generated\estudy\api\EmailWorkerService\EmailConsumerService.cs:line 165
2026-01-03 00:37:26.427 +05:30 [ERR] Error processing message
MailKit.Net.Smtp.SmtpProtocolException: The SMTP server has unexpectedly disconnected: Authentication failed: The provided authorization grant is invalid, expired, or revoked
   at MailKit.Net.Smtp.SmtpStream.ReadAheadAsync(CancellationToken cancellationToken)
   at MailKit.Net.Smtp.SmtpStream.ReadResponseAsync(CancellationToken cancellationToken)
   at MailKit.Net.Smtp.SmtpStream.SendCommandAsync(String command, CancellationToken cancellationToken)
   at MailKit.Net.Smtp.SmtpClient.SendCommandInternalAsync(String command, CancellationToken cancellationToken)
   at MailKit.Net.Smtp.SmtpClient.AuthenticateAsync(Encoding encoding, ICredentials credentials, CancellationToken cancellationToken)
   at EmailWorkerService.EmailConsumerService.SendEmail(EmailNotification email) in D:\estudy2\AI_Generated\estudy\api\EmailWorkerService\EmailConsumerService.cs:line 165
   at EmailWorkerService.EmailConsumerService.<ExecuteAsync>b__6_0(Object model, BasicDeliverEventArgs ea) in D:\estudy2\AI_Generated\estudy\api\EmailWorkerService\EmailConsumerService.cs:line 97
2026-01-03 00:37:26.428 +05:30 [INF] Received message: {"To":"vishal_varshney@hotmail.com","Subject":"Password reset request","Body":"Click the link to reset your password: \u003Ca href=\u0022https://localhost:5001/api/Auth/reset?token=96aeb82bec604da2a58662c6d40f4635\u0022\u003Ehttps://localhost:5001/api/Auth/reset?token=96aeb82bec604da2a58662c6d40f4635\u003C/a\u003E"}
2026-01-03 00:37:27.354 +05:30 [ERR] Failed to send email via SMTP
MailKit.Net.Smtp.SmtpProtocolException: The SMTP server has unexpectedly disconnected: Authentication failed: The provided authorization grant is invalid, expired, or revoked
   at MailKit.Net.Smtp.SmtpStream.ReadAheadAsync(CancellationToken cancellationToken)
   at MailKit.Net.Smtp.SmtpStream.ReadResponseAsync(CancellationToken cancellationToken)
   at MailKit.Net.Smtp.SmtpStream.SendCommandAsync(String command, CancellationToken cancellationToken)
   at MailKit.Net.Smtp.SmtpClient.SendCommandInternalAsync(String command, CancellationToken cancellationToken)
   at MailKit.Net.Smtp.SmtpClient.AuthenticateAsync(Encoding encoding, ICredentials credentials, CancellationToken cancellationToken)
   at EmailWorkerService.EmailConsumerService.SendEmail(EmailNotification email) in D:\estudy2\AI_Generated\estudy\api\EmailWorkerService\EmailConsumerService.cs:line 165
2026-01-03 00:37:27.407 +05:30 [ERR] Error processing message
MailKit.Net.Smtp.SmtpProtocolException: The SMTP server has unexpectedly disconnected: Authentication failed: The provided authorization grant is invalid, expired, or revoked
   at MailKit.Net.Smtp.SmtpStream.ReadAheadAsync(CancellationToken cancellationToken)
   at MailKit.Net.Smtp.SmtpStream.ReadResponseAsync(CancellationToken cancellationToken)
   at MailKit.Net.Smtp.SmtpStream.SendCommandAsync(String command, CancellationToken cancellationToken)
   at MailKit.Net.Smtp.SmtpClient.SendCommandInternalAsync(String command, CancellationToken cancellationToken)
   at MailKit.Net.Smtp.SmtpClient.AuthenticateAsync(Encoding encoding, ICredentials credentials, CancellationToken cancellationToken)
   at EmailWorkerService.EmailConsumerService.SendEmail(EmailNotification email) in D:\estudy2\AI_Generated\estudy\api\EmailWorkerService\EmailConsumerService.cs:line 165
   at EmailWorkerService.EmailConsumerService.<ExecuteAsync>b__6_0(Object model, BasicDeliverEventArgs ea) in D:\estudy2\AI_Generated\estudy\api\EmailWorkerService\EmailConsumerService.cs:line 97
2026-01-03 00:37:27.408 +05:30 [INF] Received message: {"To":"vishal_varshney@hotmail.com","Subject":"Password reset request","Body":"Click the link to reset your password: \u003Ca href=\u0022https://localhost:5001/api/Auth/reset?token=46cd811230fe41f897e99f87cdb7e439\u0022\u003Ehttps://localhost:5001/api/Auth/reset?token=46cd811230fe41f897e99f87cdb7e439\u003C/a\u003E"}
2026-01-03 00:37:28.382 +05:30 [ERR] Failed to send email via SMTP
MailKit.Net.Smtp.SmtpProtocolException: The SMTP server has unexpectedly disconnected: Authentication failed: The provided authorization grant is invalid, expired, or revoked
   at MailKit.Net.Smtp.SmtpStream.ReadAheadAsync(CancellationToken cancellationToken)
   at MailKit.Net.Smtp.SmtpStream.ReadResponseAsync(CancellationToken cancellationToken)
   at MailKit.Net.Smtp.SmtpStream.SendCommandAsync(String command, CancellationToken cancellationToken)
   at MailKit.Net.Smtp.SmtpClient.SendCommandInternalAsync(String command, CancellationToken cancellationToken)
   at MailKit.Net.Smtp.SmtpClient.AuthenticateAsync(Encoding encoding, ICredentials credentials, CancellationToken cancellationToken)
   at EmailWorkerService.EmailConsumerService.SendEmail(EmailNotification email) in D:\estudy2\AI_Generated\estudy\api\EmailWorkerService\EmailConsumerService.cs:line 165
2026-01-03 00:37:28.439 +05:30 [ERR] Error processing message
MailKit.Net.Smtp.SmtpProtocolException: The SMTP server has unexpectedly disconnected: Authentication failed: The provided authorization grant is invalid, expired, or revoked
   at MailKit.Net.Smtp.SmtpStream.ReadAheadAsync(CancellationToken cancellationToken)
   at MailKit.Net.Smtp.SmtpStream.ReadResponseAsync(CancellationToken cancellationToken)
   at MailKit.Net.Smtp.SmtpStream.SendCommandAsync(String command, CancellationToken cancellationToken)
   at MailKit.Net.Smtp.SmtpClient.SendCommandInternalAsync(String command, CancellationToken cancellationToken)
   at MailKit.Net.Smtp.SmtpClient.AuthenticateAsync(Encoding encoding, ICredentials credentials, CancellationToken cancellationToken)
   at EmailWorkerService.EmailConsumerService.SendEmail(EmailNotification email) in D:\estudy2\AI_Generated\estudy\api\EmailWorkerService\EmailConsumerService.cs:line 165
   at EmailWorkerService.EmailConsumerService.<ExecuteAsync>b__6_0(Object model, BasicDeliverEventArgs ea) in D:\estudy2\AI_Generated\estudy\api\EmailWorkerService\EmailConsumerService.cs:line 97
2026-01-03 00:37:28.439 +05:30 [INF] Received message: {"To":"vishal_varshney@hotmail.com","Subject":"Password reset request","Body":"Click the link to reset your password: \u003Ca href=\u0022https://localhost:5001/api/Auth/reset?token=ff17e79b693944598d7091ca80b9e795\u0022\u003Ehttps://localhost:5001/api/Auth/reset?token=ff17e79b693944598d7091ca80b9e795\u003C/a\u003E"}
2026-01-03 00:37:29.241 +05:30 [ERR] Failed to send email via SMTP
MailKit.Net.Smtp.SmtpProtocolException: The SMTP server has unexpectedly disconnected: Authentication failed: The provided authorization grant is invalid, expired, or revoked
   at MailKit.Net.Smtp.SmtpStream.ReadAheadAsync(CancellationToken cancellationToken)
   at MailKit.Net.Smtp.SmtpStream.ReadResponseAsync(CancellationToken cancellationToken)
   at MailKit.Net.Smtp.SmtpStream.SendCommandAsync(String command, CancellationToken cancellationToken)
   at MailKit.Net.Smtp.SmtpClient.SendCommandInternalAsync(String command, CancellationToken cancellationToken)
   at MailKit.Net.Smtp.SmtpClient.AuthenticateAsync(Encoding encoding, ICredentials credentials, CancellationToken cancellationToken)
   at EmailWorkerService.EmailConsumerService.SendEmail(EmailNotification email) in D:\estudy2\AI_Generated\estudy\api\EmailWorkerService\EmailConsumerService.cs:line 165
2026-01-03 00:37:29.294 +05:30 [ERR] Error processing message
MailKit.Net.Smtp.SmtpProtocolException: The SMTP server has unexpectedly disconnected: Authentication failed: The provided authorization grant is invalid, expired, or revoked
   at MailKit.Net.Smtp.SmtpStream.ReadAheadAsync(CancellationToken cancellationToken)
   at MailKit.Net.Smtp.SmtpStream.ReadResponseAsync(CancellationToken cancellationToken)
   at MailKit.Net.Smtp.SmtpStream.SendCommandAsync(String command, CancellationToken cancellationToken)
   at MailKit.Net.Smtp.SmtpClient.SendCommandInternalAsync(String command, CancellationToken cancellationToken)
   at MailKit.Net.Smtp.SmtpClient.AuthenticateAsync(Encoding encoding, ICredentials credentials, CancellationToken cancellationToken)
   at EmailWorkerService.EmailConsumerService.SendEmail(EmailNotification email) in D:\estudy2\AI_Generated\estudy\api\EmailWorkerService\EmailConsumerService.cs:line 165
   at EmailWorkerService.EmailConsumerService.<ExecuteAsync>b__6_0(Object model, BasicDeliverEventArgs ea) in D:\estudy2\AI_Generated\estudy\api\EmailWorkerService\EmailConsumerService.cs:line 97
2026-01-03 00:37:29.294 +05:30 [INF] Received message: {"To":"vishal_varshney@hotmail.com","Subject":"Password reset request","Body":"Click the link to reset your password: \u003Ca href=\u0022https://localhost:5001/api/Auth/reset?token=07042d3fbd43402fa0b11e7beee578d5\u0022\u003Ehttps://localhost:5001/api/Auth/reset?token=07042d3fbd43402fa0b11e7beee578d5\u003C/a\u003E"}
2026-01-03 00:37:30.092 +05:30 [ERR] Failed to send email via SMTP
MailKit.Net.Smtp.SmtpProtocolException: The SMTP server has unexpectedly disconnected: Authentication failed: The provided authorization grant is invalid, expired, or revoked
   at MailKit.Net.Smtp.SmtpStream.ReadAheadAsync(CancellationToken cancellationToken)
   at MailKit.Net.Smtp.SmtpStream.ReadResponseAsync(CancellationToken cancellationToken)
   at MailKit.Net.Smtp.SmtpStream.SendCommandAsync(String command, CancellationToken cancellationToken)
   at MailKit.Net.Smtp.SmtpClient.SendCommandInternalAsync(String command, CancellationToken cancellationToken)
   at MailKit.Net.Smtp.SmtpClient.AuthenticateAsync(Encoding encoding, ICredentials credentials, CancellationToken cancellationToken)
   at EmailWorkerService.EmailConsumerService.SendEmail(EmailNotification email) in D:\estudy2\AI_Generated\estudy\api\EmailWorkerService\EmailConsumerService.cs:line 165
2026-01-03 00:37:30.141 +05:30 [ERR] Error processing message
MailKit.Net.Smtp.SmtpProtocolException: The SMTP server has unexpectedly disconnected: Authentication failed: The provided authorization grant is invalid, expired, or revoked
   at MailKit.Net.Smtp.SmtpStream.ReadAheadAsync(CancellationToken cancellationToken)
   at MailKit.Net.Smtp.SmtpStream.ReadResponseAsync(CancellationToken cancellationToken)
   at MailKit.Net.Smtp.SmtpStream.SendCommandAsync(String command, CancellationToken cancellationToken)
   at MailKit.Net.Smtp.SmtpClient.SendCommandInternalAsync(String command, CancellationToken cancellationToken)
   at MailKit.Net.Smtp.SmtpClient.AuthenticateAsync(Encoding encoding, ICredentials credentials, CancellationToken cancellationToken)
   at EmailWorkerService.EmailConsumerService.SendEmail(EmailNotification email) in D:\estudy2\AI_Generated\estudy\api\EmailWorkerService\EmailConsumerService.cs:line 165
   at EmailWorkerService.EmailConsumerService.<ExecuteAsync>b__6_0(Object model, BasicDeliverEventArgs ea) in D:\estudy2\AI_Generated\estudy\api\EmailWorkerService\EmailConsumerService.cs:line 97
2026-01-03 00:37:30.142 +05:30 [INF] Received message: {"To":"vishal_varshney@hotmail.com","Subject":"Password reset request","Body":"Click the link to reset your password: \u003Ca href=\u0022https://localhost:5001/api/Auth/reset?token=96aeb82bec604da2a58662c6d40f4635\u0022\u003Ehttps://localhost:5001/api/Auth/reset?token=96aeb82bec604da2a58662c6d40f4635\u003C/a\u003E"}
2026-01-03 00:37:31.139 +05:30 [ERR] Failed to send email via SMTP
MailKit.Net.Smtp.SmtpProtocolException: The SMTP server has unexpectedly disconnected: Authentication failed: The provided authorization grant is invalid, expired, or revoked
   at MailKit.Net.Smtp.SmtpStream.ReadAheadAsync(CancellationToken cancellationToken)
   at MailKit.Net.Smtp.SmtpStream.ReadResponseAsync(CancellationToken cancellationToken)
   at MailKit.Net.Smtp.SmtpStream.SendCommandAsync(String command, CancellationToken cancellationToken)
   at MailKit.Net.Smtp.SmtpClient.SendCommandInternalAsync(String command, CancellationToken cancellationToken)
   at MailKit.Net.Smtp.SmtpClient.AuthenticateAsync(Encoding encoding, ICredentials credentials, CancellationToken cancellationToken)
   at EmailWorkerService.EmailConsumerService.SendEmail(EmailNotification email) in D:\estudy2\AI_Generated\estudy\api\EmailWorkerService\EmailConsumerService.cs:line 165
2026-01-03 00:37:31.193 +05:30 [ERR] Error processing message
MailKit.Net.Smtp.SmtpProtocolException: The SMTP server has unexpectedly disconnected: Authentication failed: The provided authorization grant is invalid, expired, or revoked
   at MailKit.Net.Smtp.SmtpStream.ReadAheadAsync(CancellationToken cancellationToken)
   at MailKit.Net.Smtp.SmtpStream.ReadResponseAsync(CancellationToken cancellationToken)
   at MailKit.Net.Smtp.SmtpStream.SendCommandAsync(String command, CancellationToken cancellationToken)
   at MailKit.Net.Smtp.SmtpClient.SendCommandInternalAsync(String command, CancellationToken cancellationToken)
   at MailKit.Net.Smtp.SmtpClient.AuthenticateAsync(Encoding encoding, ICredentials credentials, CancellationToken cancellationToken)
   at EmailWorkerService.EmailConsumerService.SendEmail(EmailNotification email) in D:\estudy2\AI_Generated\estudy\api\EmailWorkerService\EmailConsumerService.cs:line 165
   at EmailWorkerService.EmailConsumerService.<ExecuteAsync>b__6_0(Object model, BasicDeliverEventArgs ea) in D:\estudy2\AI_Generated\estudy\api\EmailWorkerService\EmailConsumerService.cs:line 97
2026-01-03 00:37:31.193 +05:30 [INF] Received message: {"To":"vishal_varshney@hotmail.com","Subject":"Password reset request","Body":"Click the link to reset your password: \u003Ca href=\u0022https://localhost:5001/api/Auth/reset?token=46cd811230fe41f897e99f87cdb7e439\u0022\u003Ehttps://localhost:5001/api/Auth/reset?token=46cd811230fe41f897e99f87cdb7e439\u003C/a\u003E"}
2026-01-03 00:37:32.199 +05:30 [ERR] Failed to send email via SMTP
MailKit.Net.Smtp.SmtpProtocolException: The SMTP server has unexpectedly disconnected: Authentication failed: The provided authorization grant is invalid, expired, or revoked
   at MailKit.Net.Smtp.SmtpStream.ReadAheadAsync(CancellationToken cancellationToken)
   at MailKit.Net.Smtp.SmtpStream.ReadResponseAsync(CancellationToken cancellationToken)
   at MailKit.Net.Smtp.SmtpStream.SendCommandAsync(String command, CancellationToken cancellationToken)
   at MailKit.Net.Smtp.SmtpClient.SendCommandInternalAsync(String command, CancellationToken cancellationToken)
   at MailKit.Net.Smtp.SmtpClient.AuthenticateAsync(Encoding encoding, ICredentials credentials, CancellationToken cancellationToken)
   at EmailWorkerService.EmailConsumerService.SendEmail(EmailNotification email) in D:\estudy2\AI_Generated\estudy\api\EmailWorkerService\EmailConsumerService.cs:line 165
2026-01-03 00:37:32.259 +05:30 [ERR] Error processing message
MailKit.Net.Smtp.SmtpProtocolException: The SMTP server has unexpectedly disconnected: Authentication failed: The provided authorization grant is invalid, expired, or revoked
   at MailKit.Net.Smtp.SmtpStream.ReadAheadAsync(CancellationToken cancellationToken)
   at MailKit.Net.Smtp.SmtpStream.ReadResponseAsync(CancellationToken cancellationToken)
   at MailKit.Net.Smtp.SmtpStream.SendCommandAsync(String command, CancellationToken cancellationToken)
   at MailKit.Net.Smtp.SmtpClient.SendCommandInternalAsync(String command, CancellationToken cancellationToken)
   at MailKit.Net.Smtp.SmtpClient.AuthenticateAsync(Encoding encoding, ICredentials credentials, CancellationToken cancellationToken)
   at EmailWorkerService.EmailConsumerService.SendEmail(EmailNotification email) in D:\estudy2\AI_Generated\estudy\api\EmailWorkerService\EmailConsumerService.cs:line 165
   at EmailWorkerService.EmailConsumerService.<ExecuteAsync>b__6_0(Object model, BasicDeliverEventArgs ea) in D:\estudy2\AI_Generated\estudy\api\EmailWorkerService\EmailConsumerService.cs:line 97
2026-01-03 00:37:32.259 +05:30 [INF] Received message: {"To":"vishal_varshney@hotmail.com","Subject":"Password reset request","Body":"Click the link to reset your password: \u003Ca href=\u0022https://localhost:5001/api/Auth/reset?token=ff17e79b693944598d7091ca80b9e795\u0022\u003Ehttps://localhost:5001/api/Auth/reset?token=ff17e79b693944598d7091ca80b9e795\u003C/a\u003E"}
2026-01-03 00:37:33.303 +05:30 [ERR] Failed to send email via SMTP
MailKit.Net.Smtp.SmtpProtocolException: The SMTP server has unexpectedly disconnected: Authentication failed: The provided authorization grant is invalid, expired, or revoked
   at MailKit.Net.Smtp.SmtpStream.ReadAheadAsync(CancellationToken cancellationToken)
   at MailKit.Net.Smtp.SmtpStream.ReadResponseAsync(CancellationToken cancellationToken)
   at MailKit.Net.Smtp.SmtpStream.SendCommandAsync(String command, CancellationToken cancellationToken)
   at MailKit.Net.Smtp.SmtpClient.SendCommandInternalAsync(String command, CancellationToken cancellationToken)
   at MailKit.Net.Smtp.SmtpClient.AuthenticateAsync(Encoding encoding, ICredentials credentials, CancellationToken cancellationToken)
   at EmailWorkerService.EmailConsumerService.SendEmail(EmailNotification email) in D:\estudy2\AI_Generated\estudy\api\EmailWorkerService\EmailConsumerService.cs:line 165
2026-01-03 00:37:33.352 +05:30 [ERR] Error processing message
MailKit.Net.Smtp.SmtpProtocolException: The SMTP server has unexpectedly disconnected: Authentication failed: The provided authorization grant is invalid, expired, or revoked
   at MailKit.Net.Smtp.SmtpStream.ReadAheadAsync(CancellationToken cancellationToken)
   at MailKit.Net.Smtp.SmtpStream.ReadResponseAsync(CancellationToken cancellationToken)
   at MailKit.Net.Smtp.SmtpStream.SendCommandAsync(String command, CancellationToken cancellationToken)
   at MailKit.Net.Smtp.SmtpClient.SendCommandInternalAsync(String command, CancellationToken cancellationToken)
   at MailKit.Net.Smtp.SmtpClient.AuthenticateAsync(Encoding encoding, ICredentials credentials, CancellationToken cancellationToken)
   at EmailWorkerService.EmailConsumerService.SendEmail(EmailNotification email) in D:\estudy2\AI_Generated\estudy\api\EmailWorkerService\EmailConsumerService.cs:line 165
   at EmailWorkerService.EmailConsumerService.<ExecuteAsync>b__6_0(Object model, BasicDeliverEventArgs ea) in D:\estudy2\AI_Generated\estudy\api\EmailWorkerService\EmailConsumerService.cs:line 97
2026-01-03 00:37:33.352 +05:30 [INF] Received message: {"To":"vishal_varshney@hotmail.com","Subject":"Password reset request","Body":"Click the link to reset your password: \u003Ca href=\u0022https://localhost:5001/api/Auth/reset?token=07042d3fbd43402fa0b11e7beee578d5\u0022\u003Ehttps://localhost:5001/api/Auth/reset?token=07042d3fbd43402fa0b11e7beee578d5\u003C/a\u003E"}
2026-01-03 00:37:34.187 +05:30 [ERR] Failed to send email via SMTP
MailKit.Net.Smtp.SmtpProtocolException: The SMTP server has unexpectedly disconnected: Authentication failed: The provided authorization grant is invalid, expired, or revoked
   at MailKit.Net.Smtp.SmtpStream.ReadAheadAsync(CancellationToken cancellationToken)
   at MailKit.Net.Smtp.SmtpStream.ReadResponseAsync(CancellationToken cancellationToken)
   at MailKit.Net.Smtp.SmtpStream.SendCommandAsync(String command, CancellationToken cancellationToken)
   at MailKit.Net.Smtp.SmtpClient.SendCommandInternalAsync(String command, CancellationToken cancellationToken)
   at MailKit.Net.Smtp.SmtpClient.AuthenticateAsync(Encoding encoding, ICredentials credentials, CancellationToken cancellationToken)
   at EmailWorkerService.EmailConsumerService.SendEmail(EmailNotification email) in D:\estudy2\AI_Generated\estudy\api\EmailWorkerService\EmailConsumerService.cs:line 165
2026-01-03 00:37:34.245 +05:30 [ERR] Error processing message
MailKit.Net.Smtp.SmtpProtocolException: The SMTP server has unexpectedly disconnected: Authentication failed: The provided authorization grant is invalid, expired, or revoked
   at MailKit.Net.Smtp.SmtpStream.ReadAheadAsync(CancellationToken cancellationToken)
   at MailKit.Net.Smtp.SmtpStream.ReadResponseAsync(CancellationToken cancellationToken)
   at MailKit.Net.Smtp.SmtpStream.SendCommandAsync(String command, CancellationToken cancellationToken)
   at MailKit.Net.Smtp.SmtpClient.SendCommandInternalAsync(String command, CancellationToken cancellationToken)
   at MailKit.Net.Smtp.SmtpClient.AuthenticateAsync(Encoding encoding, ICredentials credentials, CancellationToken cancellationToken)
   at EmailWorkerService.EmailConsumerService.SendEmail(EmailNotification email) in D:\estudy2\AI_Generated\estudy\api\EmailWorkerService\EmailConsumerService.cs:line 165
   at EmailWorkerService.EmailConsumerService.<ExecuteAsync>b__6_0(Object model, BasicDeliverEventArgs ea) in D:\estudy2\AI_Generated\estudy\api\EmailWorkerService\EmailConsumerService.cs:line 97
2026-01-03 00:37:34.246 +05:30 [INF] Received message: {"To":"vishal_varshney@hotmail.com","Subject":"Password reset request","Body":"Click the link to reset your password: \u003Ca href=\u0022https://localhost:5001/api/Auth/reset?token=96aeb82bec604da2a58662c6d40f4635\u0022\u003Ehttps://localhost:5001/api/Auth/reset?token=96aeb82bec604da2a58662c6d40f4635\u003C/a\u003E"}
2026-01-03 00:37:35.162 +05:30 [ERR] Failed to send email via SMTP
MailKit.Net.Smtp.SmtpProtocolException: The SMTP server has unexpectedly disconnected: Authentication failed: The provided authorization grant is invalid, expired, or revoked
   at MailKit.Net.Smtp.SmtpStream.ReadAheadAsync(CancellationToken cancellationToken)
   at MailKit.Net.Smtp.SmtpStream.ReadResponseAsync(CancellationToken cancellationToken)
   at MailKit.Net.Smtp.SmtpStream.SendCommandAsync(String command, CancellationToken cancellationToken)
   at MailKit.Net.Smtp.SmtpClient.SendCommandInternalAsync(String command, CancellationToken cancellationToken)
   at MailKit.Net.Smtp.SmtpClient.AuthenticateAsync(Encoding encoding, ICredentials credentials, CancellationToken cancellationToken)
   at EmailWorkerService.EmailConsumerService.SendEmail(EmailNotification email) in D:\estudy2\AI_Generated\estudy\api\EmailWorkerService\EmailConsumerService.cs:line 165
2026-01-03 00:37:35.214 +05:30 [ERR] Error processing message
MailKit.Net.Smtp.SmtpProtocolException: The SMTP server has unexpectedly disconnected: Authentication failed: The provided authorization grant is invalid, expired, or revoked
   at MailKit.Net.Smtp.SmtpStream.ReadAheadAsync(CancellationToken cancellationToken)
   at MailKit.Net.Smtp.SmtpStream.ReadResponseAsync(CancellationToken cancellationToken)
   at MailKit.Net.Smtp.SmtpStream.SendCommandAsync(String command, CancellationToken cancellationToken)
   at MailKit.Net.Smtp.SmtpClient.SendCommandInternalAsync(String command, CancellationToken cancellationToken)
   at MailKit.Net.Smtp.SmtpClient.AuthenticateAsync(Encoding encoding, ICredentials credentials, CancellationToken cancellationToken)
   at EmailWorkerService.EmailConsumerService.SendEmail(EmailNotification email) in D:\estudy2\AI_Generated\estudy\api\EmailWorkerService\EmailConsumerService.cs:line 165
   at EmailWorkerService.EmailConsumerService.<ExecuteAsync>b__6_0(Object model, BasicDeliverEventArgs ea) in D:\estudy2\AI_Generated\estudy\api\EmailWorkerService\EmailConsumerService.cs:line 97
2026-01-03 00:37:35.214 +05:30 [INF] Received message: {"To":"vishal_varshney@hotmail.com","Subject":"Password reset request","Body":"Click the link to reset your password: \u003Ca href=\u0022https://localhost:5001/api/Auth/reset?token=46cd811230fe41f897e99f87cdb7e439\u0022\u003Ehttps://localhost:5001/api/Auth/reset?token=46cd811230fe41f897e99f87cdb7e439\u003C/a\u003E"}
2026-01-03 00:37:35.998 +05:30 [ERR] Failed to send email via SMTP
MailKit.Net.Smtp.SmtpProtocolException: The SMTP server has unexpectedly disconnected: Authentication failed: The provided authorization grant is invalid, expired, or revoked
   at MailKit.Net.Smtp.SmtpStream.ReadAheadAsync(CancellationToken cancellationToken)
   at MailKit.Net.Smtp.SmtpStream.ReadResponseAsync(CancellationToken cancellationToken)
   at MailKit.Net.Smtp.SmtpStream.SendCommandAsync(String command, CancellationToken cancellationToken)
   at MailKit.Net.Smtp.SmtpClient.SendCommandInternalAsync(String command, CancellationToken cancellationToken)
   at MailKit.Net.Smtp.SmtpClient.AuthenticateAsync(Encoding encoding, ICredentials credentials, CancellationToken cancellationToken)
   at EmailWorkerService.EmailConsumerService.SendEmail(EmailNotification email) in D:\estudy2\AI_Generated\estudy\api\EmailWorkerService\EmailConsumerService.cs:line 165
2026-01-03 00:37:36.054 +05:30 [ERR] Error processing message
MailKit.Net.Smtp.SmtpProtocolException: The SMTP server has unexpectedly disconnected: Authentication failed: The provided authorization grant is invalid, expired, or revoked
   at MailKit.Net.Smtp.SmtpStream.ReadAheadAsync(CancellationToken cancellationToken)
   at MailKit.Net.Smtp.SmtpStream.ReadResponseAsync(CancellationToken cancellationToken)
   at MailKit.Net.Smtp.SmtpStream.SendCommandAsync(String command, CancellationToken cancellationToken)
   at MailKit.Net.Smtp.SmtpClient.SendCommandInternalAsync(String command, CancellationToken cancellationToken)
   at MailKit.Net.Smtp.SmtpClient.AuthenticateAsync(Encoding encoding, ICredentials credentials, CancellationToken cancellationToken)
   at EmailWorkerService.EmailConsumerService.SendEmail(EmailNotification email) in D:\estudy2\AI_Generated\estudy\api\EmailWorkerService\EmailConsumerService.cs:line 165
   at EmailWorkerService.EmailConsumerService.<ExecuteAsync>b__6_0(Object model, BasicDeliverEventArgs ea) in D:\estudy2\AI_Generated\estudy\api\EmailWorkerService\EmailConsumerService.cs:line 97
2026-01-03 00:37:36.054 +05:30 [INF] Received message: {"To":"vishal_varshney@hotmail.com","Subject":"Password reset request","Body":"Click the link to reset your password: \u003Ca href=\u0022https://localhost:5001/api/Auth/reset?token=ff17e79b693944598d7091ca80b9e795\u0022\u003Ehttps://localhost:5001/api/Auth/reset?token=ff17e79b693944598d7091ca80b9e795\u003C/a\u003E"}
2026-01-03 00:37:36.944 +05:30 [ERR] Failed to send email via SMTP
MailKit.Net.Smtp.SmtpProtocolException: The SMTP server has unexpectedly disconnected: Authentication failed: The provided authorization grant is invalid, expired, or revoked
   at MailKit.Net.Smtp.SmtpStream.ReadAheadAsync(CancellationToken cancellationToken)
   at MailKit.Net.Smtp.SmtpStream.ReadResponseAsync(CancellationToken cancellationToken)
   at MailKit.Net.Smtp.SmtpStream.SendCommandAsync(String command, CancellationToken cancellationToken)
   at MailKit.Net.Smtp.SmtpClient.SendCommandInternalAsync(String command, CancellationToken cancellationToken)
   at MailKit.Net.Smtp.SmtpClient.AuthenticateAsync(Encoding encoding, ICredentials credentials, CancellationToken cancellationToken)
   at EmailWorkerService.EmailConsumerService.SendEmail(EmailNotification email) in D:\estudy2\AI_Generated\estudy\api\EmailWorkerService\EmailConsumerService.cs:line 165
2026-01-03 00:37:37.001 +05:30 [ERR] Error processing message
MailKit.Net.Smtp.SmtpProtocolException: The SMTP server has unexpectedly disconnected: Authentication failed: The provided authorization grant is invalid, expired, or revoked
   at MailKit.Net.Smtp.SmtpStream.ReadAheadAsync(CancellationToken cancellationToken)
   at MailKit.Net.Smtp.SmtpStream.ReadResponseAsync(CancellationToken cancellationToken)
   at MailKit.Net.Smtp.SmtpStream.SendCommandAsync(String command, CancellationToken cancellationToken)
   at MailKit.Net.Smtp.SmtpClient.SendCommandInternalAsync(String command, CancellationToken cancellationToken)
   at MailKit.Net.Smtp.SmtpClient.AuthenticateAsync(Encoding encoding, ICredentials credentials, CancellationToken cancellationToken)
   at EmailWorkerService.EmailConsumerService.SendEmail(EmailNotification email) in D:\estudy2\AI_Generated\estudy\api\EmailWorkerService\EmailConsumerService.cs:line 165
   at EmailWorkerService.EmailConsumerService.<ExecuteAsync>b__6_0(Object model, BasicDeliverEventArgs ea) in D:\estudy2\AI_Generated\estudy\api\EmailWorkerService\EmailConsumerService.cs:line 97
2026-01-03 00:37:37.001 +05:30 [INF] Received message: {"To":"vishal_varshney@hotmail.com","Subject":"Password reset request","Body":"Click the link to reset your password: \u003Ca href=\u0022https://localhost:5001/api/Auth/reset?token=07042d3fbd43402fa0b11e7beee578d5\u0022\u003Ehttps://localhost:5001/api/Auth/reset?token=07042d3fbd43402fa0b11e7beee578d5\u003C/a\u003E"}
2026-01-03 00:37:37.873 +05:30 [ERR] Failed to send email via SMTP
MailKit.Net.Smtp.SmtpProtocolException: The SMTP server has unexpectedly disconnected: Authentication failed: The provided authorization grant is invalid, expired, or revoked
   at MailKit.Net.Smtp.SmtpStream.ReadAheadAsync(CancellationToken cancellationToken)
   at MailKit.Net.Smtp.SmtpStream.ReadResponseAsync(CancellationToken cancellationToken)
   at MailKit.Net.Smtp.SmtpStream.SendCommandAsync(String command, CancellationToken cancellationToken)
   at MailKit.Net.Smtp.SmtpClient.SendCommandInternalAsync(String command, CancellationToken cancellationToken)
   at MailKit.Net.Smtp.SmtpClient.AuthenticateAsync(Encoding encoding, ICredentials credentials, CancellationToken cancellationToken)
   at EmailWorkerService.EmailConsumerService.SendEmail(EmailNotification email) in D:\estudy2\AI_Generated\estudy\api\EmailWorkerService\EmailConsumerService.cs:line 165
2026-01-03 00:37:37.930 +05:30 [ERR] Error processing message
MailKit.Net.Smtp.SmtpProtocolException: The SMTP server has unexpectedly disconnected: Authentication failed: The provided authorization grant is invalid, expired, or revoked
   at MailKit.Net.Smtp.SmtpStream.ReadAheadAsync(CancellationToken cancellationToken)
   at MailKit.Net.Smtp.SmtpStream.ReadResponseAsync(CancellationToken cancellationToken)
   at MailKit.Net.Smtp.SmtpStream.SendCommandAsync(String command, CancellationToken cancellationToken)
   at MailKit.Net.Smtp.SmtpClient.SendCommandInternalAsync(String command, CancellationToken cancellationToken)
   at MailKit.Net.Smtp.SmtpClient.AuthenticateAsync(Encoding encoding, ICredentials credentials, CancellationToken cancellationToken)
   at EmailWorkerService.EmailConsumerService.SendEmail(EmailNotification email) in D:\estudy2\AI_Generated\estudy\api\EmailWorkerService\EmailConsumerService.cs:line 165
   at EmailWorkerService.EmailConsumerService.<ExecuteAsync>b__6_0(Object model, BasicDeliverEventArgs ea) in D:\estudy2\AI_Generated\estudy\api\EmailWorkerService\EmailConsumerService.cs:line 97
2026-01-03 00:37:37.930 +05:30 [INF] Received message: {"To":"vishal_varshney@hotmail.com","Subject":"Password reset request","Body":"Click the link to reset your password: \u003Ca href=\u0022https://localhost:5001/api/Auth/reset?token=96aeb82bec604da2a58662c6d40f4635\u0022\u003Ehttps://localhost:5001/api/Auth/reset?token=96aeb82bec604da2a58662c6d40f4635\u003C/a\u003E"}
2026-01-03 00:37:38.709 +05:30 [ERR] Failed to send email via SMTP
MailKit.Net.Smtp.SmtpProtocolException: The SMTP server has unexpectedly disconnected: Authentication failed: The provided authorization grant is invalid, expired, or revoked
   at MailKit.Net.Smtp.SmtpStream.ReadAheadAsync(CancellationToken cancellationToken)
   at MailKit.Net.Smtp.SmtpStream.ReadResponseAsync(CancellationToken cancellationToken)
   at MailKit.Net.Smtp.SmtpStream.SendCommandAsync(String command, CancellationToken cancellationToken)
   at MailKit.Net.Smtp.SmtpClient.SendCommandInternalAsync(String command, CancellationToken cancellationToken)
   at MailKit.Net.Smtp.SmtpClient.AuthenticateAsync(Encoding encoding, ICredentials credentials, CancellationToken cancellationToken)
   at EmailWorkerService.EmailConsumerService.SendEmail(EmailNotification email) in D:\estudy2\AI_Generated\estudy\api\EmailWorkerService\EmailConsumerService.cs:line 165
2026-01-03 00:37:38.762 +05:30 [ERR] Error processing message
MailKit.Net.Smtp.SmtpProtocolException: The SMTP server has unexpectedly disconnected: Authentication failed: The provided authorization grant is invalid, expired, or revoked
   at MailKit.Net.Smtp.SmtpStream.ReadAheadAsync(CancellationToken cancellationToken)
   at MailKit.Net.Smtp.SmtpStream.ReadResponseAsync(CancellationToken cancellationToken)
   at MailKit.Net.Smtp.SmtpStream.SendCommandAsync(String command, CancellationToken cancellationToken)
   at MailKit.Net.Smtp.SmtpClient.SendCommandInternalAsync(String command, CancellationToken cancellationToken)
   at MailKit.Net.Smtp.SmtpClient.AuthenticateAsync(Encoding encoding, ICredentials credentials, CancellationToken cancellationToken)
   at EmailWorkerService.EmailConsumerService.SendEmail(EmailNotification email) in D:\estudy2\AI_Generated\estudy\api\EmailWorkerService\EmailConsumerService.cs:line 165
   at EmailWorkerService.EmailConsumerService.<ExecuteAsync>b__6_0(Object model, BasicDeliverEventArgs ea) in D:\estudy2\AI_Generated\estudy\api\EmailWorkerService\EmailConsumerService.cs:line 97
2026-01-03 00:37:38.762 +05:30 [INF] Received message: {"To":"vishal_varshney@hotmail.com","Subject":"Password reset request","Body":"Click the link to reset your password: \u003Ca href=\u0022https://localhost:5001/api/Auth/reset?token=46cd811230fe41f897e99f87cdb7e439\u0022\u003Ehttps://localhost:5001/api/Auth/reset?token=46cd811230fe41f897e99f87cdb7e439\u003C/a\u003E"}
2026-01-03 00:37:39.628 +05:30 [ERR] Failed to send email via SMTP
MailKit.Net.Smtp.SmtpProtocolException: The SMTP server has unexpectedly disconnected: Authentication failed: The provided authorization grant is invalid, expired, or revoked
   at MailKit.Net.Smtp.SmtpStream.ReadAheadAsync(CancellationToken cancellationToken)
   at MailKit.Net.Smtp.SmtpStream.ReadResponseAsync(CancellationToken cancellationToken)
   at MailKit.Net.Smtp.SmtpStream.SendCommandAsync(String command, CancellationToken cancellationToken)
   at MailKit.Net.Smtp.SmtpClient.SendCommandInternalAsync(String command, CancellationToken cancellationToken)
   at MailKit.Net.Smtp.SmtpClient.AuthenticateAsync(Encoding encoding, ICredentials credentials, CancellationToken cancellationToken)
   at EmailWorkerService.EmailConsumerService.SendEmail(EmailNotification email) in D:\estudy2\AI_Generated\estudy\api\EmailWorkerService\EmailConsumerService.cs:line 165
2026-01-03 00:37:39.682 +05:30 [ERR] Error processing message
MailKit.Net.Smtp.SmtpProtocolException: The SMTP server has unexpectedly disconnected: Authentication failed: The provided authorization grant is invalid, expired, or revoked
   at MailKit.Net.Smtp.SmtpStream.ReadAheadAsync(CancellationToken cancellationToken)
   at MailKit.Net.Smtp.SmtpStream.ReadResponseAsync(CancellationToken cancellationToken)
   at MailKit.Net.Smtp.SmtpStream.SendCommandAsync(String command, CancellationToken cancellationToken)
   at MailKit.Net.Smtp.SmtpClient.SendCommandInternalAsync(String command, CancellationToken cancellationToken)
   at MailKit.Net.Smtp.SmtpClient.AuthenticateAsync(Encoding encoding, ICredentials credentials, CancellationToken cancellationToken)
   at EmailWorkerService.EmailConsumerService.SendEmail(EmailNotification email) in D:\estudy2\AI_Generated\estudy\api\EmailWorkerService\EmailConsumerService.cs:line 165
   at EmailWorkerService.EmailConsumerService.<ExecuteAsync>b__6_0(Object model, BasicDeliverEventArgs ea) in D:\estudy2\AI_Generated\estudy\api\EmailWorkerService\EmailConsumerService.cs:line 97
2026-01-03 00:37:39.682 +05:30 [INF] Received message: {"To":"vishal_varshney@hotmail.com","Subject":"Password reset request","Body":"Click the link to reset your password: \u003Ca href=\u0022https://localhost:5001/api/Auth/reset?token=ff17e79b693944598d7091ca80b9e795\u0022\u003Ehttps://localhost:5001/api/Auth/reset?token=ff17e79b693944598d7091ca80b9e795\u003C/a\u003E"}
2026-01-03 00:37:40.403 +05:30 [ERR] Failed to send email via SMTP
MailKit.Net.Smtp.SmtpProtocolException: The SMTP server has unexpectedly disconnected: Authentication failed: The provided authorization grant is invalid, expired, or revoked
   at MailKit.Net.Smtp.SmtpStream.ReadAheadAsync(CancellationToken cancellationToken)
   at MailKit.Net.Smtp.SmtpStream.ReadResponseAsync(CancellationToken cancellationToken)
   at MailKit.Net.Smtp.SmtpStream.SendCommandAsync(String command, CancellationToken cancellationToken)
   at MailKit.Net.Smtp.SmtpClient.SendCommandInternalAsync(String command, CancellationToken cancellationToken)
   at MailKit.Net.Smtp.SmtpClient.AuthenticateAsync(Encoding encoding, ICredentials credentials, CancellationToken cancellationToken)
   at EmailWorkerService.EmailConsumerService.SendEmail(EmailNotification email) in D:\estudy2\AI_Generated\estudy\api\EmailWorkerService\EmailConsumerService.cs:line 165
2026-01-03 00:37:40.456 +05:30 [ERR] Error processing message
MailKit.Net.Smtp.SmtpProtocolException: The SMTP server has unexpectedly disconnected: Authentication failed: The provided authorization grant is invalid, expired, or revoked
   at MailKit.Net.Smtp.SmtpStream.ReadAheadAsync(CancellationToken cancellationToken)
   at MailKit.Net.Smtp.SmtpStream.ReadResponseAsync(CancellationToken cancellationToken)
   at MailKit.Net.Smtp.SmtpStream.SendCommandAsync(String command, CancellationToken cancellationToken)
   at MailKit.Net.Smtp.SmtpClient.SendCommandInternalAsync(String command, CancellationToken cancellationToken)
   at MailKit.Net.Smtp.SmtpClient.AuthenticateAsync(Encoding encoding, ICredentials credentials, CancellationToken cancellationToken)
   at EmailWorkerService.EmailConsumerService.SendEmail(EmailNotification email) in D:\estudy2\AI_Generated\estudy\api\EmailWorkerService\EmailConsumerService.cs:line 165
   at EmailWorkerService.EmailConsumerService.<ExecuteAsync>b__6_0(Object model, BasicDeliverEventArgs ea) in D:\estudy2\AI_Generated\estudy\api\EmailWorkerService\EmailConsumerService.cs:line 97
2026-01-03 00:37:40.456 +05:30 [INF] Received message: {"To":"vishal_varshney@hotmail.com","Subject":"Password reset request","Body":"Click the link to reset your password: \u003Ca href=\u0022https://localhost:5001/api/Auth/reset?token=07042d3fbd43402fa0b11e7beee578d5\u0022\u003Ehttps://localhost:5001/api/Auth/reset?token=07042d3fbd43402fa0b11e7beee578d5\u003C/a\u003E"}
2026-01-03 00:37:41.211 +05:30 [ERR] Failed to send email via SMTP
MailKit.Net.Smtp.SmtpProtocolException: The SMTP server has unexpectedly disconnected: Authentication failed: The provided authorization grant is invalid, expired, or revoked
   at MailKit.Net.Smtp.SmtpStream.ReadAheadAsync(CancellationToken cancellationToken)
   at MailKit.Net.Smtp.SmtpStream.ReadResponseAsync(CancellationToken cancellationToken)
   at MailKit.Net.Smtp.SmtpStream.SendCommandAsync(String command, CancellationToken cancellationToken)
   at MailKit.Net.Smtp.SmtpClient.SendCommandInternalAsync(String command, CancellationToken cancellationToken)
   at MailKit.Net.Smtp.SmtpClient.AuthenticateAsync(Encoding encoding, ICredentials credentials, CancellationToken cancellationToken)
   at EmailWorkerService.EmailConsumerService.SendEmail(EmailNotification email) in D:\estudy2\AI_Generated\estudy\api\EmailWorkerService\EmailConsumerService.cs:line 165
2026-01-03 00:37:41.269 +05:30 [ERR] Error processing message
MailKit.Net.Smtp.SmtpProtocolException: The SMTP server has unexpectedly disconnected: Authentication failed: The provided authorization grant is invalid, expired, or revoked
   at MailKit.Net.Smtp.SmtpStream.ReadAheadAsync(CancellationToken cancellationToken)
   at MailKit.Net.Smtp.SmtpStream.ReadResponseAsync(CancellationToken cancellationToken)
   at MailKit.Net.Smtp.SmtpStream.SendCommandAsync(String command, CancellationToken cancellationToken)
   at MailKit.Net.Smtp.SmtpClient.SendCommandInternalAsync(String command, CancellationToken cancellationToken)
   at MailKit.Net.Smtp.SmtpClient.AuthenticateAsync(Encoding encoding, ICredentials credentials, CancellationToken cancellationToken)
   at EmailWorkerService.EmailConsumerService.SendEmail(EmailNotification email) in D:\estudy2\AI_Generated\estudy\api\EmailWorkerService\EmailConsumerService.cs:line 165
   at EmailWorkerService.EmailConsumerService.<ExecuteAsync>b__6_0(Object model, BasicDeliverEventArgs ea) in D:\estudy2\AI_Generated\estudy\api\EmailWorkerService\EmailConsumerService.cs:line 97
2026-01-03 00:37:41.269 +05:30 [INF] Received message: {"To":"vishal_varshney@hotmail.com","Subject":"Password reset request","Body":"Click the link to reset your password: \u003Ca href=\u0022https://localhost:5001/api/Auth/reset?token=96aeb82bec604da2a58662c6d40f4635\u0022\u003Ehttps://localhost:5001/api/Auth/reset?token=96aeb82bec604da2a58662c6d40f4635\u003C/a\u003E"}
2026-01-03 00:37:42.122 +05:30 [ERR] Failed to send email via SMTP
MailKit.Net.Smtp.SmtpProtocolException: The SMTP server has unexpectedly disconnected: Authentication failed: The provided authorization grant is invalid, expired, or revoked
   at MailKit.Net.Smtp.SmtpStream.ReadAheadAsync(CancellationToken cancellationToken)
   at MailKit.Net.Smtp.SmtpStream.ReadResponseAsync(CancellationToken cancellationToken)
   at MailKit.Net.Smtp.SmtpStream.SendCommandAsync(String command, CancellationToken cancellationToken)
   at MailKit.Net.Smtp.SmtpClient.SendCommandInternalAsync(String command, CancellationToken cancellationToken)
   at MailKit.Net.Smtp.SmtpClient.AuthenticateAsync(Encoding encoding, ICredentials credentials, CancellationToken cancellationToken)
   at EmailWorkerService.EmailConsumerService.SendEmail(EmailNotification email) in D:\estudy2\AI_Generated\estudy\api\EmailWorkerService\EmailConsumerService.cs:line 165
2026-01-03 00:37:42.174 +05:30 [ERR] Error processing message
MailKit.Net.Smtp.SmtpProtocolException: The SMTP server has unexpectedly disconnected: Authentication failed: The provided authorization grant is invalid, expired, or revoked
   at MailKit.Net.Smtp.SmtpStream.ReadAheadAsync(CancellationToken cancellationToken)
   at MailKit.Net.Smtp.SmtpStream.ReadResponseAsync(CancellationToken cancellationToken)
   at MailKit.Net.Smtp.SmtpStream.SendCommandAsync(String command, CancellationToken cancellationToken)
   at MailKit.Net.Smtp.SmtpClient.SendCommandInternalAsync(String command, CancellationToken cancellationToken)
   at MailKit.Net.Smtp.SmtpClient.AuthenticateAsync(Encoding encoding, ICredentials credentials, CancellationToken cancellationToken)
   at EmailWorkerService.EmailConsumerService.SendEmail(EmailNotification email) in D:\estudy2\AI_Generated\estudy\api\EmailWorkerService\EmailConsumerService.cs:line 165
   at EmailWorkerService.EmailConsumerService.<ExecuteAsync>b__6_0(Object model, BasicDeliverEventArgs ea) in D:\estudy2\AI_Generated\estudy\api\EmailWorkerService\EmailConsumerService.cs:line 97
2026-01-03 00:37:42.174 +05:30 [INF] Received message: {"To":"vishal_varshney@hotmail.com","Subject":"Password reset request","Body":"Click the link to reset your password: \u003Ca href=\u0022https://localhost:5001/api/Auth/reset?token=46cd811230fe41f897e99f87cdb7e439\u0022\u003Ehttps://localhost:5001/api/Auth/reset?token=46cd811230fe41f897e99f87cdb7e439\u003C/a\u003E"}
2026-01-03 00:37:43.057 +05:30 [ERR] Failed to send email via SMTP
MailKit.Net.Smtp.SmtpProtocolException: The SMTP server has unexpectedly disconnected: Authentication failed: The provided authorization grant is invalid, expired, or revoked
   at MailKit.Net.Smtp.SmtpStream.ReadAheadAsync(CancellationToken cancellationToken)
   at MailKit.Net.Smtp.SmtpStream.ReadResponseAsync(CancellationToken cancellationToken)
   at MailKit.Net.Smtp.SmtpStream.SendCommandAsync(String command, CancellationToken cancellationToken)
   at MailKit.Net.Smtp.SmtpClient.SendCommandInternalAsync(String command, CancellationToken cancellationToken)
   at MailKit.Net.Smtp.SmtpClient.AuthenticateAsync(Encoding encoding, ICredentials credentials, CancellationToken cancellationToken)
   at EmailWorkerService.EmailConsumerService.SendEmail(EmailNotification email) in D:\estudy2\AI_Generated\estudy\api\EmailWorkerService\EmailConsumerService.cs:line 165
2026-01-03 00:37:43.110 +05:30 [ERR] Error processing message
MailKit.Net.Smtp.SmtpProtocolException: The SMTP server has unexpectedly disconnected: Authentication failed: The provided authorization grant is invalid, expired, or revoked
   at MailKit.Net.Smtp.SmtpStream.ReadAheadAsync(CancellationToken cancellationToken)
   at MailKit.Net.Smtp.SmtpStream.ReadResponseAsync(CancellationToken cancellationToken)
   at MailKit.Net.Smtp.SmtpStream.SendCommandAsync(String command, CancellationToken cancellationToken)
   at MailKit.Net.Smtp.SmtpClient.SendCommandInternalAsync(String command, CancellationToken cancellationToken)
   at MailKit.Net.Smtp.SmtpClient.AuthenticateAsync(Encoding encoding, ICredentials credentials, CancellationToken cancellationToken)
   at EmailWorkerService.EmailConsumerService.SendEmail(EmailNotification email) in D:\estudy2\AI_Generated\estudy\api\EmailWorkerService\EmailConsumerService.cs:line 165
   at EmailWorkerService.EmailConsumerService.<ExecuteAsync>b__6_0(Object model, BasicDeliverEventArgs ea) in D:\estudy2\AI_Generated\estudy\api\EmailWorkerService\EmailConsumerService.cs:line 97
2026-01-03 00:37:43.110 +05:30 [INF] Received message: {"To":"vishal_varshney@hotmail.com","Subject":"Password reset request","Body":"Click the link to reset your password: \u003Ca href=\u0022https://localhost:5001/api/Auth/reset?token=ff17e79b693944598d7091ca80b9e795\u0022\u003Ehttps://localhost:5001/api/Auth/reset?token=ff17e79b693944598d7091ca80b9e795\u003C/a\u003E"}
2026-01-03 00:37:44.482 +05:30 [ERR] Failed to send email via SMTP
MailKit.Net.Smtp.SmtpProtocolException: The SMTP server has unexpectedly disconnected: Authentication failed: The provided authorization grant is invalid, expired, or revoked
   at MailKit.Net.Smtp.SmtpStream.ReadAheadAsync(CancellationToken cancellationToken)
   at MailKit.Net.Smtp.SmtpStream.ReadResponseAsync(CancellationToken cancellationToken)
   at MailKit.Net.Smtp.SmtpStream.SendCommandAsync(String command, CancellationToken cancellationToken)
   at MailKit.Net.Smtp.SmtpClient.SendCommandInternalAsync(String command, CancellationToken cancellationToken)
   at MailKit.Net.Smtp.SmtpClient.AuthenticateAsync(Encoding encoding, ICredentials credentials, CancellationToken cancellationToken)
   at EmailWorkerService.EmailConsumerService.SendEmail(EmailNotification email) in D:\estudy2\AI_Generated\estudy\api\EmailWorkerService\EmailConsumerService.cs:line 165
2026-01-03 00:37:44.533 +05:30 [ERR] Error processing message
MailKit.Net.Smtp.SmtpProtocolException: The SMTP server has unexpectedly disconnected: Authentication failed: The provided authorization grant is invalid, expired, or revoked
   at MailKit.Net.Smtp.SmtpStream.ReadAheadAsync(CancellationToken cancellationToken)
   at MailKit.Net.Smtp.SmtpStream.ReadResponseAsync(CancellationToken cancellationToken)
   at MailKit.Net.Smtp.SmtpStream.SendCommandAsync(String command, CancellationToken cancellationToken)
   at MailKit.Net.Smtp.SmtpClient.SendCommandInternalAsync(String command, CancellationToken cancellationToken)
   at MailKit.Net.Smtp.SmtpClient.AuthenticateAsync(Encoding encoding, ICredentials credentials, CancellationToken cancellationToken)
   at EmailWorkerService.EmailConsumerService.SendEmail(EmailNotification email) in D:\estudy2\AI_Generated\estudy\api\EmailWorkerService\EmailConsumerService.cs:line 165
   at EmailWorkerService.EmailConsumerService.<ExecuteAsync>b__6_0(Object model, BasicDeliverEventArgs ea) in D:\estudy2\AI_Generated\estudy\api\EmailWorkerService\EmailConsumerService.cs:line 97
2026-01-03 00:37:44.534 +05:30 [INF] Received message: {"To":"vishal_varshney@hotmail.com","Subject":"Password reset request","Body":"Click the link to reset your password: \u003Ca href=\u0022https://localhost:5001/api/Auth/reset?token=07042d3fbd43402fa0b11e7beee578d5\u0022\u003Ehttps://localhost:5001/api/Auth/reset?token=07042d3fbd43402fa0b11e7beee578d5\u003C/a\u003E"}
2026-01-03 00:37:45.878 +05:30 [ERR] Failed to send email via SMTP
MailKit.Net.Smtp.SmtpProtocolException: The SMTP server has unexpectedly disconnected: Authentication failed: The provided authorization grant is invalid, expired, or revoked
   at MailKit.Net.Smtp.SmtpStream.ReadAheadAsync(CancellationToken cancellationToken)
   at MailKit.Net.Smtp.SmtpStream.ReadResponseAsync(CancellationToken cancellationToken)
   at MailKit.Net.Smtp.SmtpStream.SendCommandAsync(String command, CancellationToken cancellationToken)
   at MailKit.Net.Smtp.SmtpClient.SendCommandInternalAsync(String command, CancellationToken cancellationToken)
   at MailKit.Net.Smtp.SmtpClient.AuthenticateAsync(Encoding encoding, ICredentials credentials, CancellationToken cancellationToken)
   at EmailWorkerService.EmailConsumerService.SendEmail(EmailNotification email) in D:\estudy2\AI_Generated\estudy\api\EmailWorkerService\EmailConsumerService.cs:line 165
2026-01-03 00:37:45.926 +05:30 [ERR] Error processing message
MailKit.Net.Smtp.SmtpProtocolException: The SMTP server has unexpectedly disconnected: Authentication failed: The provided authorization grant is invalid, expired, or revoked
   at MailKit.Net.Smtp.SmtpStream.ReadAheadAsync(CancellationToken cancellationToken)
   at MailKit.Net.Smtp.SmtpStream.ReadResponseAsync(CancellationToken cancellationToken)
   at MailKit.Net.Smtp.SmtpStream.SendCommandAsync(String command, CancellationToken cancellationToken)
   at MailKit.Net.Smtp.SmtpClient.SendCommandInternalAsync(String command, CancellationToken cancellationToken)
   at MailKit.Net.Smtp.SmtpClient.AuthenticateAsync(Encoding encoding, ICredentials credentials, CancellationToken cancellationToken)
   at EmailWorkerService.EmailConsumerService.SendEmail(EmailNotification email) in D:\estudy2\AI_Generated\estudy\api\EmailWorkerService\EmailConsumerService.cs:line 165
   at EmailWorkerService.EmailConsumerService.<ExecuteAsync>b__6_0(Object model, BasicDeliverEventArgs ea) in D:\estudy2\AI_Generated\estudy\api\EmailWorkerService\EmailConsumerService.cs:line 97
2026-01-03 00:37:45.927 +05:30 [INF] Received message: {"To":"vishal_varshney@hotmail.com","Subject":"Password reset request","Body":"Click the link to reset your password: \u003Ca href=\u0022https://localhost:5001/api/Auth/reset?token=96aeb82bec604da2a58662c6d40f4635\u0022\u003Ehttps://localhost:5001/api/Auth/reset?token=96aeb82bec604da2a58662c6d40f4635\u003C/a\u003E"}
2026-01-03 00:37:47.235 +05:30 [ERR] Failed to send email via SMTP
MailKit.Net.Smtp.SmtpProtocolException: The SMTP server has unexpectedly disconnected: Authentication failed: The provided authorization grant is invalid, expired, or revoked
   at MailKit.Net.Smtp.SmtpStream.ReadAheadAsync(CancellationToken cancellationToken)
   at MailKit.Net.Smtp.SmtpStream.ReadResponseAsync(CancellationToken cancellationToken)
   at MailKit.Net.Smtp.SmtpStream.SendCommandAsync(String command, CancellationToken cancellationToken)
   at MailKit.Net.Smtp.SmtpClient.SendCommandInternalAsync(String command, CancellationToken cancellationToken)
   at MailKit.Net.Smtp.SmtpClient.AuthenticateAsync(Encoding encoding, ICredentials credentials, CancellationToken cancellationToken)
   at EmailWorkerService.EmailConsumerService.SendEmail(EmailNotification email) in D:\estudy2\AI_Generated\estudy\api\EmailWorkerService\EmailConsumerService.cs:line 165
2026-01-03 00:37:47.284 +05:30 [ERR] Error processing message
MailKit.Net.Smtp.SmtpProtocolException: The SMTP server has unexpectedly disconnected: Authentication failed: The provided authorization grant is invalid, expired, or revoked
   at MailKit.Net.Smtp.SmtpStream.ReadAheadAsync(CancellationToken cancellationToken)
   at MailKit.Net.Smtp.SmtpStream.ReadResponseAsync(CancellationToken cancellationToken)
   at MailKit.Net.Smtp.SmtpStream.SendCommandAsync(String command, CancellationToken cancellationToken)
   at MailKit.Net.Smtp.SmtpClient.SendCommandInternalAsync(String command, CancellationToken cancellationToken)
   at MailKit.Net.Smtp.SmtpClient.AuthenticateAsync(Encoding encoding, ICredentials credentials, CancellationToken cancellationToken)
   at EmailWorkerService.EmailConsumerService.SendEmail(EmailNotification email) in D:\estudy2\AI_Generated\estudy\api\EmailWorkerService\EmailConsumerService.cs:line 165
   at EmailWorkerService.EmailConsumerService.<ExecuteAsync>b__6_0(Object model, BasicDeliverEventArgs ea) in D:\estudy2\AI_Generated\estudy\api\EmailWorkerService\EmailConsumerService.cs:line 97
2026-01-03 00:37:47.284 +05:30 [INF] Received message: {"To":"vishal_varshney@hotmail.com","Subject":"Password reset request","Body":"Click the link to reset your password: \u003Ca href=\u0022https://localhost:5001/api/Auth/reset?token=46cd811230fe41f897e99f87cdb7e439\u0022\u003Ehttps://localhost:5001/api/Auth/reset?token=46cd811230fe41f897e99f87cdb7e439\u003C/a\u003E"}
2026-01-03 00:37:48.746 +05:30 [ERR] Failed to send email via SMTP
MailKit.Net.Smtp.SmtpProtocolException: The SMTP server has unexpectedly disconnected: Authentication failed: The provided authorization grant is invalid, expired, or revoked
   at MailKit.Net.Smtp.SmtpStream.ReadAheadAsync(CancellationToken cancellationToken)
   at MailKit.Net.Smtp.SmtpStream.ReadResponseAsync(CancellationToken cancellationToken)
   at MailKit.Net.Smtp.SmtpStream.SendCommandAsync(String command, CancellationToken cancellationToken)
   at MailKit.Net.Smtp.SmtpClient.SendCommandInternalAsync(String command, CancellationToken cancellationToken)
   at MailKit.Net.Smtp.SmtpClient.AuthenticateAsync(Encoding encoding, ICredentials credentials, CancellationToken cancellationToken)
   at EmailWorkerService.EmailConsumerService.SendEmail(EmailNotification email) in D:\estudy2\AI_Generated\estudy\api\EmailWorkerService\EmailConsumerService.cs:line 165
2026-01-03 00:37:48.796 +05:30 [ERR] Error processing message
MailKit.Net.Smtp.SmtpProtocolException: The SMTP server has unexpectedly disconnected: Authentication failed: The provided authorization grant is invalid, expired, or revoked
   at MailKit.Net.Smtp.SmtpStream.ReadAheadAsync(CancellationToken cancellationToken)
   at MailKit.Net.Smtp.SmtpStream.ReadResponseAsync(CancellationToken cancellationToken)
   at MailKit.Net.Smtp.SmtpStream.SendCommandAsync(String command, CancellationToken cancellationToken)
   at MailKit.Net.Smtp.SmtpClient.SendCommandInternalAsync(String command, CancellationToken cancellationToken)
   at MailKit.Net.Smtp.SmtpClient.AuthenticateAsync(Encoding encoding, ICredentials credentials, CancellationToken cancellationToken)
   at EmailWorkerService.EmailConsumerService.SendEmail(EmailNotification email) in D:\estudy2\AI_Generated\estudy\api\EmailWorkerService\EmailConsumerService.cs:line 165
   at EmailWorkerService.EmailConsumerService.<ExecuteAsync>b__6_0(Object model, BasicDeliverEventArgs ea) in D:\estudy2\AI_Generated\estudy\api\EmailWorkerService\EmailConsumerService.cs:line 97
2026-01-03 00:37:48.796 +05:30 [INF] Received message: {"To":"vishal_varshney@hotmail.com","Subject":"Password reset request","Body":"Click the link to reset your password: \u003Ca href=\u0022https://localhost:5001/api/Auth/reset?token=ff17e79b693944598d7091ca80b9e795\u0022\u003Ehttps://localhost:5001/api/Auth/reset?token=ff17e79b693944598d7091ca80b9e795\u003C/a\u003E"}
2026-01-03 00:37:50.088 +05:30 [ERR] Failed to send email via SMTP
MailKit.Net.Smtp.SmtpProtocolException: The SMTP server has unexpectedly disconnected: Authentication failed: The provided authorization grant is invalid, expired, or revoked
   at MailKit.Net.Smtp.SmtpStream.ReadAheadAsync(CancellationToken cancellationToken)
   at MailKit.Net.Smtp.SmtpStream.ReadResponseAsync(CancellationToken cancellationToken)
   at MailKit.Net.Smtp.SmtpStream.SendCommandAsync(String command, CancellationToken cancellationToken)
   at MailKit.Net.Smtp.SmtpClient.SendCommandInternalAsync(String command, CancellationToken cancellationToken)
   at MailKit.Net.Smtp.SmtpClient.AuthenticateAsync(Encoding encoding, ICredentials credentials, CancellationToken cancellationToken)
   at EmailWorkerService.EmailConsumerService.SendEmail(EmailNotification email) in D:\estudy2\AI_Generated\estudy\api\EmailWorkerService\EmailConsumerService.cs:line 165
2026-01-03 00:37:50.143 +05:30 [ERR] Error processing message
MailKit.Net.Smtp.SmtpProtocolException: The SMTP server has unexpectedly disconnected: Authentication failed: The provided authorization grant is invalid, expired, or revoked
   at MailKit.Net.Smtp.SmtpStream.ReadAheadAsync(CancellationToken cancellationToken)
   at MailKit.Net.Smtp.SmtpStream.ReadResponseAsync(CancellationToken cancellationToken)
   at MailKit.Net.Smtp.SmtpStream.SendCommandAsync(String command, CancellationToken cancellationToken)
   at MailKit.Net.Smtp.SmtpClient.SendCommandInternalAsync(String command, CancellationToken cancellationToken)
   at MailKit.Net.Smtp.SmtpClient.AuthenticateAsync(Encoding encoding, ICredentials credentials, CancellationToken cancellationToken)
   at EmailWorkerService.EmailConsumerService.SendEmail(EmailNotification email) in D:\estudy2\AI_Generated\estudy\api\EmailWorkerService\EmailConsumerService.cs:line 165
   at EmailWorkerService.EmailConsumerService.<ExecuteAsync>b__6_0(Object model, BasicDeliverEventArgs ea) in D:\estudy2\AI_Generated\estudy\api\EmailWorkerService\EmailConsumerService.cs:line 97
2026-01-03 00:37:50.143 +05:30 [INF] Received message: {"To":"vishal_varshney@hotmail.com","Subject":"Password reset request","Body":"Click the link to reset your password: \u003Ca href=\u0022https://localhost:5001/api/Auth/reset?token=07042d3fbd43402fa0b11e7beee578d5\u0022\u003Ehttps://localhost:5001/api/Auth/reset?token=07042d3fbd43402fa0b11e7beee578d5\u003C/a\u003E"}
2026-01-03 00:37:51.444 +05:30 [ERR] Failed to send email via SMTP
MailKit.Net.Smtp.SmtpProtocolException: The SMTP server has unexpectedly disconnected: Authentication failed: The provided authorization grant is invalid, expired, or revoked
   at MailKit.Net.Smtp.SmtpStream.ReadAheadAsync(CancellationToken cancellationToken)
   at MailKit.Net.Smtp.SmtpStream.ReadResponseAsync(CancellationToken cancellationToken)
   at MailKit.Net.Smtp.SmtpStream.SendCommandAsync(String command, CancellationToken cancellationToken)
   at MailKit.Net.Smtp.SmtpClient.SendCommandInternalAsync(String command, CancellationToken cancellationToken)
   at MailKit.Net.Smtp.SmtpClient.AuthenticateAsync(Encoding encoding, ICredentials credentials, CancellationToken cancellationToken)
   at EmailWorkerService.EmailConsumerService.SendEmail(EmailNotification email) in D:\estudy2\AI_Generated\estudy\api\EmailWorkerService\EmailConsumerService.cs:line 165
2026-01-03 00:37:51.493 +05:30 [ERR] Error processing message
MailKit.Net.Smtp.SmtpProtocolException: The SMTP server has unexpectedly disconnected: Authentication failed: The provided authorization grant is invalid, expired, or revoked
   at MailKit.Net.Smtp.SmtpStream.ReadAheadAsync(CancellationToken cancellationToken)
   at MailKit.Net.Smtp.SmtpStream.ReadResponseAsync(CancellationToken cancellationToken)
   at MailKit.Net.Smtp.SmtpStream.SendCommandAsync(String command, CancellationToken cancellationToken)
   at MailKit.Net.Smtp.SmtpClient.SendCommandInternalAsync(String command, CancellationToken cancellationToken)
   at MailKit.Net.Smtp.SmtpClient.AuthenticateAsync(Encoding encoding, ICredentials credentials, CancellationToken cancellationToken)
   at EmailWorkerService.EmailConsumerService.SendEmail(EmailNotification email) in D:\estudy2\AI_Generated\estudy\api\EmailWorkerService\EmailConsumerService.cs:line 165
   at EmailWorkerService.EmailConsumerService.<ExecuteAsync>b__6_0(Object model, BasicDeliverEventArgs ea) in D:\estudy2\AI_Generated\estudy\api\EmailWorkerService\EmailConsumerService.cs:line 97
2026-01-03 00:37:51.493 +05:30 [INF] Received message: {"To":"vishal_varshney@hotmail.com","Subject":"Password reset request","Body":"Click the link to reset your password: \u003Ca href=\u0022https://localhost:5001/api/Auth/reset?token=96aeb82bec604da2a58662c6d40f4635\u0022\u003Ehttps://localhost:5001/api/Auth/reset?token=96aeb82bec604da2a58662c6d40f4635\u003C/a\u003E"}
2026-01-03 00:37:52.889 +05:30 [ERR] Failed to send email via SMTP
MailKit.Net.Smtp.SmtpProtocolException: The SMTP server has unexpectedly disconnected: Authentication failed: The provided authorization grant is invalid, expired, or revoked
   at MailKit.Net.Smtp.SmtpStream.ReadAheadAsync(CancellationToken cancellationToken)
   at MailKit.Net.Smtp.SmtpStream.ReadResponseAsync(CancellationToken cancellationToken)
   at MailKit.Net.Smtp.SmtpStream.SendCommandAsync(String command, CancellationToken cancellationToken)
   at MailKit.Net.Smtp.SmtpClient.SendCommandInternalAsync(String command, CancellationToken cancellationToken)
   at MailKit.Net.Smtp.SmtpClient.AuthenticateAsync(Encoding encoding, ICredentials credentials, CancellationToken cancellationToken)
   at EmailWorkerService.EmailConsumerService.SendEmail(EmailNotification email) in D:\estudy2\AI_Generated\estudy\api\EmailWorkerService\EmailConsumerService.cs:line 165
2026-01-03 00:37:52.942 +05:30 [ERR] Error processing message
MailKit.Net.Smtp.SmtpProtocolException: The SMTP server has unexpectedly disconnected: Authentication failed: The provided authorization grant is invalid, expired, or revoked
   at MailKit.Net.Smtp.SmtpStream.ReadAheadAsync(CancellationToken cancellationToken)
   at MailKit.Net.Smtp.SmtpStream.ReadResponseAsync(CancellationToken cancellationToken)
   at MailKit.Net.Smtp.SmtpStream.SendCommandAsync(String command, CancellationToken cancellationToken)
   at MailKit.Net.Smtp.SmtpClient.SendCommandInternalAsync(String command, CancellationToken cancellationToken)
   at MailKit.Net.Smtp.SmtpClient.AuthenticateAsync(Encoding encoding, ICredentials credentials, CancellationToken cancellationToken)
   at EmailWorkerService.EmailConsumerService.SendEmail(EmailNotification email) in D:\estudy2\AI_Generated\estudy\api\EmailWorkerService\EmailConsumerService.cs:line 165
   at EmailWorkerService.EmailConsumerService.<ExecuteAsync>b__6_0(Object model, BasicDeliverEventArgs ea) in D:\estudy2\AI_Generated\estudy\api\EmailWorkerService\EmailConsumerService.cs:line 97
2026-01-03 00:37:52.942 +05:30 [INF] Received message: {"To":"vishal_varshney@hotmail.com","Subject":"Password reset request","Body":"Click the link to reset your password: \u003Ca href=\u0022https://localhost:5001/api/Auth/reset?token=46cd811230fe41f897e99f87cdb7e439\u0022\u003Ehttps://localhost:5001/api/Auth/reset?token=46cd811230fe41f897e99f87cdb7e439\u003C/a\u003E"}
2026-01-03 00:37:54.312 +05:30 [ERR] Failed to send email via SMTP
MailKit.Net.Smtp.SmtpProtocolException: The SMTP server has unexpectedly disconnected: Authentication failed: The provided authorization grant is invalid, expired, or revoked
   at MailKit.Net.Smtp.SmtpStream.ReadAheadAsync(CancellationToken cancellationToken)
   at MailKit.Net.Smtp.SmtpStream.ReadResponseAsync(CancellationToken cancellationToken)
   at MailKit.Net.Smtp.SmtpStream.SendCommandAsync(String command, CancellationToken cancellationToken)
   at MailKit.Net.Smtp.SmtpClient.SendCommandInternalAsync(String command, CancellationToken cancellationToken)
   at MailKit.Net.Smtp.SmtpClient.AuthenticateAsync(Encoding encoding, ICredentials credentials, CancellationToken cancellationToken)
   at EmailWorkerService.EmailConsumerService.SendEmail(EmailNotification email) in D:\estudy2\AI_Generated\estudy\api\EmailWorkerService\EmailConsumerService.cs:line 165
2026-01-03 00:37:54.361 +05:30 [ERR] Error processing message
MailKit.Net.Smtp.SmtpProtocolException: The SMTP server has unexpectedly disconnected: Authentication failed: The provided authorization grant is invalid, expired, or revoked
   at MailKit.Net.Smtp.SmtpStream.ReadAheadAsync(CancellationToken cancellationToken)
   at MailKit.Net.Smtp.SmtpStream.ReadResponseAsync(CancellationToken cancellationToken)
   at MailKit.Net.Smtp.SmtpStream.SendCommandAsync(String command, CancellationToken cancellationToken)
   at MailKit.Net.Smtp.SmtpClient.SendCommandInternalAsync(String command, CancellationToken cancellationToken)
   at MailKit.Net.Smtp.SmtpClient.AuthenticateAsync(Encoding encoding, ICredentials credentials, CancellationToken cancellationToken)
   at EmailWorkerService.EmailConsumerService.SendEmail(EmailNotification email) in D:\estudy2\AI_Generated\estudy\api\EmailWorkerService\EmailConsumerService.cs:line 165
   at EmailWorkerService.EmailConsumerService.<ExecuteAsync>b__6_0(Object model, BasicDeliverEventArgs ea) in D:\estudy2\AI_Generated\estudy\api\EmailWorkerService\EmailConsumerService.cs:line 97
2026-01-03 00:37:54.362 +05:30 [INF] Received message: {"To":"vishal_varshney@hotmail.com","Subject":"Password reset request","Body":"Click the link to reset your password: \u003Ca href=\u0022https://localhost:5001/api/Auth/reset?token=ff17e79b693944598d7091ca80b9e795\u0022\u003Ehttps://localhost:5001/api/Auth/reset?token=ff17e79b693944598d7091ca80b9e795\u003C/a\u003E"}
2026-01-03 00:37:55.642 +05:30 [ERR] Failed to send email via SMTP
MailKit.Net.Smtp.SmtpProtocolException: The SMTP server has unexpectedly disconnected: Authentication failed: The provided authorization grant is invalid, expired, or revoked
   at MailKit.Net.Smtp.SmtpStream.ReadAheadAsync(CancellationToken cancellationToken)
   at MailKit.Net.Smtp.SmtpStream.ReadResponseAsync(CancellationToken cancellationToken)
   at MailKit.Net.Smtp.SmtpStream.SendCommandAsync(String command, CancellationToken cancellationToken)
   at MailKit.Net.Smtp.SmtpClient.SendCommandInternalAsync(String command, CancellationToken cancellationToken)
   at MailKit.Net.Smtp.SmtpClient.AuthenticateAsync(Encoding encoding, ICredentials credentials, CancellationToken cancellationToken)
   at EmailWorkerService.EmailConsumerService.SendEmail(EmailNotification email) in D:\estudy2\AI_Generated\estudy\api\EmailWorkerService\EmailConsumerService.cs:line 165
2026-01-03 00:37:55.704 +05:30 [ERR] Error processing message
MailKit.Net.Smtp.SmtpProtocolException: The SMTP server has unexpectedly disconnected: Authentication failed: The provided authorization grant is invalid, expired, or revoked
   at MailKit.Net.Smtp.SmtpStream.ReadAheadAsync(CancellationToken cancellationToken)
   at MailKit.Net.Smtp.SmtpStream.ReadResponseAsync(CancellationToken cancellationToken)
   at MailKit.Net.Smtp.SmtpStream.SendCommandAsync(String command, CancellationToken cancellationToken)
   at MailKit.Net.Smtp.SmtpClient.SendCommandInternalAsync(String command, CancellationToken cancellationToken)
   at MailKit.Net.Smtp.SmtpClient.AuthenticateAsync(Encoding encoding, ICredentials credentials, CancellationToken cancellationToken)
   at EmailWorkerService.EmailConsumerService.SendEmail(EmailNotification email) in D:\estudy2\AI_Generated\estudy\api\EmailWorkerService\EmailConsumerService.cs:line 165
   at EmailWorkerService.EmailConsumerService.<ExecuteAsync>b__6_0(Object model, BasicDeliverEventArgs ea) in D:\estudy2\AI_Generated\estudy\api\EmailWorkerService\EmailConsumerService.cs:line 97
2026-01-03 00:37:55.705 +05:30 [INF] Received message: {"To":"vishal_varshney@hotmail.com","Subject":"Password reset request","Body":"Click the link to reset your password: \u003Ca href=\u0022https://localhost:5001/api/Auth/reset?token=07042d3fbd43402fa0b11e7beee578d5\u0022\u003Ehttps://localhost:5001/api/Auth/reset?token=07042d3fbd43402fa0b11e7beee578d5\u003C/a\u003E"}
2026-01-03 00:37:57.052 +05:30 [ERR] Failed to send email via SMTP
MailKit.Net.Smtp.SmtpProtocolException: The SMTP server has unexpectedly disconnected: Authentication failed: The provided authorization grant is invalid, expired, or revoked
   at MailKit.Net.Smtp.SmtpStream.ReadAheadAsync(CancellationToken cancellationToken)
   at MailKit.Net.Smtp.SmtpStream.ReadResponseAsync(CancellationToken cancellationToken)
   at MailKit.Net.Smtp.SmtpStream.SendCommandAsync(String command, CancellationToken cancellationToken)
   at MailKit.Net.Smtp.SmtpClient.SendCommandInternalAsync(String command, CancellationToken cancellationToken)
   at MailKit.Net.Smtp.SmtpClient.AuthenticateAsync(Encoding encoding, ICredentials credentials, CancellationToken cancellationToken)
   at EmailWorkerService.EmailConsumerService.SendEmail(EmailNotification email) in D:\estudy2\AI_Generated\estudy\api\EmailWorkerService\EmailConsumerService.cs:line 165
2026-01-03 00:37:57.109 +05:30 [ERR] Error processing message
MailKit.Net.Smtp.SmtpProtocolException: The SMTP server has unexpectedly disconnected: Authentication failed: The provided authorization grant is invalid, expired, or revoked
   at MailKit.Net.Smtp.SmtpStream.ReadAheadAsync(CancellationToken cancellationToken)
   at MailKit.Net.Smtp.SmtpStream.ReadResponseAsync(CancellationToken cancellationToken)
   at MailKit.Net.Smtp.SmtpStream.SendCommandAsync(String command, CancellationToken cancellationToken)
   at MailKit.Net.Smtp.SmtpClient.SendCommandInternalAsync(String command, CancellationToken cancellationToken)
   at MailKit.Net.Smtp.SmtpClient.AuthenticateAsync(Encoding encoding, ICredentials credentials, CancellationToken cancellationToken)
   at EmailWorkerService.EmailConsumerService.SendEmail(EmailNotification email) in D:\estudy2\AI_Generated\estudy\api\EmailWorkerService\EmailConsumerService.cs:line 165
   at EmailWorkerService.EmailConsumerService.<ExecuteAsync>b__6_0(Object model, BasicDeliverEventArgs ea) in D:\estudy2\AI_Generated\estudy\api\EmailWorkerService\EmailConsumerService.cs:line 97
2026-01-03 00:37:57.109 +05:30 [INF] Received message: {"To":"vishal_varshney@hotmail.com","Subject":"Password reset request","Body":"Click the link to reset your password: \u003Ca href=\u0022https://localhost:5001/api/Auth/reset?token=96aeb82bec604da2a58662c6d40f4635\u0022\u003Ehttps://localhost:5001/api/Auth/reset?token=96aeb82bec604da2a58662c6d40f4635\u003C/a\u003E"}
2026-01-03 00:37:58.416 +05:30 [ERR] Failed to send email via SMTP
MailKit.Net.Smtp.SmtpProtocolException: The SMTP server has unexpectedly disconnected: Authentication failed: The provided authorization grant is invalid, expired, or revoked
   at MailKit.Net.Smtp.SmtpStream.ReadAheadAsync(CancellationToken cancellationToken)
   at MailKit.Net.Smtp.SmtpStream.ReadResponseAsync(CancellationToken cancellationToken)
   at MailKit.Net.Smtp.SmtpStream.SendCommandAsync(String command, CancellationToken cancellationToken)
   at MailKit.Net.Smtp.SmtpClient.SendCommandInternalAsync(String command, CancellationToken cancellationToken)
   at MailKit.Net.Smtp.SmtpClient.AuthenticateAsync(Encoding encoding, ICredentials credentials, CancellationToken cancellationToken)
   at EmailWorkerService.EmailConsumerService.SendEmail(EmailNotification email) in D:\estudy2\AI_Generated\estudy\api\EmailWorkerService\EmailConsumerService.cs:line 165
2026-01-03 00:37:58.480 +05:30 [ERR] Error processing message
MailKit.Net.Smtp.SmtpProtocolException: The SMTP server has unexpectedly disconnected: Authentication failed: The provided authorization grant is invalid, expired, or revoked
   at MailKit.Net.Smtp.SmtpStream.ReadAheadAsync(CancellationToken cancellationToken)
   at MailKit.Net.Smtp.SmtpStream.ReadResponseAsync(CancellationToken cancellationToken)
   at MailKit.Net.Smtp.SmtpStream.SendCommandAsync(String command, CancellationToken cancellationToken)
   at MailKit.Net.Smtp.SmtpClient.SendCommandInternalAsync(String command, CancellationToken cancellationToken)
   at MailKit.Net.Smtp.SmtpClient.AuthenticateAsync(Encoding encoding, ICredentials credentials, CancellationToken cancellationToken)
   at EmailWorkerService.EmailConsumerService.SendEmail(EmailNotification email) in D:\estudy2\AI_Generated\estudy\api\EmailWorkerService\EmailConsumerService.cs:line 165
   at EmailWorkerService.EmailConsumerService.<ExecuteAsync>b__6_0(Object model, BasicDeliverEventArgs ea) in D:\estudy2\AI_Generated\estudy\api\EmailWorkerService\EmailConsumerService.cs:line 97
2026-01-03 00:37:58.481 +05:30 [INF] Received message: {"To":"vishal_varshney@hotmail.com","Subject":"Password reset request","Body":"Click the link to reset your password: \u003Ca href=\u0022https://localhost:5001/api/Auth/reset?token=46cd811230fe41f897e99f87cdb7e439\u0022\u003Ehttps://localhost:5001/api/Auth/reset?token=46cd811230fe41f897e99f87cdb7e439\u003C/a\u003E"}
2026-01-03 00:37:59.826 +05:30 [ERR] Failed to send email via SMTP
MailKit.Net.Smtp.SmtpProtocolException: The SMTP server has unexpectedly disconnected: Authentication failed: The provided authorization grant is invalid, expired, or revoked
   at MailKit.Net.Smtp.SmtpStream.ReadAheadAsync(CancellationToken cancellationToken)
   at MailKit.Net.Smtp.SmtpStream.ReadResponseAsync(CancellationToken cancellationToken)
   at MailKit.Net.Smtp.SmtpStream.SendCommandAsync(String command, CancellationToken cancellationToken)
   at MailKit.Net.Smtp.SmtpClient.SendCommandInternalAsync(String command, CancellationToken cancellationToken)
   at MailKit.Net.Smtp.SmtpClient.AuthenticateAsync(Encoding encoding, ICredentials credentials, CancellationToken cancellationToken)
   at EmailWorkerService.EmailConsumerService.SendEmail(EmailNotification email) in D:\estudy2\AI_Generated\estudy\api\EmailWorkerService\EmailConsumerService.cs:line 165
2026-01-03 00:37:59.880 +05:30 [ERR] Error processing message
MailKit.Net.Smtp.SmtpProtocolException: The SMTP server has unexpectedly disconnected: Authentication failed: The provided authorization grant is invalid, expired, or revoked
   at MailKit.Net.Smtp.SmtpStream.ReadAheadAsync(CancellationToken cancellationToken)
   at MailKit.Net.Smtp.SmtpStream.ReadResponseAsync(CancellationToken cancellationToken)
   at MailKit.Net.Smtp.SmtpStream.SendCommandAsync(String command, CancellationToken cancellationToken)
   at MailKit.Net.Smtp.SmtpClient.SendCommandInternalAsync(String command, CancellationToken cancellationToken)
   at MailKit.Net.Smtp.SmtpClient.AuthenticateAsync(Encoding encoding, ICredentials credentials, CancellationToken cancellationToken)
   at EmailWorkerService.EmailConsumerService.SendEmail(EmailNotification email) in D:\estudy2\AI_Generated\estudy\api\EmailWorkerService\EmailConsumerService.cs:line 165
   at EmailWorkerService.EmailConsumerService.<ExecuteAsync>b__6_0(Object model, BasicDeliverEventArgs ea) in D:\estudy2\AI_Generated\estudy\api\EmailWorkerService\EmailConsumerService.cs:line 97
2026-01-03 00:37:59.880 +05:30 [INF] Received message: {"To":"vishal_varshney@hotmail.com","Subject":"Password reset request","Body":"Click the link to reset your password: \u003Ca href=\u0022https://localhost:5001/api/Auth/reset?token=ff17e79b693944598d7091ca80b9e795\u0022\u003Ehttps://localhost:5001/api/Auth/reset?token=ff17e79b693944598d7091ca80b9e795\u003C/a\u003E"}
2026-01-03 00:38:01.313 +05:30 [ERR] Failed to send email via SMTP
MailKit.Net.Smtp.SmtpProtocolException: The SMTP server has unexpectedly disconnected: Authentication failed: The provided authorization grant is invalid, expired, or revoked
   at MailKit.Net.Smtp.SmtpStream.ReadAheadAsync(CancellationToken cancellationToken)
   at MailKit.Net.Smtp.SmtpStream.ReadResponseAsync(CancellationToken cancellationToken)
   at MailKit.Net.Smtp.SmtpStream.SendCommandAsync(String command, CancellationToken cancellationToken)
   at MailKit.Net.Smtp.SmtpClient.SendCommandInternalAsync(String command, CancellationToken cancellationToken)
   at MailKit.Net.Smtp.SmtpClient.AuthenticateAsync(Encoding encoding, ICredentials credentials, CancellationToken cancellationToken)
   at EmailWorkerService.EmailConsumerService.SendEmail(EmailNotification email) in D:\estudy2\AI_Generated\estudy\api\EmailWorkerService\EmailConsumerService.cs:line 165
2026-01-03 00:38:01.379 +05:30 [ERR] Error processing message
MailKit.Net.Smtp.SmtpProtocolException: The SMTP server has unexpectedly disconnected: Authentication failed: The provided authorization grant is invalid, expired, or revoked
   at MailKit.Net.Smtp.SmtpStream.ReadAheadAsync(CancellationToken cancellationToken)
   at MailKit.Net.Smtp.SmtpStream.ReadResponseAsync(CancellationToken cancellationToken)
   at MailKit.Net.Smtp.SmtpStream.SendCommandAsync(String command, CancellationToken cancellationToken)
   at MailKit.Net.Smtp.SmtpClient.SendCommandInternalAsync(String command, CancellationToken cancellationToken)
   at MailKit.Net.Smtp.SmtpClient.AuthenticateAsync(Encoding encoding, ICredentials credentials, CancellationToken cancellationToken)
   at EmailWorkerService.EmailConsumerService.SendEmail(EmailNotification email) in D:\estudy2\AI_Generated\estudy\api\EmailWorkerService\EmailConsumerService.cs:line 165
   at EmailWorkerService.EmailConsumerService.<ExecuteAsync>b__6_0(Object model, BasicDeliverEventArgs ea) in D:\estudy2\AI_Generated\estudy\api\EmailWorkerService\EmailConsumerService.cs:line 97
2026-01-03 00:38:01.380 +05:30 [INF] Received message: {"To":"vishal_varshney@hotmail.com","Subject":"Password reset request","Body":"Click the link to reset your password: \u003Ca href=\u0022https://localhost:5001/api/Auth/reset?token=07042d3fbd43402fa0b11e7beee578d5\u0022\u003Ehttps://localhost:5001/api/Auth/reset?token=07042d3fbd43402fa0b11e7beee578d5\u003C/a\u003E"}
2026-01-03 00:38:02.655 +05:30 [ERR] Failed to send email via SMTP
MailKit.Net.Smtp.SmtpProtocolException: The SMTP server has unexpectedly disconnected: Authentication failed: The provided authorization grant is invalid, expired, or revoked
   at MailKit.Net.Smtp.SmtpStream.ReadAheadAsync(CancellationToken cancellationToken)
   at MailKit.Net.Smtp.SmtpStream.ReadResponseAsync(CancellationToken cancellationToken)
   at MailKit.Net.Smtp.SmtpStream.SendCommandAsync(String command, CancellationToken cancellationToken)
   at MailKit.Net.Smtp.SmtpClient.SendCommandInternalAsync(String command, CancellationToken cancellationToken)
   at MailKit.Net.Smtp.SmtpClient.AuthenticateAsync(Encoding encoding, ICredentials credentials, CancellationToken cancellationToken)
   at EmailWorkerService.EmailConsumerService.SendEmail(EmailNotification email) in D:\estudy2\AI_Generated\estudy\api\EmailWorkerService\EmailConsumerService.cs:line 165
2026-01-03 00:38:02.718 +05:30 [ERR] Error processing message
MailKit.Net.Smtp.SmtpProtocolException: The SMTP server has unexpectedly disconnected: Authentication failed: The provided authorization grant is invalid, expired, or revoked
   at MailKit.Net.Smtp.SmtpStream.ReadAheadAsync(CancellationToken cancellationToken)
   at MailKit.Net.Smtp.SmtpStream.ReadResponseAsync(CancellationToken cancellationToken)
   at MailKit.Net.Smtp.SmtpStream.SendCommandAsync(String command, CancellationToken cancellationToken)
   at MailKit.Net.Smtp.SmtpClient.SendCommandInternalAsync(String command, CancellationToken cancellationToken)
   at MailKit.Net.Smtp.SmtpClient.AuthenticateAsync(Encoding encoding, ICredentials credentials, CancellationToken cancellationToken)
   at EmailWorkerService.EmailConsumerService.SendEmail(EmailNotification email) in D:\estudy2\AI_Generated\estudy\api\EmailWorkerService\EmailConsumerService.cs:line 165
   at EmailWorkerService.EmailConsumerService.<ExecuteAsync>b__6_0(Object model, BasicDeliverEventArgs ea) in D:\estudy2\AI_Generated\estudy\api\EmailWorkerService\EmailConsumerService.cs:line 97
2026-01-03 00:38:02.719 +05:30 [INF] Received message: {"To":"vishal_varshney@hotmail.com","Subject":"Password reset request","Body":"Click the link to reset your password: \u003Ca href=\u0022https://localhost:5001/api/Auth/reset?token=96aeb82bec604da2a58662c6d40f4635\u0022\u003Ehttps://localhost:5001/api/Auth/reset?token=96aeb82bec604da2a58662c6d40f4635\u003C/a\u003E"}
2026-01-03 00:38:04.155 +05:30 [ERR] Failed to send email via SMTP
MailKit.Net.Smtp.SmtpProtocolException: The SMTP server has unexpectedly disconnected: Authentication failed: The provided authorization grant is invalid, expired, or revoked
   at MailKit.Net.Smtp.SmtpStream.ReadAheadAsync(CancellationToken cancellationToken)
   at MailKit.Net.Smtp.SmtpStream.ReadResponseAsync(CancellationToken cancellationToken)
   at MailKit.Net.Smtp.SmtpStream.SendCommandAsync(String command, CancellationToken cancellationToken)
   at MailKit.Net.Smtp.SmtpClient.SendCommandInternalAsync(String command, CancellationToken cancellationToken)
   at MailKit.Net.Smtp.SmtpClient.AuthenticateAsync(Encoding encoding, ICredentials credentials, CancellationToken cancellationToken)
   at EmailWorkerService.EmailConsumerService.SendEmail(EmailNotification email) in D:\estudy2\AI_Generated\estudy\api\EmailWorkerService\EmailConsumerService.cs:line 165
2026-01-03 00:38:04.210 +05:30 [ERR] Error processing message
MailKit.Net.Smtp.SmtpProtocolException: The SMTP server has unexpectedly disconnected: Authentication failed: The provided authorization grant is invalid, expired, or revoked
   at MailKit.Net.Smtp.SmtpStream.ReadAheadAsync(CancellationToken cancellationToken)
   at MailKit.Net.Smtp.SmtpStream.ReadResponseAsync(CancellationToken cancellationToken)
   at MailKit.Net.Smtp.SmtpStream.SendCommandAsync(String command, CancellationToken cancellationToken)
   at MailKit.Net.Smtp.SmtpClient.SendCommandInternalAsync(String command, CancellationToken cancellationToken)
   at MailKit.Net.Smtp.SmtpClient.AuthenticateAsync(Encoding encoding, ICredentials credentials, CancellationToken cancellationToken)
   at EmailWorkerService.EmailConsumerService.SendEmail(EmailNotification email) in D:\estudy2\AI_Generated\estudy\api\EmailWorkerService\EmailConsumerService.cs:line 165
   at EmailWorkerService.EmailConsumerService.<ExecuteAsync>b__6_0(Object model, BasicDeliverEventArgs ea) in D:\estudy2\AI_Generated\estudy\api\EmailWorkerService\EmailConsumerService.cs:line 97
2026-01-03 00:38:04.210 +05:30 [INF] Received message: {"To":"vishal_varshney@hotmail.com","Subject":"Password reset request","Body":"Click the link to reset your password: \u003Ca href=\u0022https://localhost:5001/api/Auth/reset?token=46cd811230fe41f897e99f87cdb7e439\u0022\u003Ehttps://localhost:5001/api/Auth/reset?token=46cd811230fe41f897e99f87cdb7e439\u003C/a\u003E"}
2026-01-03 00:38:05.512 +05:30 [ERR] Failed to send email via SMTP
MailKit.Net.Smtp.SmtpProtocolException: The SMTP server has unexpectedly disconnected: Authentication failed: The provided authorization grant is invalid, expired, or revoked
   at MailKit.Net.Smtp.SmtpStream.ReadAheadAsync(CancellationToken cancellationToken)
   at MailKit.Net.Smtp.SmtpStream.ReadResponseAsync(CancellationToken cancellationToken)
   at MailKit.Net.Smtp.SmtpStream.SendCommandAsync(String command, CancellationToken cancellationToken)
   at MailKit.Net.Smtp.SmtpClient.SendCommandInternalAsync(String command, CancellationToken cancellationToken)
   at MailKit.Net.Smtp.SmtpClient.AuthenticateAsync(Encoding encoding, ICredentials credentials, CancellationToken cancellationToken)
   at EmailWorkerService.EmailConsumerService.SendEmail(EmailNotification email) in D:\estudy2\AI_Generated\estudy\api\EmailWorkerService\EmailConsumerService.cs:line 165
2026-01-03 00:38:05.573 +05:30 [ERR] Error processing message
MailKit.Net.Smtp.SmtpProtocolException: The SMTP server has unexpectedly disconnected: Authentication failed: The provided authorization grant is invalid, expired, or revoked
   at MailKit.Net.Smtp.SmtpStream.ReadAheadAsync(CancellationToken cancellationToken)
   at MailKit.Net.Smtp.SmtpStream.ReadResponseAsync(CancellationToken cancellationToken)
   at MailKit.Net.Smtp.SmtpStream.SendCommandAsync(String command, CancellationToken cancellationToken)
   at MailKit.Net.Smtp.SmtpClient.SendCommandInternalAsync(String command, CancellationToken cancellationToken)
   at MailKit.Net.Smtp.SmtpClient.AuthenticateAsync(Encoding encoding, ICredentials credentials, CancellationToken cancellationToken)
   at EmailWorkerService.EmailConsumerService.SendEmail(EmailNotification email) in D:\estudy2\AI_Generated\estudy\api\EmailWorkerService\EmailConsumerService.cs:line 165
   at EmailWorkerService.EmailConsumerService.<ExecuteAsync>b__6_0(Object model, BasicDeliverEventArgs ea) in D:\estudy2\AI_Generated\estudy\api\EmailWorkerService\EmailConsumerService.cs:line 97
2026-01-03 00:38:05.573 +05:30 [INF] Received message: {"To":"vishal_varshney@hotmail.com","Subject":"Password reset request","Body":"Click the link to reset your password: \u003Ca href=\u0022https://localhost:5001/api/Auth/reset?token=ff17e79b693944598d7091ca80b9e795\u0022\u003Ehttps://localhost:5001/api/Auth/reset?token=ff17e79b693944598d7091ca80b9e795\u003C/a\u003E"}
2026-01-03 00:38:07.183 +05:30 [ERR] Failed to send email via SMTP
MailKit.Net.Smtp.SmtpProtocolException: The SMTP server has unexpectedly disconnected: Authentication failed: The provided authorization grant is invalid, expired, or revoked
   at MailKit.Net.Smtp.SmtpStream.ReadAheadAsync(CancellationToken cancellationToken)
   at MailKit.Net.Smtp.SmtpStream.ReadResponseAsync(CancellationToken cancellationToken)
   at MailKit.Net.Smtp.SmtpStream.SendCommandAsync(String command, CancellationToken cancellationToken)
   at MailKit.Net.Smtp.SmtpClient.SendCommandInternalAsync(String command, CancellationToken cancellationToken)
   at MailKit.Net.Smtp.SmtpClient.AuthenticateAsync(Encoding encoding, ICredentials credentials, CancellationToken cancellationToken)
   at EmailWorkerService.EmailConsumerService.SendEmail(EmailNotification email) in D:\estudy2\AI_Generated\estudy\api\EmailWorkerService\EmailConsumerService.cs:line 165
2026-01-03 00:38:07.242 +05:30 [ERR] Error processing message
MailKit.Net.Smtp.SmtpProtocolException: The SMTP server has unexpectedly disconnected: Authentication failed: The provided authorization grant is invalid, expired, or revoked
   at MailKit.Net.Smtp.SmtpStream.ReadAheadAsync(CancellationToken cancellationToken)
   at MailKit.Net.Smtp.SmtpStream.ReadResponseAsync(CancellationToken cancellationToken)
   at MailKit.Net.Smtp.SmtpStream.SendCommandAsync(String command, CancellationToken cancellationToken)
   at MailKit.Net.Smtp.SmtpClient.SendCommandInternalAsync(String command, CancellationToken cancellationToken)
   at MailKit.Net.Smtp.SmtpClient.AuthenticateAsync(Encoding encoding, ICredentials credentials, CancellationToken cancellationToken)
   at EmailWorkerService.EmailConsumerService.SendEmail(EmailNotification email) in D:\estudy2\AI_Generated\estudy\api\EmailWorkerService\EmailConsumerService.cs:line 165
   at EmailWorkerService.EmailConsumerService.<ExecuteAsync>b__6_0(Object model, BasicDeliverEventArgs ea) in D:\estudy2\AI_Generated\estudy\api\EmailWorkerService\EmailConsumerService.cs:line 97
2026-01-03 00:38:07.242 +05:30 [INF] Received message: {"To":"vishal_varshney@hotmail.com","Subject":"Password reset request","Body":"Click the link to reset your password: \u003Ca href=\u0022https://localhost:5001/api/Auth/reset?token=07042d3fbd43402fa0b11e7beee578d5\u0022\u003Ehttps://localhost:5001/api/Auth/reset?token=07042d3fbd43402fa0b11e7beee578d5\u003C/a\u003E"}
2026-01-03 00:38:08.671 +05:30 [ERR] Failed to send email via SMTP
MailKit.Net.Smtp.SmtpProtocolException: The SMTP server has unexpectedly disconnected: Authentication failed: The provided authorization grant is invalid, expired, or revoked
   at MailKit.Net.Smtp.SmtpStream.ReadAheadAsync(CancellationToken cancellationToken)
   at MailKit.Net.Smtp.SmtpStream.ReadResponseAsync(CancellationToken cancellationToken)
   at MailKit.Net.Smtp.SmtpStream.SendCommandAsync(String command, CancellationToken cancellationToken)
   at MailKit.Net.Smtp.SmtpClient.SendCommandInternalAsync(String command, CancellationToken cancellationToken)
   at MailKit.Net.Smtp.SmtpClient.AuthenticateAsync(Encoding encoding, ICredentials credentials, CancellationToken cancellationToken)
   at EmailWorkerService.EmailConsumerService.SendEmail(EmailNotification email) in D:\estudy2\AI_Generated\estudy\api\EmailWorkerService\EmailConsumerService.cs:line 165
2026-01-03 00:38:08.723 +05:30 [ERR] Error processing message
MailKit.Net.Smtp.SmtpProtocolException: The SMTP server has unexpectedly disconnected: Authentication failed: The provided authorization grant is invalid, expired, or revoked
   at MailKit.Net.Smtp.SmtpStream.ReadAheadAsync(CancellationToken cancellationToken)
   at MailKit.Net.Smtp.SmtpStream.ReadResponseAsync(CancellationToken cancellationToken)
   at MailKit.Net.Smtp.SmtpStream.SendCommandAsync(String command, CancellationToken cancellationToken)
   at MailKit.Net.Smtp.SmtpClient.SendCommandInternalAsync(String command, CancellationToken cancellationToken)
   at MailKit.Net.Smtp.SmtpClient.AuthenticateAsync(Encoding encoding, ICredentials credentials, CancellationToken cancellationToken)
   at EmailWorkerService.EmailConsumerService.SendEmail(EmailNotification email) in D:\estudy2\AI_Generated\estudy\api\EmailWorkerService\EmailConsumerService.cs:line 165
   at EmailWorkerService.EmailConsumerService.<ExecuteAsync>b__6_0(Object model, BasicDeliverEventArgs ea) in D:\estudy2\AI_Generated\estudy\api\EmailWorkerService\EmailConsumerService.cs:line 97
2026-01-03 00:38:08.723 +05:30 [INF] Received message: {"To":"vishal_varshney@hotmail.com","Subject":"Password reset request","Body":"Click the link to reset your password: \u003Ca href=\u0022https://localhost:5001/api/Auth/reset?token=96aeb82bec604da2a58662c6d40f4635\u0022\u003Ehttps://localhost:5001/api/Auth/reset?token=96aeb82bec604da2a58662c6d40f4635\u003C/a\u003E"}
2026-01-03 00:38:10.034 +05:30 [ERR] Failed to send email via SMTP
MailKit.Net.Smtp.SmtpProtocolException: The SMTP server has unexpectedly disconnected: Authentication failed: The provided authorization grant is invalid, expired, or revoked
   at MailKit.Net.Smtp.SmtpStream.ReadAheadAsync(CancellationToken cancellationToken)
   at MailKit.Net.Smtp.SmtpStream.ReadResponseAsync(CancellationToken cancellationToken)
   at MailKit.Net.Smtp.SmtpStream.SendCommandAsync(String command, CancellationToken cancellationToken)
   at MailKit.Net.Smtp.SmtpClient.SendCommandInternalAsync(String command, CancellationToken cancellationToken)
   at MailKit.Net.Smtp.SmtpClient.AuthenticateAsync(Encoding encoding, ICredentials credentials, CancellationToken cancellationToken)
   at EmailWorkerService.EmailConsumerService.SendEmail(EmailNotification email) in D:\estudy2\AI_Generated\estudy\api\EmailWorkerService\EmailConsumerService.cs:line 165
2026-01-03 00:38:10.091 +05:30 [ERR] Error processing message
MailKit.Net.Smtp.SmtpProtocolException: The SMTP server has unexpectedly disconnected: Authentication failed: The provided authorization grant is invalid, expired, or revoked
   at MailKit.Net.Smtp.SmtpStream.ReadAheadAsync(CancellationToken cancellationToken)
   at MailKit.Net.Smtp.SmtpStream.ReadResponseAsync(CancellationToken cancellationToken)
   at MailKit.Net.Smtp.SmtpStream.SendCommandAsync(String command, CancellationToken cancellationToken)
   at MailKit.Net.Smtp.SmtpClient.SendCommandInternalAsync(String command, CancellationToken cancellationToken)
   at MailKit.Net.Smtp.SmtpClient.AuthenticateAsync(Encoding encoding, ICredentials credentials, CancellationToken cancellationToken)
   at EmailWorkerService.EmailConsumerService.SendEmail(EmailNotification email) in D:\estudy2\AI_Generated\estudy\api\EmailWorkerService\EmailConsumerService.cs:line 165
   at EmailWorkerService.EmailConsumerService.<ExecuteAsync>b__6_0(Object model, BasicDeliverEventArgs ea) in D:\estudy2\AI_Generated\estudy\api\EmailWorkerService\EmailConsumerService.cs:line 97
2026-01-03 00:38:10.092 +05:30 [INF] Received message: {"To":"vishal_varshney@hotmail.com","Subject":"Password reset request","Body":"Click the link to reset your password: \u003Ca href=\u0022https://localhost:5001/api/Auth/reset?token=46cd811230fe41f897e99f87cdb7e439\u0022\u003Ehttps://localhost:5001/api/Auth/reset?token=46cd811230fe41f897e99f87cdb7e439\u003C/a\u003E"}
2026-01-03 00:38:11.632 +05:30 [ERR] Failed to send email via SMTP
MailKit.Net.Smtp.SmtpProtocolException: The SMTP server has unexpectedly disconnected: Authentication failed: The provided authorization grant is invalid, expired, or revoked
   at MailKit.Net.Smtp.SmtpStream.ReadAheadAsync(CancellationToken cancellationToken)
   at MailKit.Net.Smtp.SmtpStream.ReadResponseAsync(CancellationToken cancellationToken)
   at MailKit.Net.Smtp.SmtpStream.SendCommandAsync(String command, CancellationToken cancellationToken)
   at MailKit.Net.Smtp.SmtpClient.SendCommandInternalAsync(String command, CancellationToken cancellationToken)
   at MailKit.Net.Smtp.SmtpClient.AuthenticateAsync(Encoding encoding, ICredentials credentials, CancellationToken cancellationToken)
   at EmailWorkerService.EmailConsumerService.SendEmail(EmailNotification email) in D:\estudy2\AI_Generated\estudy\api\EmailWorkerService\EmailConsumerService.cs:line 165
2026-01-03 00:38:11.689 +05:30 [ERR] Error processing message
MailKit.Net.Smtp.SmtpProtocolException: The SMTP server has unexpectedly disconnected: Authentication failed: The provided authorization grant is invalid, expired, or revoked
   at MailKit.Net.Smtp.SmtpStream.ReadAheadAsync(CancellationToken cancellationToken)
   at MailKit.Net.Smtp.SmtpStream.ReadResponseAsync(CancellationToken cancellationToken)
   at MailKit.Net.Smtp.SmtpStream.SendCommandAsync(String command, CancellationToken cancellationToken)
   at MailKit.Net.Smtp.SmtpClient.SendCommandInternalAsync(String command, CancellationToken cancellationToken)
   at MailKit.Net.Smtp.SmtpClient.AuthenticateAsync(Encoding encoding, ICredentials credentials, CancellationToken cancellationToken)
   at EmailWorkerService.EmailConsumerService.SendEmail(EmailNotification email) in D:\estudy2\AI_Generated\estudy\api\EmailWorkerService\EmailConsumerService.cs:line 165
   at EmailWorkerService.EmailConsumerService.<ExecuteAsync>b__6_0(Object model, BasicDeliverEventArgs ea) in D:\estudy2\AI_Generated\estudy\api\EmailWorkerService\EmailConsumerService.cs:line 97
2026-01-03 00:38:11.689 +05:30 [INF] Received message: {"To":"vishal_varshney@hotmail.com","Subject":"Password reset request","Body":"Click the link to reset your password: \u003Ca href=\u0022https://localhost:5001/api/Auth/reset?token=ff17e79b693944598d7091ca80b9e795\u0022\u003Ehttps://localhost:5001/api/Auth/reset?token=ff17e79b693944598d7091ca80b9e795\u003C/a\u003E"}
2026-01-03 00:38:13.167 +05:30 [ERR] Failed to send email via SMTP
MailKit.Net.Smtp.SmtpProtocolException: The SMTP server has unexpectedly disconnected: Authentication failed: The provided authorization grant is invalid, expired, or revoked
   at MailKit.Net.Smtp.SmtpStream.ReadAheadAsync(CancellationToken cancellationToken)
   at MailKit.Net.Smtp.SmtpStream.ReadResponseAsync(CancellationToken cancellationToken)
   at MailKit.Net.Smtp.SmtpStream.SendCommandAsync(String command, CancellationToken cancellationToken)
   at MailKit.Net.Smtp.SmtpClient.SendCommandInternalAsync(String command, CancellationToken cancellationToken)
   at MailKit.Net.Smtp.SmtpClient.AuthenticateAsync(Encoding encoding, ICredentials credentials, CancellationToken cancellationToken)
   at EmailWorkerService.EmailConsumerService.SendEmail(EmailNotification email) in D:\estudy2\AI_Generated\estudy\api\EmailWorkerService\EmailConsumerService.cs:line 165
2026-01-03 00:38:13.222 +05:30 [ERR] Error processing message
MailKit.Net.Smtp.SmtpProtocolException: The SMTP server has unexpectedly disconnected: Authentication failed: The provided authorization grant is invalid, expired, or revoked
   at MailKit.Net.Smtp.SmtpStream.ReadAheadAsync(CancellationToken cancellationToken)
   at MailKit.Net.Smtp.SmtpStream.ReadResponseAsync(CancellationToken cancellationToken)
   at MailKit.Net.Smtp.SmtpStream.SendCommandAsync(String command, CancellationToken cancellationToken)
   at MailKit.Net.Smtp.SmtpClient.SendCommandInternalAsync(String command, CancellationToken cancellationToken)
   at MailKit.Net.Smtp.SmtpClient.AuthenticateAsync(Encoding encoding, ICredentials credentials, CancellationToken cancellationToken)
   at EmailWorkerService.EmailConsumerService.SendEmail(EmailNotification email) in D:\estudy2\AI_Generated\estudy\api\EmailWorkerService\EmailConsumerService.cs:line 165
   at EmailWorkerService.EmailConsumerService.<ExecuteAsync>b__6_0(Object model, BasicDeliverEventArgs ea) in D:\estudy2\AI_Generated\estudy\api\EmailWorkerService\EmailConsumerService.cs:line 97
2026-01-03 00:38:13.222 +05:30 [INF] Received message: {"To":"vishal_varshney@hotmail.com","Subject":"Password reset request","Body":"Click the link to reset your password: \u003Ca href=\u0022https://localhost:5001/api/Auth/reset?token=07042d3fbd43402fa0b11e7beee578d5\u0022\u003Ehttps://localhost:5001/api/Auth/reset?token=07042d3fbd43402fa0b11e7beee578d5\u003C/a\u003E"}
2026-01-03 00:38:14.580 +05:30 [ERR] Failed to send email via SMTP
MailKit.Net.Smtp.SmtpProtocolException: The SMTP server has unexpectedly disconnected: Authentication failed: The provided authorization grant is invalid, expired, or revoked
   at MailKit.Net.Smtp.SmtpStream.ReadAheadAsync(CancellationToken cancellationToken)
   at MailKit.Net.Smtp.SmtpStream.ReadResponseAsync(CancellationToken cancellationToken)
   at MailKit.Net.Smtp.SmtpStream.SendCommandAsync(String command, CancellationToken cancellationToken)
   at MailKit.Net.Smtp.SmtpClient.SendCommandInternalAsync(String command, CancellationToken cancellationToken)
   at MailKit.Net.Smtp.SmtpClient.AuthenticateAsync(Encoding encoding, ICredentials credentials, CancellationToken cancellationToken)
   at EmailWorkerService.EmailConsumerService.SendEmail(EmailNotification email) in D:\estudy2\AI_Generated\estudy\api\EmailWorkerService\EmailConsumerService.cs:line 165
2026-01-03 00:38:14.637 +05:30 [ERR] Error processing message
MailKit.Net.Smtp.SmtpProtocolException: The SMTP server has unexpectedly disconnected: Authentication failed: The provided authorization grant is invalid, expired, or revoked
   at MailKit.Net.Smtp.SmtpStream.ReadAheadAsync(CancellationToken cancellationToken)
   at MailKit.Net.Smtp.SmtpStream.ReadResponseAsync(CancellationToken cancellationToken)
   at MailKit.Net.Smtp.SmtpStream.SendCommandAsync(String command, CancellationToken cancellationToken)
   at MailKit.Net.Smtp.SmtpClient.SendCommandInternalAsync(String command, CancellationToken cancellationToken)
   at MailKit.Net.Smtp.SmtpClient.AuthenticateAsync(Encoding encoding, ICredentials credentials, CancellationToken cancellationToken)
   at EmailWorkerService.EmailConsumerService.SendEmail(EmailNotification email) in D:\estudy2\AI_Generated\estudy\api\EmailWorkerService\EmailConsumerService.cs:line 165
   at EmailWorkerService.EmailConsumerService.<ExecuteAsync>b__6_0(Object model, BasicDeliverEventArgs ea) in D:\estudy2\AI_Generated\estudy\api\EmailWorkerService\EmailConsumerService.cs:line 97
2026-01-03 00:38:14.638 +05:30 [INF] Received message: {"To":"vishal_varshney@hotmail.com","Subject":"Password reset request","Body":"Click the link to reset your password: \u003Ca href=\u0022https://localhost:5001/api/Auth/reset?token=96aeb82bec604da2a58662c6d40f4635\u0022\u003Ehttps://localhost:5001/api/Auth/reset?token=96aeb82bec604da2a58662c6d40f4635\u003C/a\u003E"}
2026-01-03 00:38:15.999 +05:30 [ERR] Failed to send email via SMTP
MailKit.Net.Smtp.SmtpProtocolException: The SMTP server has unexpectedly disconnected: Authentication failed: The provided authorization grant is invalid, expired, or revoked
   at MailKit.Net.Smtp.SmtpStream.ReadAheadAsync(CancellationToken cancellationToken)
   at MailKit.Net.Smtp.SmtpStream.ReadResponseAsync(CancellationToken cancellationToken)
   at MailKit.Net.Smtp.SmtpStream.SendCommandAsync(String command, CancellationToken cancellationToken)
   at MailKit.Net.Smtp.SmtpClient.SendCommandInternalAsync(String command, CancellationToken cancellationToken)
   at MailKit.Net.Smtp.SmtpClient.AuthenticateAsync(Encoding encoding, ICredentials credentials, CancellationToken cancellationToken)
   at EmailWorkerService.EmailConsumerService.SendEmail(EmailNotification email) in D:\estudy2\AI_Generated\estudy\api\EmailWorkerService\EmailConsumerService.cs:line 165
2026-01-03 00:38:16.053 +05:30 [ERR] Error processing message
MailKit.Net.Smtp.SmtpProtocolException: The SMTP server has unexpectedly disconnected: Authentication failed: The provided authorization grant is invalid, expired, or revoked
   at MailKit.Net.Smtp.SmtpStream.ReadAheadAsync(CancellationToken cancellationToken)
   at MailKit.Net.Smtp.SmtpStream.ReadResponseAsync(CancellationToken cancellationToken)
   at MailKit.Net.Smtp.SmtpStream.SendCommandAsync(String command, CancellationToken cancellationToken)
   at MailKit.Net.Smtp.SmtpClient.SendCommandInternalAsync(String command, CancellationToken cancellationToken)
   at MailKit.Net.Smtp.SmtpClient.AuthenticateAsync(Encoding encoding, ICredentials credentials, CancellationToken cancellationToken)
   at EmailWorkerService.EmailConsumerService.SendEmail(EmailNotification email) in D:\estudy2\AI_Generated\estudy\api\EmailWorkerService\EmailConsumerService.cs:line 165
   at EmailWorkerService.EmailConsumerService.<ExecuteAsync>b__6_0(Object model, BasicDeliverEventArgs ea) in D:\estudy2\AI_Generated\estudy\api\EmailWorkerService\EmailConsumerService.cs:line 97
2026-01-03 00:38:16.053 +05:30 [INF] Received message: {"To":"vishal_varshney@hotmail.com","Subject":"Password reset request","Body":"Click the link to reset your password: \u003Ca href=\u0022https://localhost:5001/api/Auth/reset?token=46cd811230fe41f897e99f87cdb7e439\u0022\u003Ehttps://localhost:5001/api/Auth/reset?token=46cd811230fe41f897e99f87cdb7e439\u003C/a\u003E"}
2026-01-03 00:38:17.510 +05:30 [ERR] Failed to send email via SMTP
MailKit.Net.Smtp.SmtpProtocolException: The SMTP server has unexpectedly disconnected: Authentication failed: The provided authorization grant is invalid, expired, or revoked
   at MailKit.Net.Smtp.SmtpStream.ReadAheadAsync(CancellationToken cancellationToken)
   at MailKit.Net.Smtp.SmtpStream.ReadResponseAsync(CancellationToken cancellationToken)
   at MailKit.Net.Smtp.SmtpStream.SendCommandAsync(String command, CancellationToken cancellationToken)
   at MailKit.Net.Smtp.SmtpClient.SendCommandInternalAsync(String command, CancellationToken cancellationToken)
   at MailKit.Net.Smtp.SmtpClient.AuthenticateAsync(Encoding encoding, ICredentials credentials, CancellationToken cancellationToken)
   at EmailWorkerService.EmailConsumerService.SendEmail(EmailNotification email) in D:\estudy2\AI_Generated\estudy\api\EmailWorkerService\EmailConsumerService.cs:line 165
2026-01-03 00:38:17.561 +05:30 [ERR] Error processing message
MailKit.Net.Smtp.SmtpProtocolException: The SMTP server has unexpectedly disconnected: Authentication failed: The provided authorization grant is invalid, expired, or revoked
   at MailKit.Net.Smtp.SmtpStream.ReadAheadAsync(CancellationToken cancellationToken)
   at MailKit.Net.Smtp.SmtpStream.ReadResponseAsync(CancellationToken cancellationToken)
   at MailKit.Net.Smtp.SmtpStream.SendCommandAsync(String command, CancellationToken cancellationToken)
   at MailKit.Net.Smtp.SmtpClient.SendCommandInternalAsync(String command, CancellationToken cancellationToken)
   at MailKit.Net.Smtp.SmtpClient.AuthenticateAsync(Encoding encoding, ICredentials credentials, CancellationToken cancellationToken)
   at EmailWorkerService.EmailConsumerService.SendEmail(EmailNotification email) in D:\estudy2\AI_Generated\estudy\api\EmailWorkerService\EmailConsumerService.cs:line 165
   at EmailWorkerService.EmailConsumerService.<ExecuteAsync>b__6_0(Object model, BasicDeliverEventArgs ea) in D:\estudy2\AI_Generated\estudy\api\EmailWorkerService\EmailConsumerService.cs:line 97
2026-01-03 00:38:17.561 +05:30 [INF] Received message: {"To":"vishal_varshney@hotmail.com","Subject":"Password reset request","Body":"Click the link to reset your password: \u003Ca href=\u0022https://localhost:5001/api/Auth/reset?token=ff17e79b693944598d7091ca80b9e795\u0022\u003Ehttps://localhost:5001/api/Auth/reset?token=ff17e79b693944598d7091ca80b9e795\u003C/a\u003E"}
2026-01-03 00:38:18.873 +05:30 [ERR] Failed to send email via SMTP
MailKit.Net.Smtp.SmtpProtocolException: The SMTP server has unexpectedly disconnected: Authentication failed: The provided authorization grant is invalid, expired, or revoked
   at MailKit.Net.Smtp.SmtpStream.ReadAheadAsync(CancellationToken cancellationToken)
   at MailKit.Net.Smtp.SmtpStream.ReadResponseAsync(CancellationToken cancellationToken)
   at MailKit.Net.Smtp.SmtpStream.SendCommandAsync(String command, CancellationToken cancellationToken)
   at MailKit.Net.Smtp.SmtpClient.SendCommandInternalAsync(String command, CancellationToken cancellationToken)
   at MailKit.Net.Smtp.SmtpClient.AuthenticateAsync(Encoding encoding, ICredentials credentials, CancellationToken cancellationToken)
   at EmailWorkerService.EmailConsumerService.SendEmail(EmailNotification email) in D:\estudy2\AI_Generated\estudy\api\EmailWorkerService\EmailConsumerService.cs:line 165
2026-01-03 00:38:18.924 +05:30 [ERR] Error processing message
MailKit.Net.Smtp.SmtpProtocolException: The SMTP server has unexpectedly disconnected: Authentication failed: The provided authorization grant is invalid, expired, or revoked
   at MailKit.Net.Smtp.SmtpStream.ReadAheadAsync(CancellationToken cancellationToken)
   at MailKit.Net.Smtp.SmtpStream.ReadResponseAsync(CancellationToken cancellationToken)
   at MailKit.Net.Smtp.SmtpStream.SendCommandAsync(String command, CancellationToken cancellationToken)
   at MailKit.Net.Smtp.SmtpClient.SendCommandInternalAsync(String command, CancellationToken cancellationToken)
   at MailKit.Net.Smtp.SmtpClient.AuthenticateAsync(Encoding encoding, ICredentials credentials, CancellationToken cancellationToken)
   at EmailWorkerService.EmailConsumerService.SendEmail(EmailNotification email) in D:\estudy2\AI_Generated\estudy\api\EmailWorkerService\EmailConsumerService.cs:line 165
   at EmailWorkerService.EmailConsumerService.<ExecuteAsync>b__6_0(Object model, BasicDeliverEventArgs ea) in D:\estudy2\AI_Generated\estudy\api\EmailWorkerService\EmailConsumerService.cs:line 97
2026-01-03 00:38:18.925 +05:30 [INF] Received message: {"To":"vishal_varshney@hotmail.com","Subject":"Password reset request","Body":"Click the link to reset your password: \u003Ca href=\u0022https://localhost:5001/api/Auth/reset?token=07042d3fbd43402fa0b11e7beee578d5\u0022\u003Ehttps://localhost:5001/api/Auth/reset?token=07042d3fbd43402fa0b11e7beee578d5\u003C/a\u003E"}
2026-01-03 00:38:20.214 +05:30 [ERR] Failed to send email via SMTP
MailKit.Net.Smtp.SmtpProtocolException: The SMTP server has unexpectedly disconnected: Authentication failed: The provided authorization grant is invalid, expired, or revoked
   at MailKit.Net.Smtp.SmtpStream.ReadAheadAsync(CancellationToken cancellationToken)
   at MailKit.Net.Smtp.SmtpStream.ReadResponseAsync(CancellationToken cancellationToken)
   at MailKit.Net.Smtp.SmtpStream.SendCommandAsync(String command, CancellationToken cancellationToken)
   at MailKit.Net.Smtp.SmtpClient.SendCommandInternalAsync(String command, CancellationToken cancellationToken)
   at MailKit.Net.Smtp.SmtpClient.AuthenticateAsync(Encoding encoding, ICredentials credentials, CancellationToken cancellationToken)
   at EmailWorkerService.EmailConsumerService.SendEmail(EmailNotification email) in D:\estudy2\AI_Generated\estudy\api\EmailWorkerService\EmailConsumerService.cs:line 165
2026-01-03 00:38:20.266 +05:30 [ERR] Error processing message
MailKit.Net.Smtp.SmtpProtocolException: The SMTP server has unexpectedly disconnected: Authentication failed: The provided authorization grant is invalid, expired, or revoked
   at MailKit.Net.Smtp.SmtpStream.ReadAheadAsync(CancellationToken cancellationToken)
   at MailKit.Net.Smtp.SmtpStream.ReadResponseAsync(CancellationToken cancellationToken)
   at MailKit.Net.Smtp.SmtpStream.SendCommandAsync(String command, CancellationToken cancellationToken)
   at MailKit.Net.Smtp.SmtpClient.SendCommandInternalAsync(String command, CancellationToken cancellationToken)
   at MailKit.Net.Smtp.SmtpClient.AuthenticateAsync(Encoding encoding, ICredentials credentials, CancellationToken cancellationToken)
   at EmailWorkerService.EmailConsumerService.SendEmail(EmailNotification email) in D:\estudy2\AI_Generated\estudy\api\EmailWorkerService\EmailConsumerService.cs:line 165
   at EmailWorkerService.EmailConsumerService.<ExecuteAsync>b__6_0(Object model, BasicDeliverEventArgs ea) in D:\estudy2\AI_Generated\estudy\api\EmailWorkerService\EmailConsumerService.cs:line 97
2026-01-03 00:38:20.267 +05:30 [INF] Received message: {"To":"vishal_varshney@hotmail.com","Subject":"Password reset request","Body":"Click the link to reset your password: \u003Ca href=\u0022https://localhost:5001/api/Auth/reset?token=96aeb82bec604da2a58662c6d40f4635\u0022\u003Ehttps://localhost:5001/api/Auth/reset?token=96aeb82bec604da2a58662c6d40f4635\u003C/a\u003E"}
2026-01-03 00:38:21.566 +05:30 [ERR] Failed to send email via SMTP
MailKit.Net.Smtp.SmtpProtocolException: The SMTP server has unexpectedly disconnected: Authentication failed: The provided authorization grant is invalid, expired, or revoked
   at MailKit.Net.Smtp.SmtpStream.ReadAheadAsync(CancellationToken cancellationToken)
   at MailKit.Net.Smtp.SmtpStream.ReadResponseAsync(CancellationToken cancellationToken)
   at MailKit.Net.Smtp.SmtpStream.SendCommandAsync(String command, CancellationToken cancellationToken)
   at MailKit.Net.Smtp.SmtpClient.SendCommandInternalAsync(String command, CancellationToken cancellationToken)
   at MailKit.Net.Smtp.SmtpClient.AuthenticateAsync(Encoding encoding, ICredentials credentials, CancellationToken cancellationToken)
   at EmailWorkerService.EmailConsumerService.SendEmail(EmailNotification email) in D:\estudy2\AI_Generated\estudy\api\EmailWorkerService\EmailConsumerService.cs:line 165
2026-01-03 00:38:21.618 +05:30 [ERR] Error processing message
MailKit.Net.Smtp.SmtpProtocolException: The SMTP server has unexpectedly disconnected: Authentication failed: The provided authorization grant is invalid, expired, or revoked
   at MailKit.Net.Smtp.SmtpStream.ReadAheadAsync(CancellationToken cancellationToken)
   at MailKit.Net.Smtp.SmtpStream.ReadResponseAsync(CancellationToken cancellationToken)
   at MailKit.Net.Smtp.SmtpStream.SendCommandAsync(String command, CancellationToken cancellationToken)
   at MailKit.Net.Smtp.SmtpClient.SendCommandInternalAsync(String command, CancellationToken cancellationToken)
   at MailKit.Net.Smtp.SmtpClient.AuthenticateAsync(Encoding encoding, ICredentials credentials, CancellationToken cancellationToken)
   at EmailWorkerService.EmailConsumerService.SendEmail(EmailNotification email) in D:\estudy2\AI_Generated\estudy\api\EmailWorkerService\EmailConsumerService.cs:line 165
   at EmailWorkerService.EmailConsumerService.<ExecuteAsync>b__6_0(Object model, BasicDeliverEventArgs ea) in D:\estudy2\AI_Generated\estudy\api\EmailWorkerService\EmailConsumerService.cs:line 97
2026-01-03 00:38:21.618 +05:30 [INF] Received message: {"To":"vishal_varshney@hotmail.com","Subject":"Password reset request","Body":"Click the link to reset your password: \u003Ca href=\u0022https://localhost:5001/api/Auth/reset?token=46cd811230fe41f897e99f87cdb7e439\u0022\u003Ehttps://localhost:5001/api/Auth/reset?token=46cd811230fe41f897e99f87cdb7e439\u003C/a\u003E"}
2026-01-03 00:38:22.913 +05:30 [ERR] Failed to send email via SMTP
MailKit.Net.Smtp.SmtpProtocolException: The SMTP server has unexpectedly disconnected: Authentication failed: The provided authorization grant is invalid, expired, or revoked
   at MailKit.Net.Smtp.SmtpStream.ReadAheadAsync(CancellationToken cancellationToken)
   at MailKit.Net.Smtp.SmtpStream.ReadResponseAsync(CancellationToken cancellationToken)
   at MailKit.Net.Smtp.SmtpStream.SendCommandAsync(String command, CancellationToken cancellationToken)
   at MailKit.Net.Smtp.SmtpClient.SendCommandInternalAsync(String command, CancellationToken cancellationToken)
   at MailKit.Net.Smtp.SmtpClient.AuthenticateAsync(Encoding encoding, ICredentials credentials, CancellationToken cancellationToken)
   at EmailWorkerService.EmailConsumerService.SendEmail(EmailNotification email) in D:\estudy2\AI_Generated\estudy\api\EmailWorkerService\EmailConsumerService.cs:line 165
2026-01-03 00:38:22.974 +05:30 [ERR] Error processing message
MailKit.Net.Smtp.SmtpProtocolException: The SMTP server has unexpectedly disconnected: Authentication failed: The provided authorization grant is invalid, expired, or revoked
   at MailKit.Net.Smtp.SmtpStream.ReadAheadAsync(CancellationToken cancellationToken)
   at MailKit.Net.Smtp.SmtpStream.ReadResponseAsync(CancellationToken cancellationToken)
   at MailKit.Net.Smtp.SmtpStream.SendCommandAsync(String command, CancellationToken cancellationToken)
   at MailKit.Net.Smtp.SmtpClient.SendCommandInternalAsync(String command, CancellationToken cancellationToken)
   at MailKit.Net.Smtp.SmtpClient.AuthenticateAsync(Encoding encoding, ICredentials credentials, CancellationToken cancellationToken)
   at EmailWorkerService.EmailConsumerService.SendEmail(EmailNotification email) in D:\estudy2\AI_Generated\estudy\api\EmailWorkerService\EmailConsumerService.cs:line 165
   at EmailWorkerService.EmailConsumerService.<ExecuteAsync>b__6_0(Object model, BasicDeliverEventArgs ea) in D:\estudy2\AI_Generated\estudy\api\EmailWorkerService\EmailConsumerService.cs:line 97
2026-01-03 00:38:22.974 +05:30 [INF] Received message: {"To":"vishal_varshney@hotmail.com","Subject":"Password reset request","Body":"Click the link to reset your password: \u003Ca href=\u0022https://localhost:5001/api/Auth/reset?token=ff17e79b693944598d7091ca80b9e795\u0022\u003Ehttps://localhost:5001/api/Auth/reset?token=ff17e79b693944598d7091ca80b9e795\u003C/a\u003E"}
2026-01-03 00:38:24.258 +05:30 [ERR] Failed to send email via SMTP
MailKit.Net.Smtp.SmtpProtocolException: The SMTP server has unexpectedly disconnected: Authentication failed: The provided authorization grant is invalid, expired, or revoked
   at MailKit.Net.Smtp.SmtpStream.ReadAheadAsync(CancellationToken cancellationToken)
   at MailKit.Net.Smtp.SmtpStream.ReadResponseAsync(CancellationToken cancellationToken)
   at MailKit.Net.Smtp.SmtpStream.SendCommandAsync(String command, CancellationToken cancellationToken)
   at MailKit.Net.Smtp.SmtpClient.SendCommandInternalAsync(String command, CancellationToken cancellationToken)
   at MailKit.Net.Smtp.SmtpClient.AuthenticateAsync(Encoding encoding, ICredentials credentials, CancellationToken cancellationToken)
   at EmailWorkerService.EmailConsumerService.SendEmail(EmailNotification email) in D:\estudy2\AI_Generated\estudy\api\EmailWorkerService\EmailConsumerService.cs:line 165
2026-01-03 00:38:24.309 +05:30 [ERR] Error processing message
MailKit.Net.Smtp.SmtpProtocolException: The SMTP server has unexpectedly disconnected: Authentication failed: The provided authorization grant is invalid, expired, or revoked
   at MailKit.Net.Smtp.SmtpStream.ReadAheadAsync(CancellationToken cancellationToken)
   at MailKit.Net.Smtp.SmtpStream.ReadResponseAsync(CancellationToken cancellationToken)
   at MailKit.Net.Smtp.SmtpStream.SendCommandAsync(String command, CancellationToken cancellationToken)
   at MailKit.Net.Smtp.SmtpClient.SendCommandInternalAsync(String command, CancellationToken cancellationToken)
   at MailKit.Net.Smtp.SmtpClient.AuthenticateAsync(Encoding encoding, ICredentials credentials, CancellationToken cancellationToken)
   at EmailWorkerService.EmailConsumerService.SendEmail(EmailNotification email) in D:\estudy2\AI_Generated\estudy\api\EmailWorkerService\EmailConsumerService.cs:line 165
   at EmailWorkerService.EmailConsumerService.<ExecuteAsync>b__6_0(Object model, BasicDeliverEventArgs ea) in D:\estudy2\AI_Generated\estudy\api\EmailWorkerService\EmailConsumerService.cs:line 97
2026-01-03 00:38:24.309 +05:30 [INF] Received message: {"To":"vishal_varshney@hotmail.com","Subject":"Password reset request","Body":"Click the link to reset your password: \u003Ca href=\u0022https://localhost:5001/api/Auth/reset?token=07042d3fbd43402fa0b11e7beee578d5\u0022\u003Ehttps://localhost:5001/api/Auth/reset?token=07042d3fbd43402fa0b11e7beee578d5\u003C/a\u003E"}
2026-01-03 00:38:25.657 +05:30 [ERR] Failed to send email via SMTP
MailKit.Net.Smtp.SmtpProtocolException: The SMTP server has unexpectedly disconnected: Authentication failed: The provided authorization grant is invalid, expired, or revoked
   at MailKit.Net.Smtp.SmtpStream.ReadAheadAsync(CancellationToken cancellationToken)
   at MailKit.Net.Smtp.SmtpStream.ReadResponseAsync(CancellationToken cancellationToken)
   at MailKit.Net.Smtp.SmtpStream.SendCommandAsync(String command, CancellationToken cancellationToken)
   at MailKit.Net.Smtp.SmtpClient.SendCommandInternalAsync(String command, CancellationToken cancellationToken)
   at MailKit.Net.Smtp.SmtpClient.AuthenticateAsync(Encoding encoding, ICredentials credentials, CancellationToken cancellationToken)
   at EmailWorkerService.EmailConsumerService.SendEmail(EmailNotification email) in D:\estudy2\AI_Generated\estudy\api\EmailWorkerService\EmailConsumerService.cs:line 165
2026-01-03 00:38:25.711 +05:30 [ERR] Error processing message
MailKit.Net.Smtp.SmtpProtocolException: The SMTP server has unexpectedly disconnected: Authentication failed: The provided authorization grant is invalid, expired, or revoked
   at MailKit.Net.Smtp.SmtpStream.ReadAheadAsync(CancellationToken cancellationToken)
   at MailKit.Net.Smtp.SmtpStream.ReadResponseAsync(CancellationToken cancellationToken)
   at MailKit.Net.Smtp.SmtpStream.SendCommandAsync(String command, CancellationToken cancellationToken)
   at MailKit.Net.Smtp.SmtpClient.SendCommandInternalAsync(String command, CancellationToken cancellationToken)
   at MailKit.Net.Smtp.SmtpClient.AuthenticateAsync(Encoding encoding, ICredentials credentials, CancellationToken cancellationToken)
   at EmailWorkerService.EmailConsumerService.SendEmail(EmailNotification email) in D:\estudy2\AI_Generated\estudy\api\EmailWorkerService\EmailConsumerService.cs:line 165
   at EmailWorkerService.EmailConsumerService.<ExecuteAsync>b__6_0(Object model, BasicDeliverEventArgs ea) in D:\estudy2\AI_Generated\estudy\api\EmailWorkerService\EmailConsumerService.cs:line 97
2026-01-03 00:38:25.711 +05:30 [INF] Received message: {"To":"vishal_varshney@hotmail.com","Subject":"Password reset request","Body":"Click the link to reset your password: \u003Ca href=\u0022https://localhost:5001/api/Auth/reset?token=96aeb82bec604da2a58662c6d40f4635\u0022\u003Ehttps://localhost:5001/api/Auth/reset?token=96aeb82bec604da2a58662c6d40f4635\u003C/a\u003E"}
2026-01-03 00:38:27.112 +05:30 [ERR] Failed to send email via SMTP
MailKit.Net.Smtp.SmtpProtocolException: The SMTP server has unexpectedly disconnected: Authentication failed: The provided authorization grant is invalid, expired, or revoked
   at MailKit.Net.Smtp.SmtpStream.ReadAheadAsync(CancellationToken cancellationToken)
   at MailKit.Net.Smtp.SmtpStream.ReadResponseAsync(CancellationToken cancellationToken)
   at MailKit.Net.Smtp.SmtpStream.SendCommandAsync(String command, CancellationToken cancellationToken)
   at MailKit.Net.Smtp.SmtpClient.SendCommandInternalAsync(String command, CancellationToken cancellationToken)
   at MailKit.Net.Smtp.SmtpClient.AuthenticateAsync(Encoding encoding, ICredentials credentials, CancellationToken cancellationToken)
   at EmailWorkerService.EmailConsumerService.SendEmail(EmailNotification email) in D:\estudy2\AI_Generated\estudy\api\EmailWorkerService\EmailConsumerService.cs:line 165
2026-01-03 00:38:27.164 +05:30 [ERR] Error processing message
MailKit.Net.Smtp.SmtpProtocolException: The SMTP server has unexpectedly disconnected: Authentication failed: The provided authorization grant is invalid, expired, or revoked
   at MailKit.Net.Smtp.SmtpStream.ReadAheadAsync(CancellationToken cancellationToken)
   at MailKit.Net.Smtp.SmtpStream.ReadResponseAsync(CancellationToken cancellationToken)
   at MailKit.Net.Smtp.SmtpStream.SendCommandAsync(String command, CancellationToken cancellationToken)
   at MailKit.Net.Smtp.SmtpClient.SendCommandInternalAsync(String command, CancellationToken cancellationToken)
   at MailKit.Net.Smtp.SmtpClient.AuthenticateAsync(Encoding encoding, ICredentials credentials, CancellationToken cancellationToken)
   at EmailWorkerService.EmailConsumerService.SendEmail(EmailNotification email) in D:\estudy2\AI_Generated\estudy\api\EmailWorkerService\EmailConsumerService.cs:line 165
   at EmailWorkerService.EmailConsumerService.<ExecuteAsync>b__6_0(Object model, BasicDeliverEventArgs ea) in D:\estudy2\AI_Generated\estudy\api\EmailWorkerService\EmailConsumerService.cs:line 97
2026-01-03 00:38:27.164 +05:30 [INF] Received message: {"To":"vishal_varshney@hotmail.com","Subject":"Password reset request","Body":"Click the link to reset your password: \u003Ca href=\u0022https://localhost:5001/api/Auth/reset?token=46cd811230fe41f897e99f87cdb7e439\u0022\u003Ehttps://localhost:5001/api/Auth/reset?token=46cd811230fe41f897e99f87cdb7e439\u003C/a\u003E"}
2026-01-03 00:38:28.629 +05:30 [ERR] Failed to send email via SMTP
MailKit.Net.Smtp.SmtpProtocolException: The SMTP server has unexpectedly disconnected: Authentication failed: The provided authorization grant is invalid, expired, or revoked
   at MailKit.Net.Smtp.SmtpStream.ReadAheadAsync(CancellationToken cancellationToken)
   at MailKit.Net.Smtp.SmtpStream.ReadResponseAsync(CancellationToken cancellationToken)
   at MailKit.Net.Smtp.SmtpStream.SendCommandAsync(String command, CancellationToken cancellationToken)
   at MailKit.Net.Smtp.SmtpClient.SendCommandInternalAsync(String command, CancellationToken cancellationToken)
   at MailKit.Net.Smtp.SmtpClient.AuthenticateAsync(Encoding encoding, ICredentials credentials, CancellationToken cancellationToken)
   at EmailWorkerService.EmailConsumerService.SendEmail(EmailNotification email) in D:\estudy2\AI_Generated\estudy\api\EmailWorkerService\EmailConsumerService.cs:line 165
2026-01-03 00:38:28.683 +05:30 [ERR] Error processing message
MailKit.Net.Smtp.SmtpProtocolException: The SMTP server has unexpectedly disconnected: Authentication failed: The provided authorization grant is invalid, expired, or revoked
   at MailKit.Net.Smtp.SmtpStream.ReadAheadAsync(CancellationToken cancellationToken)
   at MailKit.Net.Smtp.SmtpStream.ReadResponseAsync(CancellationToken cancellationToken)
   at MailKit.Net.Smtp.SmtpStream.SendCommandAsync(String command, CancellationToken cancellationToken)
   at MailKit.Net.Smtp.SmtpClient.SendCommandInternalAsync(String command, CancellationToken cancellationToken)
   at MailKit.Net.Smtp.SmtpClient.AuthenticateAsync(Encoding encoding, ICredentials credentials, CancellationToken cancellationToken)
   at EmailWorkerService.EmailConsumerService.SendEmail(EmailNotification email) in D:\estudy2\AI_Generated\estudy\api\EmailWorkerService\EmailConsumerService.cs:line 165
   at EmailWorkerService.EmailConsumerService.<ExecuteAsync>b__6_0(Object model, BasicDeliverEventArgs ea) in D:\estudy2\AI_Generated\estudy\api\EmailWorkerService\EmailConsumerService.cs:line 97
2026-01-03 00:38:28.683 +05:30 [INF] Received message: {"To":"vishal_varshney@hotmail.com","Subject":"Password reset request","Body":"Click the link to reset your password: \u003Ca href=\u0022https://localhost:5001/api/Auth/reset?token=ff17e79b693944598d7091ca80b9e795\u0022\u003Ehttps://localhost:5001/api/Auth/reset?token=ff17e79b693944598d7091ca80b9e795\u003C/a\u003E"}
2026-01-03 00:38:30.033 +05:30 [ERR] Failed to send email via SMTP
MailKit.Net.Smtp.SmtpProtocolException: The SMTP server has unexpectedly disconnected: Authentication failed: The provided authorization grant is invalid, expired, or revoked
   at MailKit.Net.Smtp.SmtpStream.ReadAheadAsync(CancellationToken cancellationToken)
   at MailKit.Net.Smtp.SmtpStream.ReadResponseAsync(CancellationToken cancellationToken)
   at MailKit.Net.Smtp.SmtpStream.SendCommandAsync(String command, CancellationToken cancellationToken)
   at MailKit.Net.Smtp.SmtpClient.SendCommandInternalAsync(String command, CancellationToken cancellationToken)
   at MailKit.Net.Smtp.SmtpClient.AuthenticateAsync(Encoding encoding, ICredentials credentials, CancellationToken cancellationToken)
   at EmailWorkerService.EmailConsumerService.SendEmail(EmailNotification email) in D:\estudy2\AI_Generated\estudy\api\EmailWorkerService\EmailConsumerService.cs:line 165
2026-01-03 00:38:30.088 +05:30 [ERR] Error processing message
MailKit.Net.Smtp.SmtpProtocolException: The SMTP server has unexpectedly disconnected: Authentication failed: The provided authorization grant is invalid, expired, or revoked
   at MailKit.Net.Smtp.SmtpStream.ReadAheadAsync(CancellationToken cancellationToken)
   at MailKit.Net.Smtp.SmtpStream.ReadResponseAsync(CancellationToken cancellationToken)
   at MailKit.Net.Smtp.SmtpStream.SendCommandAsync(String command, CancellationToken cancellationToken)
   at MailKit.Net.Smtp.SmtpClient.SendCommandInternalAsync(String command, CancellationToken cancellationToken)
   at MailKit.Net.Smtp.SmtpClient.AuthenticateAsync(Encoding encoding, ICredentials credentials, CancellationToken cancellationToken)
   at EmailWorkerService.EmailConsumerService.SendEmail(EmailNotification email) in D:\estudy2\AI_Generated\estudy\api\EmailWorkerService\EmailConsumerService.cs:line 165
   at EmailWorkerService.EmailConsumerService.<ExecuteAsync>b__6_0(Object model, BasicDeliverEventArgs ea) in D:\estudy2\AI_Generated\estudy\api\EmailWorkerService\EmailConsumerService.cs:line 97
2026-01-03 00:38:30.088 +05:30 [INF] Received message: {"To":"vishal_varshney@hotmail.com","Subject":"Password reset request","Body":"Click the link to reset your password: \u003Ca href=\u0022https://localhost:5001/api/Auth/reset?token=07042d3fbd43402fa0b11e7beee578d5\u0022\u003Ehttps://localhost:5001/api/Auth/reset?token=07042d3fbd43402fa0b11e7beee578d5\u003C/a\u003E"}
2026-01-03 00:38:31.455 +05:30 [ERR] Failed to send email via SMTP
MailKit.Net.Smtp.SmtpProtocolException: The SMTP server has unexpectedly disconnected: Authentication failed: The provided authorization grant is invalid, expired, or revoked
   at MailKit.Net.Smtp.SmtpStream.ReadAheadAsync(CancellationToken cancellationToken)
   at MailKit.Net.Smtp.SmtpStream.ReadResponseAsync(CancellationToken cancellationToken)
   at MailKit.Net.Smtp.SmtpStream.SendCommandAsync(String command, CancellationToken cancellationToken)
   at MailKit.Net.Smtp.SmtpClient.SendCommandInternalAsync(String command, CancellationToken cancellationToken)
   at MailKit.Net.Smtp.SmtpClient.AuthenticateAsync(Encoding encoding, ICredentials credentials, CancellationToken cancellationToken)
   at EmailWorkerService.EmailConsumerService.SendEmail(EmailNotification email) in D:\estudy2\AI_Generated\estudy\api\EmailWorkerService\EmailConsumerService.cs:line 165
2026-01-03 00:38:31.512 +05:30 [ERR] Error processing message
MailKit.Net.Smtp.SmtpProtocolException: The SMTP server has unexpectedly disconnected: Authentication failed: The provided authorization grant is invalid, expired, or revoked
   at MailKit.Net.Smtp.SmtpStream.ReadAheadAsync(CancellationToken cancellationToken)
   at MailKit.Net.Smtp.SmtpStream.ReadResponseAsync(CancellationToken cancellationToken)
   at MailKit.Net.Smtp.SmtpStream.SendCommandAsync(String command, CancellationToken cancellationToken)
   at MailKit.Net.Smtp.SmtpClient.SendCommandInternalAsync(String command, CancellationToken cancellationToken)
   at MailKit.Net.Smtp.SmtpClient.AuthenticateAsync(Encoding encoding, ICredentials credentials, CancellationToken cancellationToken)
   at EmailWorkerService.EmailConsumerService.SendEmail(EmailNotification email) in D:\estudy2\AI_Generated\estudy\api\EmailWorkerService\EmailConsumerService.cs:line 165
   at EmailWorkerService.EmailConsumerService.<ExecuteAsync>b__6_0(Object model, BasicDeliverEventArgs ea) in D:\estudy2\AI_Generated\estudy\api\EmailWorkerService\EmailConsumerService.cs:line 97
2026-01-03 00:38:31.512 +05:30 [INF] Received message: {"To":"vishal_varshney@hotmail.com","Subject":"Password reset request","Body":"Click the link to reset your password: \u003Ca href=\u0022https://localhost:5001/api/Auth/reset?token=96aeb82bec604da2a58662c6d40f4635\u0022\u003Ehttps://localhost:5001/api/Auth/reset?token=96aeb82bec604da2a58662c6d40f4635\u003C/a\u003E"}
2026-01-03 00:38:33.045 +05:30 [ERR] Failed to send email via SMTP
MailKit.Net.Smtp.SmtpProtocolException: The SMTP server has unexpectedly disconnected: Authentication failed: The provided authorization grant is invalid, expired, or revoked
   at MailKit.Net.Smtp.SmtpStream.ReadAheadAsync(CancellationToken cancellationToken)
   at MailKit.Net.Smtp.SmtpStream.ReadResponseAsync(CancellationToken cancellationToken)
   at MailKit.Net.Smtp.SmtpStream.SendCommandAsync(String command, CancellationToken cancellationToken)
   at MailKit.Net.Smtp.SmtpClient.SendCommandInternalAsync(String command, CancellationToken cancellationToken)
   at MailKit.Net.Smtp.SmtpClient.AuthenticateAsync(Encoding encoding, ICredentials credentials, CancellationToken cancellationToken)
   at EmailWorkerService.EmailConsumerService.SendEmail(EmailNotification email) in D:\estudy2\AI_Generated\estudy\api\EmailWorkerService\EmailConsumerService.cs:line 165
2026-01-03 00:38:33.096 +05:30 [ERR] Error processing message
MailKit.Net.Smtp.SmtpProtocolException: The SMTP server has unexpectedly disconnected: Authentication failed: The provided authorization grant is invalid, expired, or revoked
   at MailKit.Net.Smtp.SmtpStream.ReadAheadAsync(CancellationToken cancellationToken)
   at MailKit.Net.Smtp.SmtpStream.ReadResponseAsync(CancellationToken cancellationToken)
   at MailKit.Net.Smtp.SmtpStream.SendCommandAsync(String command, CancellationToken cancellationToken)
   at MailKit.Net.Smtp.SmtpClient.SendCommandInternalAsync(String command, CancellationToken cancellationToken)
   at MailKit.Net.Smtp.SmtpClient.AuthenticateAsync(Encoding encoding, ICredentials credentials, CancellationToken cancellationToken)
   at EmailWorkerService.EmailConsumerService.SendEmail(EmailNotification email) in D:\estudy2\AI_Generated\estudy\api\EmailWorkerService\EmailConsumerService.cs:line 165
   at EmailWorkerService.EmailConsumerService.<ExecuteAsync>b__6_0(Object model, BasicDeliverEventArgs ea) in D:\estudy2\AI_Generated\estudy\api\EmailWorkerService\EmailConsumerService.cs:line 97
2026-01-03 00:38:33.097 +05:30 [INF] Received message: {"To":"vishal_varshney@hotmail.com","Subject":"Password reset request","Body":"Click the link to reset your password: \u003Ca href=\u0022https://localhost:5001/api/Auth/reset?token=46cd811230fe41f897e99f87cdb7e439\u0022\u003Ehttps://localhost:5001/api/Auth/reset?token=46cd811230fe41f897e99f87cdb7e439\u003C/a\u003E"}
2026-01-03 00:38:34.399 +05:30 [ERR] Failed to send email via SMTP
MailKit.Net.Smtp.SmtpProtocolException: The SMTP server has unexpectedly disconnected: Authentication failed: The provided authorization grant is invalid, expired, or revoked
   at MailKit.Net.Smtp.SmtpStream.ReadAheadAsync(CancellationToken cancellationToken)
   at MailKit.Net.Smtp.SmtpStream.ReadResponseAsync(CancellationToken cancellationToken)
   at MailKit.Net.Smtp.SmtpStream.SendCommandAsync(String command, CancellationToken cancellationToken)
   at MailKit.Net.Smtp.SmtpClient.SendCommandInternalAsync(String command, CancellationToken cancellationToken)
   at MailKit.Net.Smtp.SmtpClient.AuthenticateAsync(Encoding encoding, ICredentials credentials, CancellationToken cancellationToken)
   at EmailWorkerService.EmailConsumerService.SendEmail(EmailNotification email) in D:\estudy2\AI_Generated\estudy\api\EmailWorkerService\EmailConsumerService.cs:line 165
2026-01-03 00:38:34.453 +05:30 [ERR] Error processing message
MailKit.Net.Smtp.SmtpProtocolException: The SMTP server has unexpectedly disconnected: Authentication failed: The provided authorization grant is invalid, expired, or revoked
   at MailKit.Net.Smtp.SmtpStream.ReadAheadAsync(CancellationToken cancellationToken)
   at MailKit.Net.Smtp.SmtpStream.ReadResponseAsync(CancellationToken cancellationToken)
   at MailKit.Net.Smtp.SmtpStream.SendCommandAsync(String command, CancellationToken cancellationToken)
   at MailKit.Net.Smtp.SmtpClient.SendCommandInternalAsync(String command, CancellationToken cancellationToken)
   at MailKit.Net.Smtp.SmtpClient.AuthenticateAsync(Encoding encoding, ICredentials credentials, CancellationToken cancellationToken)
   at EmailWorkerService.EmailConsumerService.SendEmail(EmailNotification email) in D:\estudy2\AI_Generated\estudy\api\EmailWorkerService\EmailConsumerService.cs:line 165
   at EmailWorkerService.EmailConsumerService.<ExecuteAsync>b__6_0(Object model, BasicDeliverEventArgs ea) in D:\estudy2\AI_Generated\estudy\api\EmailWorkerService\EmailConsumerService.cs:line 97
2026-01-03 00:38:34.453 +05:30 [INF] Received message: {"To":"vishal_varshney@hotmail.com","Subject":"Password reset request","Body":"Click the link to reset your password: \u003Ca href=\u0022https://localhost:5001/api/Auth/reset?token=ff17e79b693944598d7091ca80b9e795\u0022\u003Ehttps://localhost:5001/api/Auth/reset?token=ff17e79b693944598d7091ca80b9e795\u003C/a\u003E"}
2026-01-03 00:38:36.013 +05:30 [ERR] Failed to send email via SMTP
MailKit.Net.Smtp.SmtpProtocolException: The SMTP server has unexpectedly disconnected: Authentication failed: The provided authorization grant is invalid, expired, or revoked
   at MailKit.Net.Smtp.SmtpStream.ReadAheadAsync(CancellationToken cancellationToken)
   at MailKit.Net.Smtp.SmtpStream.ReadResponseAsync(CancellationToken cancellationToken)
   at MailKit.Net.Smtp.SmtpStream.SendCommandAsync(String command, CancellationToken cancellationToken)
   at MailKit.Net.Smtp.SmtpClient.SendCommandInternalAsync(String command, CancellationToken cancellationToken)
   at MailKit.Net.Smtp.SmtpClient.AuthenticateAsync(Encoding encoding, ICredentials credentials, CancellationToken cancellationToken)
   at EmailWorkerService.EmailConsumerService.SendEmail(EmailNotification email) in D:\estudy2\AI_Generated\estudy\api\EmailWorkerService\EmailConsumerService.cs:line 165
2026-01-03 00:38:36.066 +05:30 [ERR] Error processing message
MailKit.Net.Smtp.SmtpProtocolException: The SMTP server has unexpectedly disconnected: Authentication failed: The provided authorization grant is invalid, expired, or revoked
   at MailKit.Net.Smtp.SmtpStream.ReadAheadAsync(CancellationToken cancellationToken)
   at MailKit.Net.Smtp.SmtpStream.ReadResponseAsync(CancellationToken cancellationToken)
   at MailKit.Net.Smtp.SmtpStream.SendCommandAsync(String command, CancellationToken cancellationToken)
   at MailKit.Net.Smtp.SmtpClient.SendCommandInternalAsync(String command, CancellationToken cancellationToken)
   at MailKit.Net.Smtp.SmtpClient.AuthenticateAsync(Encoding encoding, ICredentials credentials, CancellationToken cancellationToken)
   at EmailWorkerService.EmailConsumerService.SendEmail(EmailNotification email) in D:\estudy2\AI_Generated\estudy\api\EmailWorkerService\EmailConsumerService.cs:line 165
   at EmailWorkerService.EmailConsumerService.<ExecuteAsync>b__6_0(Object model, BasicDeliverEventArgs ea) in D:\estudy2\AI_Generated\estudy\api\EmailWorkerService\EmailConsumerService.cs:line 97
2026-01-03 00:38:36.066 +05:30 [INF] Received message: {"To":"vishal_varshney@hotmail.com","Subject":"Password reset request","Body":"Click the link to reset your password: \u003Ca href=\u0022https://localhost:5001/api/Auth/reset?token=07042d3fbd43402fa0b11e7beee578d5\u0022\u003Ehttps://localhost:5001/api/Auth/reset?token=07042d3fbd43402fa0b11e7beee578d5\u003C/a\u003E"}
